Hierarchy Path,Main Category,Sub Category,Section,Name,Image Link,Description,Page URL,Level
Indoor Signs > Office Signs > Types > Identification Signs,Indoor Signs,Office Signs,Type,Identification Signs,https://signsny.com/wp-content/uploads/2025/09/custom-identification-signage.jpg.webp,"Room nameplates, door plaques, desk and cubicle tags, suite numbers, and ADA Braille room IDs that make every space easy to recognize.",https://signsny.com/indoor/office-signs/,3
Indoor Signs > Office Signs > Types > Informational Signs,Indoor Signs,Office Signs,Type,Informational Signs,https://signsny.com/wp-content/uploads/2025/09/custom-identification-sign-nyc.jpg.webp,,https://signsny.com/indoor/office-signs/,3
Indoor Signs > Office Signs > Types > Regulatory Signs,Indoor Signs,Office Signs,Type,Regulatory Signs,https://signsny.com/wp-content/uploads/2025/09/custom-regulatory-signage-nyc-1.jpg.webp,,https://signsny.com/indoor/office-signs/,3
Indoor Signs > Office Signs > Types > Wayfinding Signs,Indoor Signs,Office Signs,Type,Wayfinding Signs,https://signsny.com/wp-content/uploads/2025/02/custom-outdoor-wayfinding-signage-nyc-scaled.jpg.webp,,https://signsny.com/indoor/office-signs/,3
Indoor Signs > Office Signs > Types > Directory Signs,Indoor Signs,Office Signs,Type,Directory Signs,https://signsny.com/wp-content/uploads/2025/09/custom-lobby-signage-nyc.jpg.webp,,https://signsny.com/indoor/office-signs/,3
Indoor Signs > Office Signs > Types > Lobby & Reception Signs,Indoor Signs,Office Signs,Type,Lobby & Reception Signs,https://signsny.com/wp-content/uploads/2025/09/custom-pvc-signage-nyc-scaled.jpg.webp,,https://signsny.com/indoor/office-signs/,3
Indoor Signs > Office Signs > Designs > custom identification signage,Indoor Signs,Office Signs,Design,custom identification signage,https://signsny.com/wp-content/uploads/2025/09/custom-identification-signage.jpg.webp,Design showcase image from Office Signs,https://signsny.com/indoor/office-signs/,3
Indoor Signs > Office Signs > Designs > custom office door signage ny,Indoor Signs,Office Signs,Design,custom office door signage ny,https://signsny.com/wp-content/uploads/2024/12/custom-office-door-signage-ny.jpg.webp,Design showcase image from Office Signs,https://signsny.com/indoor/office-signs/,3
Indoor Signs > Office Signs > Designs > custom office signs ny,Indoor Signs,Office Signs,Design,custom office signs ny,https://signsny.com/wp-content/uploads/2024/12/custom-office-signs-ny.jpeg.webp,Design showcase image from Office Signs,https://signsny.com/indoor/office-signs/,3
Indoor Signs > Office Signs > Designs > custom office door signage,Indoor Signs,Office Signs,Design,custom office door signage,https://signsny.com/wp-content/uploads/2024/12/custom-office-door-signage.jpeg.webp,Design showcase image from Office Signs,https://signsny.com/indoor/office-signs/,3
Indoor Signs > Office Signs > Designs > best custom regulatory signs,Indoor Signs,Office Signs,Design,best custom regulatory signs,https://signsny.com/wp-content/uploads/2025/09/best-custom-regulatory-signs.jpg.webp,Design showcase image from Office Signs,https://signsny.com/indoor/office-signs/,3
Indoor Signs > Office Signs > Designs > custom office door signs,Indoor Signs,Office Signs,Design,custom office door signs,https://signsny.com/wp-content/uploads/2024/12/custom-office-door-signs.jpg.webp,Design showcase image from Office Signs,https://signsny.com/indoor/office-signs/,3
Indoor Signs > Metal Letters > Types > Flat Cut Metal,Indoor Signs,Metal Letters,Type,Flat Cut Metal,https://signsny.com/wp-content/uploads/2025/10/Flat-Cut-Metal.jpg,,https://signsny.com/indoor/metal-letters/,3
Indoor Signs > Metal Letters > Types > Cast Metal,Indoor Signs,Metal Letters,Type,Cast Metal,https://signsny.com/wp-content/uploads/2025/10/Cast-Metal.jpg,"Solid letters formed from molten metal, offering a durable, high-end, and dimensional look.",https://signsny.com/indoor/metal-letters/,3
Indoor Signs > Metal Letters > Types > Fabricated Metal,Indoor Signs,Metal Letters,Type,Fabricated Metal,https://signsny.com/wp-content/uploads/2025/10/Fabricated-Metal.jpg,"Multi-piece letters welded together for custom depth, shape, and premium architectural appeal.",https://signsny.com/indoor/metal-letters/,3
Indoor Signs > Metal Letters > Designs > metal letters 11,Indoor Signs,Metal Letters,Design,metal letters 11,https://signsny.com/wp-content/uploads/2024/11/metal-letters-11.jpg,Design showcase image from Metal Letters,https://signsny.com/indoor/metal-letters/,3
Indoor Signs > Metal Letters > Designs > custom metal letters nyc,Indoor Signs,Metal Letters,Design,custom metal letters nyc,https://signsny.com/wp-content/uploads/2025/09/custom-metal-letters-nyc.jpg,Design showcase image from Metal Letters,https://signsny.com/indoor/metal-letters/,3
Indoor Signs > Metal Letters > Designs > citi medal metal letters sign,Indoor Signs,Metal Letters,Design,citi medal metal letters sign,https://signsny.com/wp-content/uploads/2024/11/citi-medal-metal-letters-sign.jpg,Design showcase image from Metal Letters,https://signsny.com/indoor/metal-letters/,3
Indoor Signs > Metal Letters > Designs > custom metal letters ny,Indoor Signs,Metal Letters,Design,custom metal letters ny,https://signsny.com/wp-content/uploads/2025/10/custom-metal-letters-ny.jpg,Design showcase image from Metal Letters,https://signsny.com/indoor/metal-letters/,3
Indoor Signs > Metal Letters > Designs > custom metal lettering nyc,Indoor Signs,Metal Letters,Design,custom metal lettering nyc,https://signsny.com/wp-content/uploads/2025/10/custom-metal-lettering-nyc.jpg,Design showcase image from Metal Letters,https://signsny.com/indoor/metal-letters/,3
Indoor Signs > Metal Letters > Designs > custom metal lettering for walls nyc,Indoor Signs,Metal Letters,Design,custom metal lettering for walls nyc,https://signsny.com/wp-content/uploads/2025/10/custom-metal-lettering-for-walls-nyc.jpg,Design showcase image from Metal Letters,https://signsny.com/indoor/metal-letters/,3
Indoor Signs > Metal Letters > Designs > custom metal letters for wall nyc,Indoor Signs,Metal Letters,Design,custom metal letters for wall nyc,https://signsny.com/wp-content/uploads/2025/10/custom-metal-letters-for-wall-nyc.jpg,Design showcase image from Metal Letters,https://signsny.com/indoor/metal-letters/,3
Indoor Signs > Metal Letters > Designs > flushing oral surgery metal letters signs new york,Indoor Signs,Metal Letters,Design,flushing oral surgery metal letters signs new york,https://signsny.com/wp-content/uploads/2025/06/flushing-oral-surgery-metal-letters-signs-new-york.jpg,Design showcase image from Metal Letters,https://signsny.com/indoor/metal-letters/,3
Indoor Signs > Metal Letters > Designs > feedvisor metal letters,Indoor Signs,Metal Letters,Design,feedvisor metal letters,https://signsny.com/wp-content/uploads/2024/11/feedvisor-metal-letters.jpg,Design showcase image from Metal Letters,https://signsny.com/indoor/metal-letters/,3
Indoor Signs > Plastic Letters > Types > Flat Cut Acrylic,Indoor Signs,Plastic Letters,Type,Flat Cut Acrylic,https://signsny.com/wp-content/uploads/2025/10/custom-flat-cut-nyc.jpg,,https://signsny.com/indoor/plastic-letters/,3
Indoor Signs > Plastic Letters > Types > Formed Plastic,Indoor Signs,Plastic Letters,Type,Formed Plastic,https://signsny.com/wp-content/uploads/2025/10/custom-formed-plastic-nyc.jpg,"Created by molding plastic into 3D shapes with smooth, rounded edges, these letters provide a bold, dimensional look that adds depth and visual interest. Ideal for reception areas, corporate logos, and storefronts, they combine aesthetic appeal with long-lasting performance.",https://signsny.com/indoor/plastic-letters/,3
Indoor Signs > Plastic Letters > Types > Injection Molded,Indoor Signs,Plastic Letters,Type,Injection Molded,https://signsny.com/wp-content/uploads/2025/10/custom-injection-molded-nyc.jpg,"Manufactured through high-pressure injection molding, these letters are solid, extremely durable, and weather-resistant, making them perfect for high-traffic areas, outdoor signage, and long-term installations. Their consistent quality and strength ensure your brand signage remains pristine over time.",https://signsny.com/indoor/plastic-letters/,3
Indoor Signs > Plastic Letters > Designs > plastic-acrylic-letters-for-lancaster.jpg,Indoor Signs,Plastic Letters,Design,plastic-acrylic-letters-for-lancaster.jpg,https://signsny.com/wp-content/uploads/2025/07/plastic-acrylic-letters-for-lancaster.jpg,Design showcase image from Plastic Letters,https://signsny.com/indoor/plastic-letters/,3
Indoor Signs > Plastic Letters > Designs > custom molded plastic lettering nyc,Indoor Signs,Plastic Letters,Design,custom molded plastic lettering nyc,https://signsny.com/wp-content/uploads/2025/10/custom-molded-plastic-lettering-nyc.jpg,Design showcase image from Plastic Letters,https://signsny.com/indoor/plastic-letters/,3
Indoor Signs > Plastic Letters > Designs > best custom plastic letters,Indoor Signs,Plastic Letters,Design,best custom plastic letters,https://signsny.com/wp-content/uploads/2024/12/best-custom-plastic-letters.jpg,Design showcase image from Plastic Letters,https://signsny.com/indoor/plastic-letters/,3
Indoor Signs > Plastic Letters > Designs > custom molded plastic lettering ny,Indoor Signs,Plastic Letters,Design,custom molded plastic lettering ny,https://signsny.com/wp-content/uploads/2025/10/custom-molded-plastic-lettering-ny.jpg,Design showcase image from Plastic Letters,https://signsny.com/indoor/plastic-letters/,3
Indoor Signs > Plastic Letters > Designs > custom acrylic letters signs ny,Indoor Signs,Plastic Letters,Design,custom acrylic letters signs ny,https://signsny.com/wp-content/uploads/2025/10/custom-acrylic-letters-signs-ny.jpg,Design showcase image from Plastic Letters,https://signsny.com/indoor/plastic-letters/,3
Indoor Signs > Plastic Letters > Designs > Custom 3d Dimentional signages nyc,Indoor Signs,Plastic Letters,Design,Custom 3d Dimentional signages nyc,https://signsny.com/wp-content/uploads/2025/10/Custom-3d-Dimentional-signages-nyc.jpg,Design showcase image from Plastic Letters,https://signsny.com/indoor/plastic-letters/,3
Indoor Signs > Plastic Letters > Designs > business plastic letters nyc,Indoor Signs,Plastic Letters,Design,business plastic letters nyc,https://signsny.com/wp-content/uploads/2024/12/business-plastic-letters-nyc.jpg,Design showcase image from Plastic Letters,https://signsny.com/indoor/plastic-letters/,3
Indoor Signs > Plastic Letters > Designs > best custom plastic letters nyc,Indoor Signs,Plastic Letters,Design,best custom plastic letters nyc,https://signsny.com/wp-content/uploads/2025/10/best-custom-plastic-letters-nyc.jpg,Design showcase image from Plastic Letters,https://signsny.com/indoor/plastic-letters/,3
Indoor Signs > Plastic Letters > Designs > custom injection molded plastic letters nyc,Indoor Signs,Plastic Letters,Design,custom injection molded plastic letters nyc,https://signsny.com/wp-content/uploads/2025/10/custom-injection-molded-plastic-letters-nyc.jpg,Design showcase image from Plastic Letters,https://signsny.com/indoor/plastic-letters/,3
Indoor Signs > Neon Signs > Types > Open Face Neon Signs,Indoor Signs,Neon Signs,Type,Open Face Neon Signs,https://signsny.com/wp-content/uploads/2024/12/open-face-neon-signs.jpg,"Whether as part of a channel letter or forming the letters and words itself, the neon tubes in this style of sign are visible, not covered by acrylic or any other material on the sign.",https://signsny.com/indoor/neon-signs/,3
Indoor Signs > Neon Signs > Types > On Glass Neon Signs,Indoor Signs,Neon Signs,Type,On Glass Neon Signs,https://signsny.com/wp-content/uploads/2024/12/on-glass-neon-signs.jpg,,https://signsny.com/indoor/neon-signs/,3
Indoor Signs > Neon Signs > Types > Swinging Neon Signs,Indoor Signs,Neon Signs,Type,Swinging Neon Signs,https://signsny.com/wp-content/uploads/2024/12/swinging-neon-signs.jpg,,https://signsny.com/indoor/neon-signs/,3
Indoor Signs > Neon Signs > Types > Neon Letter Signs,Indoor Signs,Neon Signs,Type,Neon Letter Signs,https://signsny.com/wp-content/uploads/2024/12/neon-letter-signs.jpg,,https://signsny.com/indoor/neon-signs/,3
Indoor Signs > Neon Signs > Types > Custom Neon Signs,Indoor Signs,Neon Signs,Type,Custom Neon Signs,https://signsny.com/wp-content/uploads/2024/12/custom-neon-signs.jpg,,https://signsny.com/indoor/neon-signs/,3
Indoor Signs > Neon Signs > Types > Retro Neon Signs,Indoor Signs,Neon Signs,Type,Retro Neon Signs,https://signsny.com/wp-content/uploads/2024/12/retro-neon-signs.jpg,"If you know what you want your NYC neon sign to look like, we can make it for you. We have experience in making all kinds of signs for businesses in all kinds of industries.",https://signsny.com/indoor/neon-signs/,3
Indoor Signs > ADA Signs > Types > Directional Signs,Indoor Signs,ADA Signs,Type,Directional Signs,https://signsny.com/wp-content/uploads/2023/01/commercial-building-directional-signs-new-york.jpg,"Indicate exits, elevators, and emergency routes.",https://signsny.com/indoor/ada-signs/,3
Indoor Signs > ADA Signs > Types > Braille Restroom Signs,Indoor Signs,ADA Signs,Type,Braille Restroom Signs,https://signsny.com/wp-content/uploads/2024/12/braille-restroom-sign.jpg,Clear and accessible restroom indicators.,https://signsny.com/indoor/ada-signs/,3
Indoor Signs > ADA Signs > Types > Wayfinding Signs,Indoor Signs,ADA Signs,Type,Wayfinding Signs,https://signsny.com/wp-content/uploads/2023/01/office-wayfinding-directional-signs-nyc.jpg,Help visitors navigate your space with ease.,https://signsny.com/indoor/ada-signs/,3
Indoor Signs > ADA Signs > Types > Parking Signs,Indoor Signs,ADA Signs,Type,Parking Signs,https://signsny.com/wp-content/uploads/2024/12/parking-sign-ny.jpg,ADA-compliant reserved parking spaces.,https://signsny.com/indoor/ada-signs/,3
Indoor Signs > Aisle Signs > Types > Ceiling-Mounted Aisle Signs,Indoor Signs,Aisle Signs,Type,Ceiling-Mounted Aisle Signs,https://signsny.com/wp-content/uploads/2024/12/grocery-store-aisle-signs.jpg,"Retail, Market and Warehouse Signs",https://signsny.com/indoor/aisle-signs-markers/,3
Indoor Signs > Aisle Signs > Types > Freestanding Aisle Signs,Indoor Signs,Aisle Signs,Type,Freestanding Aisle Signs,https://signsny.com/wp-content/uploads/2024/12/grocery-store-aisle-signs.jpg,"Retail, Market and Warehouse Signs",https://signsny.com/indoor/aisle-signs-markers/,3
Indoor Signs > Aisle Signs > Types > Wall-Mounted Aisle Signs,Indoor Signs,Aisle Signs,Type,Wall-Mounted Aisle Signs,https://signsny.com/wp-content/uploads/2024/12/grocery-store-aisle-signs.jpg,"Retail, Market and Warehouse Signs",https://signsny.com/indoor/aisle-signs-markers/,3
Indoor Signs > Aisle Signs > Types > Shelf Labels and Tags,Indoor Signs,Aisle Signs,Type,Shelf Labels and Tags,https://signsny.com/wp-content/uploads/2024/12/grocery-store-aisle-signs.jpg,"Retail, Market and Warehouse Signs",https://signsny.com/indoor/aisle-signs-markers/,3
Indoor Signs > Directory Signs > Designs > next level wayfinding sign nyc,Indoor Signs,Directory Signs,Design,next level wayfinding sign nyc,https://signsny.com/wp-content/uploads/2025/02/next-level-wayfinding-sign-nyc.jpg,Design showcase image from Directory Signs,https://signsny.com/indoor/directory-signage/,3
Indoor Signs > Directory Signs > Designs > building wayfinding signs new york city,Indoor Signs,Directory Signs,Design,building wayfinding signs new york city,https://signsny.com/wp-content/uploads/2023/01/building-wayfinding-signs-new-york-city.jpg,Design showcase image from Directory Signs,https://signsny.com/indoor/directory-signage/,3
Indoor Signs > Directory Signs > Designs > office wayfinding signage nyc,Indoor Signs,Directory Signs,Design,office wayfinding signage nyc,https://signsny.com/wp-content/uploads/2023/01/office-wayfinding-signage-nyc.jpg,Design showcase image from Directory Signs,https://signsny.com/indoor/directory-signage/,3
Indoor Signs > Directory Signs > Designs > building floor number wayfinding sign,Indoor Signs,Directory Signs,Design,building floor number wayfinding sign,https://signsny.com/wp-content/uploads/2023/01/building-floor-number-wayfinding-sign.jpg,Design showcase image from Directory Signs,https://signsny.com/indoor/directory-signage/,3
Indoor Signs > Directory Signs > Designs > office wayfinding and directional signs new york city,Indoor Signs,Directory Signs,Design,office wayfinding and directional signs new york city,https://signsny.com/wp-content/uploads/2023/01/office-wayfinding-directional-signs-nyc.jpg,Design showcase image from Directory Signs,https://signsny.com/indoor/directory-signage/,3
Indoor Signs > Directory Signs > Designs > wayfinding signage guide nyc,Indoor Signs,Directory Signs,Design,wayfinding signage guide nyc,https://signsny.com/wp-content/uploads/2023/01/wayfinding-signage-guide-new-york.png,Design showcase image from Directory Signs,https://signsny.com/indoor/directory-signage/,3
Indoor Signs > Foam Letters > Types > Laminated Foam Letters,Indoor Signs,Foam Letters,Type,Laminated Foam Letters,https://signsny.com/wp-content/uploads/2025/10/custom-laminated-foam-letters-nyc.jpg,"Foam letters finished with a protective laminated face, offering a smooth, professional look with added strength.",https://signsny.com/indoor/foam-letters/,3
Indoor Signs > Foam Letters > Types > Acrylic Laminated Foam Letters,Indoor Signs,Foam Letters,Type,Acrylic Laminated Foam Letters,https://signsny.com/wp-content/uploads/2025/10/custom-acrylic-laminated-foam-letters.jpg,,https://signsny.com/indoor/foam-letters/,3
Indoor Signs > Foam Letters > Types > Metal Foil Laminated Foam Letters,Indoor Signs,Foam Letters,Type,Metal Foil Laminated Foam Letters,https://signsny.com/wp-content/uploads/2025/10/custom-metal-foil-laminated-foam-letters.jpg,Foam letters laminated with a thin metal foil to achieve a metallic appearance without the weight of solid metal.,https://signsny.com/indoor/foam-letters/,3
Indoor Signs > Foam Letters > Designs > best custom foam letters near me,Indoor Signs,Foam Letters,Design,best custom foam letters near me,https://signsny.com/wp-content/uploads/2025/10/best-custom-foam-letters-near-me.jpg,Design showcase image from Foam Letters,https://signsny.com/indoor/foam-letters/,3
Indoor Signs > Foam Letters > Designs > best custom foam letters nyc,Indoor Signs,Foam Letters,Design,best custom foam letters nyc,https://signsny.com/wp-content/uploads/2025/10/best-custom-foam-letters-nyc-1.jpg,Design showcase image from Foam Letters,https://signsny.com/indoor/foam-letters/,3
Indoor Signs > Foam Letters > Designs > best custom foam letters signs near me,Indoor Signs,Foam Letters,Design,best custom foam letters signs near me,https://signsny.com/wp-content/uploads/2025/10/best-custom-foam-letters-signs-near-me.jpg,Design showcase image from Foam Letters,https://signsny.com/indoor/foam-letters/,3
Indoor Signs > Foam Letters > Designs > custom foam letters near me,Indoor Signs,Foam Letters,Design,custom foam letters near me,https://signsny.com/wp-content/uploads/2025/10/custom-foam-letters-near-me.jpg,Design showcase image from Foam Letters,https://signsny.com/indoor/foam-letters/,3
Indoor Signs > Foam Letters > Designs > custom foam letters signage near me,Indoor Signs,Foam Letters,Design,custom foam letters signage near me,https://signsny.com/wp-content/uploads/2025/10/custom-foam-letters-signage-near-me.jpg,Design showcase image from Foam Letters,https://signsny.com/indoor/foam-letters/,3
Indoor Signs > Foam Letters > Designs > custom foam letters signage ny,Indoor Signs,Foam Letters,Design,custom foam letters signage ny,https://signsny.com/wp-content/uploads/2025/10/custom-foam-letters-signage-ny.jpg,Design showcase image from Foam Letters,https://signsny.com/indoor/foam-letters/,3
Indoor Signs > Foam Letters > Designs > custom foam letters signage nyc,Indoor Signs,Foam Letters,Design,custom foam letters signage nyc,https://signsny.com/wp-content/uploads/2025/10/custom-foam-letters-signage-nyc.jpg,Design showcase image from Foam Letters,https://signsny.com/indoor/foam-letters/,3
Indoor Signs > Foam Letters > Designs > foam letters new york city company,Indoor Signs,Foam Letters,Design,foam letters new york city company,https://signsny.com/wp-content/uploads/2024/12/foam-letters-new-york-city-company.jpg,Design showcase image from Foam Letters,https://signsny.com/indoor/foam-letters/,3
Indoor Signs > Foam Letters > Designs > Design 09,Indoor Signs,Foam Letters,Design,Design 09,https://signsny.com/wp-content/uploads/2025/10/custom-foam-letters-signs.jpg,Design showcase image from Foam Letters,https://signsny.com/indoor/foam-letters/,3
Indoor Signs > PVC Letters > Designs > best custom pvc letters nyc,Indoor Signs,PVC Letters,Design,best custom pvc letters nyc,https://signsny.com/wp-content/uploads/2025/10/best-custom-pvc-letters-nyc.jpg.webp,Design showcase image from PVC Letters,https://signsny.com/indoor/pvc-letters/,3
Indoor Signs > PVC Letters > Designs > best custom pvc signage ny,Indoor Signs,PVC Letters,Design,best custom pvc signage ny,https://signsny.com/wp-content/uploads/2025/10/best-custom-pvc-signage-ny.jpg.webp,Design showcase image from PVC Letters,https://signsny.com/indoor/pvc-letters/,3
Indoor Signs > PVC Letters > Designs > best custom pvc signage nyc,Indoor Signs,PVC Letters,Design,best custom pvc signage nyc,https://signsny.com/wp-content/uploads/2025/10/best-custom-pvc-signage-nyc.jpg.webp,Design showcase image from PVC Letters,https://signsny.com/indoor/pvc-letters/,3
Indoor Signs > PVC Letters > Designs > custom pvc lettering ny,Indoor Signs,PVC Letters,Design,custom pvc lettering ny,https://signsny.com/wp-content/uploads/2025/10/custom-pvc-lettering-ny.jpg.webp,Design showcase image from PVC Letters,https://signsny.com/indoor/pvc-letters/,3
Indoor Signs > PVC Letters > Designs > custom pvc lettering nyc,Indoor Signs,PVC Letters,Design,custom pvc lettering nyc,https://signsny.com/wp-content/uploads/2025/10/custom-pvc-lettering-nyc.jpg.webp,Design showcase image from PVC Letters,https://signsny.com/indoor/pvc-letters/,3
Indoor Signs > PVC Letters > Designs > Design 06,Indoor Signs,PVC Letters,Design,Design 06,https://signsny.com/wp-content/uploads/2025/10/custom-pvc-letters-near-me.jpg.webp,Design showcase image from PVC Letters,https://signsny.com/indoor/pvc-letters/,3
Indoor Signs > Regulatory Signs > Types > Stairwells,Indoor Signs,Regulatory Signs,Type,Stairwells,https://signsny.com/wp-content/uploads/2025/09/custom-regulatory-signage-ny.jpg,Stairwell signs guide people to safe exit routes and improve navigation during emergencies. Clear labeling ensures compliance and easy identification.,https://signsny.com/indoor/regulatory-signs/,3
Indoor Signs > Regulatory Signs > Types > Elevators,Indoor Signs,Regulatory Signs,Type,Elevators,https://signsny.com/wp-content/uploads/2025/09/custom-regulatory-signs-ny.jpg,"Elevator signs display rules, capacities, and accessibility details, keeping usage safe and organized for tenants and visitors.",https://signsny.com/indoor/regulatory-signs/,3
Indoor Signs > Regulatory Signs > Types > Fire exits,Indoor Signs,Regulatory Signs,Type,Fire exits,https://signsny.com/wp-content/uploads/2025/09/custom-regulatory-signage-1.jpg,"Fire exit signs provide clear directions during emergencies, ensuring safe evacuation and compliance with safety standards.",https://signsny.com/indoor/regulatory-signs/,3
Indoor Signs > Regulatory Signs > Types > Entryways,Indoor Signs,Regulatory Signs,Type,Entryways,https://signsny.com/wp-content/uploads/2025/09/best-custom-regulatory-signage-2.jpg,"Entryway signs mark access points, control building flow, and enhance both security and professionalism.",https://signsny.com/indoor/regulatory-signs/,3
Indoor Signs > Regulatory Signs > Designs > custom regulatory signs nyc,Indoor Signs,Regulatory Signs,Design,custom regulatory signs nyc,https://signsny.com/wp-content/uploads/2025/09/custom-regulatory-signs-nyc.jpg,Design showcase image from Regulatory Signs,https://signsny.com/indoor/regulatory-signs/,3
Indoor Signs > Regulatory Signs > Designs > custom regulatory signs ny,Indoor Signs,Regulatory Signs,Design,custom regulatory signs ny,https://signsny.com/wp-content/uploads/2025/09/custom-regulatory-signs-ny.jpg,Design showcase image from Regulatory Signs,https://signsny.com/indoor/regulatory-signs/,3
Indoor Signs > Regulatory Signs > Designs > custom regulatory signage,Indoor Signs,Regulatory Signs,Design,custom regulatory signage,https://signsny.com/wp-content/uploads/2025/09/custom-regulatory-signage-1.jpg,Design showcase image from Regulatory Signs,https://signsny.com/indoor/regulatory-signs/,3
Indoor Signs > Regulatory Signs > Designs > custom regulatory signage nyc,Indoor Signs,Regulatory Signs,Design,custom regulatory signage nyc,https://signsny.com/wp-content/uploads/2025/09/custom-regulatory-signage-nyc-1.jpg,Design showcase image from Regulatory Signs,https://signsny.com/indoor/regulatory-signs/,3
Indoor Signs > Regulatory Signs > Designs > custom regulatory signage ny,Indoor Signs,Regulatory Signs,Design,custom regulatory signage ny,https://signsny.com/wp-content/uploads/2025/09/custom-regulatory-signage-ny.jpg,Design showcase image from Regulatory Signs,https://signsny.com/indoor/regulatory-signs/,3
Indoor Signs > Regulatory Signs > Designs > best custom regulatory signs,Indoor Signs,Regulatory Signs,Design,best custom regulatory signs,https://signsny.com/wp-content/uploads/2025/09/best-custom-regulatory-signs-1.jpg,Design showcase image from Regulatory Signs,https://signsny.com/indoor/regulatory-signs/,3
Indoor Signs > Regulatory Signs > Designs > best custom regulatory signs nyc,Indoor Signs,Regulatory Signs,Design,best custom regulatory signs nyc,https://signsny.com/wp-content/uploads/2025/09/best-custom-regulatory-signs-nyc-1.jpg,Design showcase image from Regulatory Signs,https://signsny.com/indoor/regulatory-signs/,3
Indoor Signs > Regulatory Signs > Designs > best custom regulatory signs ny,Indoor Signs,Regulatory Signs,Design,best custom regulatory signs ny,https://signsny.com/wp-content/uploads/2025/09/best-custom-regulatory-signs-ny-1.jpg,Design showcase image from Regulatory Signs,https://signsny.com/indoor/regulatory-signs/,3
Indoor Signs > Regulatory Signs > Designs > best custom regulatory signage,Indoor Signs,Regulatory Signs,Design,best custom regulatory signage,https://signsny.com/wp-content/uploads/2025/09/best-custom-regulatory-signage-2.jpg,Design showcase image from Regulatory Signs,https://signsny.com/indoor/regulatory-signs/,3
Outdoor Signs > Retractable Awnings > Types > Full Cassette,Outdoor Signs,Retractable Awnings,Type,Full Cassette,https://signsny.com/wp-content/uploads/2024/12/full-cassette-awning.jpg,"In these awnings, when the awning cover is retracted or pulled back, the fabric along with the awning arms sweeps inside the metal cassette completely. It protects the fabric and arms from weather when not in use.",https://signsny.com/outdoor/retractable-awnings/,3
Outdoor Signs > Retractable Awnings > Types > Semi Cassette,Outdoor Signs,Retractable Awnings,Type,Semi Cassette,https://signsny.com/wp-content/uploads/2024/12/semi-cassette-awning.jpg,"In these awnings, the fabric and awning arms are just partially covered by the metal cassette. It is between full cassette and open awning. It is a good choice for somewhat more sheltered areas.",https://signsny.com/outdoor/retractable-awnings/,3
Outdoor Signs > Retractable Awnings > Types > Motorized Awnings,Outdoor Signs,Retractable Awnings,Type,Motorized Awnings,https://signsny.com/wp-content/uploads/2023/01/motorized-retractable-awnings-new-york.jpg,These are easy to use as they have a motor attached to them which operates when connected to electricity. It gives you options to retract the awning either with a switch or remote control. These are mostly used for commercial purposes especially by big open-area restaurants.,https://signsny.com/outdoor/retractable-awnings/,3
Outdoor Signs > Retractable Awnings > Types > Open,Outdoor Signs,Retractable Awnings,Type,Open,https://signsny.com/wp-content/uploads/2024/12/opn-awning.jpg,It doesn’t have any metal cassette enclosure to protect the fabric when not in use. It is a good option for sheltered areas or areas where weather isn’t that harsh.,https://signsny.com/outdoor/retractable-awnings/,3
Outdoor Signs > Retractable Awnings > Types > Manual,Outdoor Signs,Retractable Awnings,Type,Manual,https://signsny.com/wp-content/uploads/2024/12/manual-awning.jpg,"You can retract the cover manually by hand. For this purpose, there are winding handles attached to the metal bar of the awnings. You wind them and the cover gets retracted to the cassette.",https://signsny.com/outdoor/retractable-awnings/,3
Outdoor Signs > Vestibules > Designs > commercial winter vestibules for businesses,Outdoor Signs,Vestibules,Design,commercial winter vestibules for businesses,https://signsny.com/wp-content/uploads/2025/04/commercial-winter-vestibules-for-businesses.jpg,Design showcase image from Vestibules,https://signsny.com/outdoor/winter-vestibules/,3
Outdoor Signs > Vestibules > Designs > vestibule pink new jersey,Outdoor Signs,Vestibules,Design,vestibule pink new jersey,https://signsny.com/wp-content/uploads/2025/04/vestibule-pink-new-jersey.jpg,Design showcase image from Vestibules,https://signsny.com/outdoor/winter-vestibules/,3
Outdoor Signs > Vestibules > Designs > vestibules building and installation,Outdoor Signs,Vestibules,Design,vestibules building and installation,https://signsny.com/wp-content/uploads/2025/04/vestibules-building-and-installation.jpg,Design showcase image from Vestibules,https://signsny.com/outdoor/winter-vestibules/,3
Outdoor Signs > Vestibules > Designs > outdoor winter vestibule for raclette,Outdoor Signs,Vestibules,Design,outdoor winter vestibule for raclette,https://signsny.com/wp-content/uploads/2025/04/outdoor-winte-vestibuel-for-raclette.jpg,Design showcase image from Vestibules,https://signsny.com/outdoor/winter-vestibules/,3
Outdoor Signs > Vestibules > Designs > best vestibules in newyork,Outdoor Signs,Vestibules,Design,best vestibules in newyork,https://signsny.com/wp-content/uploads/2025/06/best-vestibules-in-newyork.jpg,Design showcase image from Vestibules,https://signsny.com/outdoor/winter-vestibules/,3
Outdoor Signs > Vestibules > Designs > outdoor-vestibule-for-dentistry.jpg,Outdoor Signs,Vestibules,Design,outdoor-vestibule-for-dentistry.jpg,https://signsny.com/wp-content/uploads/2025/04/outdoor-vestibule-for-dentistry.jpg,Design showcase image from Vestibules,https://signsny.com/outdoor/winter-vestibules/,3
Outdoor Signs > Vestibules > Designs > social justice vestibules in newyork,Outdoor Signs,Vestibules,Design,social justice vestibules in newyork,https://signsny.com/wp-content/uploads/2025/06/social-justice-vestibules-in-newyork.jpg,Design showcase image from Vestibules,https://signsny.com/outdoor/winter-vestibules/,3
Outdoor Signs > Vestibules > Designs > Blue temporary vestibule in nyc,Outdoor Signs,Vestibules,Design,Blue temporary vestibule in nyc,https://signsny.com/wp-content/uploads/2025/11/Blue-temporary-vestibule-in-nyc.jpg,Design showcase image from Vestibules,https://signsny.com/outdoor/winter-vestibules/,3
Outdoor Signs > Vestibules > Designs > winter entrance enclosure for restaurant nyc,Outdoor Signs,Vestibules,Design,winter entrance enclosure for restaurant nyc,https://signsny.com/wp-content/uploads/2025/11/winter-entrance-enclosure-for-restaurant-nyc.jpg,Design showcase image from Vestibules,https://signsny.com/outdoor/winter-vestibules/,3
Outdoor Signs > Blade Signs > Designs > outdoor square blade signs,Outdoor Signs,Blade Signs,Design,outdoor square blade signs,https://signsny.com/wp-content/uploads/2026/04/outdoor-square-blade-signs.jpg,Design showcase image from Blade Signs,https://signsny.com/outdoor/blade-signs/,3
Outdoor Signs > Blade Signs > Designs > Flat Panel Blade Signs,Outdoor Signs,Blade Signs,Design,Flat Panel Blade Signs,https://signsny.com/wp-content/uploads/2026/04/Flat-Panel-Blade-Signs.jpg,Design showcase image from Blade Signs,https://signsny.com/outdoor/blade-signs/,3
Outdoor Signs > Blade Signs > Designs > Custom Die-Cut Aluminum blade signs,Outdoor Signs,Blade Signs,Design,Custom Die-Cut Aluminum blade signs,https://signsny.com/wp-content/uploads/2026/04/Custom-Die-Cut-Aluminum-blade-signs.jpg,Design showcase image from Blade Signs,https://signsny.com/outdoor/blade-signs/,3
Outdoor Signs > Blade Signs > Designs > Non illuminated Blade signs,Outdoor Signs,Blade Signs,Design,Non illuminated Blade signs,https://signsny.com/wp-content/uploads/2026/04/Non-illuminated-Blade-signs.jpg,Design showcase image from Blade Signs,https://signsny.com/outdoor/blade-signs/,3
Outdoor Signs > Blade Signs > Designs > illuminated blade signs nyc,Outdoor Signs,Blade Signs,Design,illuminated blade signs nyc,https://signsny.com/wp-content/uploads/2026/04/illuminated-blade-signs-nyc-1.jpg,Design showcase image from Blade Signs,https://signsny.com/outdoor/blade-signs/,3
Outdoor Signs > Blade Signs > Designs > Dimensional Letter Blade signs,Outdoor Signs,Blade Signs,Design,Dimensional Letter Blade signs,https://signsny.com/wp-content/uploads/2026/04/Dimensional-Letter-Blade-signs.jpg,Design showcase image from Blade Signs,https://signsny.com/outdoor/blade-signs/,3
Outdoor Signs > Blade Signs > Designs > outdoor blade swinging sign in manhattan,Outdoor Signs,Blade Signs,Design,outdoor blade swinging sign in manhattan,https://signsny.com/wp-content/uploads/2026/03/custom-blade-signage-for-jewelry-shops.jpg,Design showcase image from Blade Signs,https://signsny.com/outdoor/blade-signs/,3
Outdoor Signs > Blade Signs > Designs > custom blade signs ny,Outdoor Signs,Blade Signs,Design,custom blade signs ny,https://signsny.com/wp-content/uploads/2025/11/custom-blade-signs-ny.jpg,Design showcase image from Blade Signs,https://signsny.com/outdoor/blade-signs/,3
Outdoor Signs > Aluminum Metal Signs > Types > Flat Sign Without Frame,Outdoor Signs,Aluminum Metal Signs,Type,Flat Sign Without Frame,https://signsny.com/wp-content/uploads/2024/12/flat-signs-without-frame.jpg,"Sleek, unbordered signage option that offers a modern, minimalistic look, directly mounted onto a surface.",https://signsny.com/outdoor/flat-metal-signs/,3
Outdoor Signs > Aluminum Metal Signs > Types > Flat Sign with Frame,Outdoor Signs,Aluminum Metal Signs,Type,Flat Sign with Frame,https://signsny.com/wp-content/uploads/2024/12/flat-sign-with-frame.jpg,"Incorporates a border around the signage, enhancing its visual appeal and structure, and often aids in durability and installation.",https://signsny.com/outdoor/flat-metal-signs/,3
Outdoor Signs > Aluminum Metal Signs > Types > Tin Signs,Outdoor Signs,Aluminum Metal Signs,Type,Tin Signs,https://signsny.com/wp-content/uploads/2024/12/tin-metal-signs-nyc.jpg,These signs are evocative of retro signs. You can get them in custom different designs and colors. You can also get them painted.,https://signsny.com/outdoor/flat-metal-signs/,3
Outdoor Signs > Channel Letters > Types > Front-Lit Channel Letters,Outdoor Signs,Channel Letters,Type,Front-Lit Channel Letters,https://signsny.com/wp-content/uploads/2024/12/yellow-channel-letters.jpg,"The most popular option, featuring illumination from the front face for vibrant visibility.",https://signsny.com/outdoor/channel-letters/,3
Outdoor Signs > Channel Letters > Types > Back-Lit Channel Letters,Outdoor Signs,Channel Letters,Type,Back-Lit Channel Letters,https://signsny.com/wp-content/uploads/2024/12/claires-channel-letter-nyc.jpg,"Also known as halo-lit signs, these create a soft, glowing effect behind each letter for a sophisticated look.",https://signsny.com/outdoor/channel-letters/,3
Outdoor Signs > Channel Letters > Types > Combination-Lit Channel Letters,Outdoor Signs,Channel Letters,Type,Combination-Lit Channel Letters,https://signsny.com/wp-content/uploads/2024/12/commercial-channel-letters.jpg,A mix of front and back-lit illumination for maximum impact and creativity.,https://signsny.com/outdoor/channel-letters/,3
Outdoor Signs > Channel Letters > Types > Open Face Channel Letters,Outdoor Signs,Channel Letters,Type,Open Face Channel Letters,https://signsny.com/wp-content/uploads/2025/07/dream-town-real-estate-backlit-channel-letter.jpg,"These expose the internal lighting, typically neon or LEDs, for a retro or striking appearance.",https://signsny.com/outdoor/channel-letters/,3
Outdoor Signs > Lollipop Signs > Types > Circular Handheld Paddle,Outdoor Signs,Lollipop Signs,Type,Circular Handheld Paddle,https://signsny.com/wp-content/uploads/2024/12/custom-lollipop-sign-nyc.jpeg,Round paddles designed for visibility in traffic and event settings.,https://signsny.com/outdoor/lollipop-signs/,3
Outdoor Signs > Lollipop Signs > Types > Ergonomic Handheld Paddle,Outdoor Signs,Lollipop Signs,Type,Ergonomic Handheld Paddle,https://signsny.com/wp-content/uploads/2024/12/Stop-lollipop-signs-nyc.png,Comfortable grip paddles for extended use in busy environments.Size: 11 in x 16 inAvailable in Stock,https://signsny.com/outdoor/lollipop-signs/,3
Outdoor Signs > Lollipop Signs > Types > Oval Hand Paddles,Outdoor Signs,Lollipop Signs,Type,Oval Hand Paddles,https://signsny.com/wp-content/uploads/2024/12/gilded-ritual-lollipop-sign-nyc.png,"Elegant oval paddles for clear, stylish communication and branding.Size: 11 in x 14 inAvailable in Stock",https://signsny.com/outdoor/lollipop-signs/,3
Outdoor Signs > Lollipop Signs > Types > Hand Held Square Paddle,Outdoor Signs,Lollipop Signs,Type,Hand Held Square Paddle,https://signsny.com/wp-content/uploads/2024/12/fast-forward-lollipop-sign-nyc.png,Versatile square paddles for traffic control and promotional events.Size: 11 in x 12 inAvailable in Stock,https://signsny.com/outdoor/lollipop-signs/,3
Outdoor Signs > Lollipop Signs > Types > Oblong Handheld Paddle,Outdoor Signs,Lollipop Signs,Type,Oblong Handheld Paddle,https://signsny.com/wp-content/uploads/2024/12/handheld-lollipop-sign-nyc.png,Sleek oblong paddles perfect for directional and safety messaging.Size: 10 in x 12 inAvailable in Stock,https://signsny.com/outdoor/lollipop-signs/,3
Outdoor Signs > Lollipop Signs > Types > Long Hand Held Signs,Outdoor Signs,Lollipop Signs,Type,Long Hand Held Signs,https://signsny.com/wp-content/uploads/2024/12/brooklyn-kura-lollipop-sign.png,Elongated signs offering high visibility for messages and directions.Size: 8.5 in x 25 inAvailable in Stock,https://signsny.com/outdoor/lollipop-signs/,3
Outdoor Signs > Sidewalk Barriers > Designs > sidewalk cafe barriers nyc,Outdoor Signs,Sidewalk Barriers,Design,sidewalk cafe barriers nyc,https://signsny.com/wp-content/uploads/2026/05/sidewalk-cafe-barriers-nyc.jpg,Design showcase image from Sidewalk Barriers,https://signsny.com/outdoor/sidewalk-barriers/,3
Outdoor Signs > Sidewalk Barriers > Designs > sidewalk cafe barriers ny,Outdoor Signs,Sidewalk Barriers,Design,sidewalk cafe barriers ny,https://signsny.com/wp-content/uploads/2026/05/sidewalk-cafe-barriers-ny.jpg,Design showcase image from Sidewalk Barriers,https://signsny.com/outdoor/sidewalk-barriers/,3
Outdoor Signs > Sidewalk Barriers > Designs > restaurant sidewalk barriers nyc,Outdoor Signs,Sidewalk Barriers,Design,restaurant sidewalk barriers nyc,https://signsny.com/wp-content/uploads/2026/05/restaurant-sidewalk-barriers-nyc.jpg,Design showcase image from Sidewalk Barriers,https://signsny.com/outdoor/sidewalk-barriers/,3
Outdoor Signs > Sidewalk Barriers > Designs > restaurant sidewalk barriers ny,Outdoor Signs,Sidewalk Barriers,Design,restaurant sidewalk barriers ny,https://signsny.com/wp-content/uploads/2026/05/restaurant-sidewalk-barriers-ny.jpg,Design showcase image from Sidewalk Barriers,https://signsny.com/outdoor/sidewalk-barriers/,3
Outdoor Signs > Sidewalk Barriers > Designs > custom sidewalk cafe barriers ny,Outdoor Signs,Sidewalk Barriers,Design,custom sidewalk cafe barriers ny,https://signsny.com/wp-content/uploads/2026/06/custom-sidewalk-cafe-barriers-ny.jpg,Design showcase image from Sidewalk Barriers,https://signsny.com/outdoor/sidewalk-barriers/,3
Outdoor Signs > Sidewalk Barriers > Designs > sidewalk cafe barriers nyc,Outdoor Signs,Sidewalk Barriers,Design,sidewalk cafe barriers nyc,https://signsny.com/wp-content/uploads/2026/06/sidewalk-cafe-barriers-nyc.jpg,Design showcase image from Sidewalk Barriers,https://signsny.com/outdoor/sidewalk-barriers/,3
Outdoor Signs > Sidewalk Barriers > Designs > custom restaurant fencing nyc,Outdoor Signs,Sidewalk Barriers,Design,custom restaurant fencing nyc,https://signsny.com/wp-content/uploads/2026/06/custom-restaurant-fencing-nyc.jpg,Design showcase image from Sidewalk Barriers,https://signsny.com/outdoor/sidewalk-barriers/,3
Outdoor Signs > Sidewalk Barriers > Designs > restaurant fencing nyc,Outdoor Signs,Sidewalk Barriers,Design,restaurant fencing nyc,https://signsny.com/wp-content/uploads/2026/06/restaurant-fencing-nyc.jpg,Design showcase image from Sidewalk Barriers,https://signsny.com/outdoor/sidewalk-barriers/,3
Outdoor Signs > Solaray Sequin Signs > Types > Billboard Sequin Signs,Outdoor Signs,Solaray Sequin Signs,Type,Billboard Sequin Signs,https://signsny.com/wp-content/uploads/2024/12/Bonnaroo-sequin-signs.jpg,Interactive Glam for Bold Brands,https://signsny.com/outdoor/solaray-sequin-signs/,3
Outdoor Signs > Solaray Sequin Signs > Types > Storefront Sequin Signs,Outdoor Signs,Solaray Sequin Signs,Type,Storefront Sequin Signs,https://signsny.com/wp-content/uploads/2024/12/Bonnaroo-sequin-signs.jpg,Interactive Glam for Bold Brands,https://signsny.com/outdoor/solaray-sequin-signs/,3
Outdoor Signs > Solaray Sequin Signs > Types > Indoor Sequin Wall Signs,Outdoor Signs,Solaray Sequin Signs,Type,Indoor Sequin Wall Signs,https://signsny.com/wp-content/uploads/2024/12/Bonnaroo-sequin-signs.jpg,Interactive Glam for Bold Brands,https://signsny.com/outdoor/solaray-sequin-signs/,3
Outdoor Signs > Solaray Sequin Signs > Types > Backdrops Sequin Signs,Outdoor Signs,Solaray Sequin Signs,Type,Backdrops Sequin Signs,https://signsny.com/wp-content/uploads/2024/12/Bonnaroo-sequin-signs.jpg,Interactive Glam for Bold Brands,https://signsny.com/outdoor/solaray-sequin-signs/,3
Construction Signs > Work in Progress Signs > Types > WIP Sign: Residential,Construction Signs,Work in Progress Signs,Type,WIP Sign: Residential,https://signsny.com/wp-content/uploads/2025/06/residental-work-in-progress-signs-nyc-1.jpg,A work in progress sign is intended to keep everyone informed of a construction project or roadside repair while it is in process. These are important in high-traffic areas or when ongoing work poses a risk.,https://signsny.com/construction-signs/work-in-progress/,3
Construction Signs > Work in Progress Signs > Types > WIP Sign: Commercial,Construction Signs,Work in Progress Signs,Type,WIP Sign: Commercial,https://signsny.com/wp-content/uploads/2025/06/commercial-work-in-progress.jpg,A work in progress sign is intended to keep everyone informed of a construction project or roadside repair while it is in process. These are important in high-traffic areas or when ongoing work poses a risk.,https://signsny.com/construction-signs/work-in-progress/,3
Construction Signs > Work in Progress Signs > Types > Work in Progress Demolition,Construction Signs,Work in Progress Signs,Type,Work in Progress Demolition,https://signsny.com/wp-content/uploads/2025/06/demolition-work-in-progress-1.jpg,"A Demolition sign is used to notify passers-by that a site/building is scheduled for demolition so the people are informed of disturbances such as loud sounds, road closures, disruptions in electrical supply, etc.",https://signsny.com/construction-signs/work-in-progress/,3
Construction Signs > Work in Progress Signs > Types > DOB Informational Panel,Construction Signs,Work in Progress Signs,Type,DOB Informational Panel,https://signsny.com/wp-content/uploads/2025/06/osha-dob-sign.jpg,"Construction Site Panel signs contain important information that is essential for both business and legal purposes, for instance, details of the contractor and the project name and a visual depiction of the final result.",https://signsny.com/construction-signs/work-in-progress/,3
Construction Signs > Work in Progress Signs > Types > OSHA 30 HR DOB Required Construction Sign,Construction Signs,Work in Progress Signs,Type,OSHA 30 HR DOB Required Construction Sign,https://signsny.com/wp-content/uploads/2025/06/osha-dob-informational-sign.jpg,The “OSHA 30-Hour DOB Required Construction Sign” is displayed at construction sites to indicate that workers must have completed the OSHA 30-Hour training as mandated by the New York City Department of Buildings (DOB). The sign serves as both a legal requirement and a safety measure.,https://signsny.com/construction-signs/work-in-progress/,3
Construction Signs > Work in Progress Signs > Types > Site Safety Sign - Spanish,Construction Signs,Work in Progress Signs,Type,Site Safety Sign - Spanish,https://signsny.com/wp-content/uploads/2025/06/sst-spanish.jpg,"Site Safety training signs ensure worker safety before entering a risk zone, such as signs indicating a heavy machinery zone, harmful chemical regions, wearing safety shoes, slippery floor indicators, etc.",https://signsny.com/construction-signs/work-in-progress/,3
Construction Signs > Work in Progress Signs > Types > HCR Project Sign Panel Sign,Construction Signs,Work in Progress Signs,Type,HCR Project Sign Panel Sign,https://signsny.com/wp-content/uploads/2025/06/hcr.jpg,All projects receiving funding from New York State Homes and Community Renewal shall post a Project Sign at the project construction site(s) complying with the HCR Project Sign Specifications and Templates,https://signsny.com/construction-signs/work-in-progress/,3
Construction Signs > Sidewalk Closed Signs > Types > Sidewalk Closed Sign,Construction Signs,Sidewalk Closed Signs,Type,Sidewalk Closed Sign,https://signsny.com/wp-content/uploads/2025/06/sidewalk-closed-sign-nyc.jpg,"These signs notify pedestrians of approaching sidewalk or crosswalk closures and advise them to a safe crossing point, they should comply with MUTCD standards.",https://signsny.com/construction-signs/sidewalk-closed/,3
Construction Signs > Sidewalk Closed Signs > Types > Cross Here sign,Construction Signs,Sidewalk Closed Signs,Type,Cross Here sign,https://signsny.com/wp-content/uploads/2025/06/cross-here-signs-new-york-city.jpg,"The Cross Here sign is excellent for keeping your construction sites safe, with clear and strong wording, this sign guides pedestrians to a safe path.",https://signsny.com/construction-signs/sidewalk-closed/,3
Construction Signs > Sidewalk Closed Signs > Types > Pedestrian Crosswalk Signs,Construction Signs,Sidewalk Closed Signs,Type,Pedestrian Crosswalk Signs,https://signsny.com/wp-content/uploads/2025/06/best-pedestrian-crosswalk-signs-nyc.webp,Available thickness: 1/8″ – 3/16″ – 1/4″ – 3/8″ and thicker Letter height: 1/2″ – 48″ Custom color option available,https://signsny.com/construction-signs/sidewalk-closed/,3
Construction Signs > Sidewalk Closed Signs > Types > Use Other Side Sign,Construction Signs,Sidewalk Closed Signs,Type,Use Other Side Sign,https://signsny.com/wp-content/uploads/2025/06/use-other-side-signs-nyc.jpg,These signs are made with retro-reflective diamond grade sheeting to meet MUTCD criteria and guides people to the other side of the street because the sidewalk is closed.,https://signsny.com/construction-signs/sidewalk-closed/,3
Construction Signs > Sidewalk Closed Signs > Types > Use Walkway Sign,Construction Signs,Sidewalk Closed Signs,Type,Use Walkway Sign,https://signsny.com/wp-content/uploads/2025/06/use-walkway-signs-nyc.webp,"The official ANSI headers on a Walkway Closed Use Open Walkways Sign ensure safety procedure and compliance, it is useful for protecting personnel’s safety.",https://signsny.com/construction-signs/sidewalk-closed/,3
Construction Signs > Road Closed Signs > Types > Mutch Reflective Signs,Construction Signs,Road Closed Signs,Type,Mutch Reflective Signs,https://signsny.com/wp-content/uploads/2025/06/road-under-construction-bike-lane-signs-nyc.jpg,"Reflective signage is easily seen at night. MUTCH reflective signs are perhaps some of the most visible, with bright material that shines with only minimal lighting.",https://signsny.com/construction-signs/road-closed/,3
Construction Signs > Road Closed Signs > Types > Utility Worker Signs,Construction Signs,Road Closed Signs,Type,Utility Worker Signs,https://signsny.com/wp-content/uploads/2025/06/utility-workers-ahead-closed-signs.jpg,Warning drivers that workers are nearby and that they’re working on potentially critical infrastructure is important. Signs NYC can help you create these signs.,https://signsny.com/construction-signs/road-closed/,3
Construction Signs > Road Closed Signs > Types > Road Closed Signs with Dates,Construction Signs,Road Closed Signs,Type,Road Closed Signs with Dates,https://signsny.com/wp-content/uploads/2025/06/road-closed-information-signs.jpg,Often it’s important to help motorists prepare for their commutes. Road closed signs with dates tell those passing by when to expect the roads will be closed and open.,https://signsny.com/construction-signs/road-closed/,3
Construction Signs > Road Closed Signs > Types > Use Walkway Signs,Construction Signs,Road Closed Signs,Type,Use Walkway Signs,https://signsny.com/wp-content/uploads/2025/06/road-informational-safety-signs.jpg,Letting others know when to use a walkway – or when a walkway is closed – is critical for keeping unprotected bikers and pedestrians safe.,https://signsny.com/construction-signs/road-closed/,3
Construction Signs > Road Closed Signs > Types > Lane Closed Signs and Merge Signs,Construction Signs,Road Closed Signs,Type,Lane Closed Signs and Merge Signs,https://signsny.com/wp-content/uploads/2025/06/lane-closed-arrow-road-signs.jpg,"For the safety of both construction workers and motorists, having clear and detailed lane closed signs and merge signs helps keep drivers away from work areas.",https://signsny.com/construction-signs/road-closed/,3
Building Signs > Boiler Room Signs > Types > Boiler Room Door Sign,Building Signs,Boiler Room Signs,Type,Boiler Room Door Sign,https://signsny.com/wp-content/uploads/2025/06/boiler-room-sign.jpg,Mark the Boiler Room door with a bold and vibrant sign that is highly visible and is a simple and effective way to alert people about safety.,https://signsny.com/building/boiler-room/,3
Building Signs > Boiler Room Signs > Types > Oil Tank Capacity Sign,Building Signs,Boiler Room Signs,Type,Oil Tank Capacity Sign,https://signsny.com/wp-content/uploads/2025/06/boiler-room-oil-tank-capacity-sign.jpg,Oil Tank capacity signs are critical to display the required information about the capacity of the tank so that the workers are well aware of it.,https://signsny.com/building/boiler-room/,3
Building Signs > Boiler Room Signs > Types > Boiler Manufacturer Sign,Building Signs,Boiler Room Signs,Type,Boiler Manufacturer Sign,https://signsny.com/wp-content/uploads/2025/06/boiler-manufacturer-sign.jpg,The boiler manufacturer signs are usually used to display the name of the boiler manufacturer and the type and model of the boiler.,https://signsny.com/building/boiler-room/,3
Building Signs > Boiler Room Signs > Types > Keys To Boiler Room,Building Signs,Boiler Room Signs,Type,Keys To Boiler Room,https://signsny.com/wp-content/uploads/2025/06/remote-control-for-oil-burner-sign.jpg,"A sign that displays the information about the person with the boiler room key is required at two locations, one near the door, and one near the boiler room.",https://signsny.com/building/boiler-room/,3
Building Signs > Boiler Room Signs > Types > Shut-Off Switch,Building Signs,Boiler Room Signs,Type,Shut-Off Switch,https://signsny.com/wp-content/uploads/2025/06/main-electrical-shut-off-sign.jpg,The shut-off switch sign is very necessary in a high-risk zone so in case of emergency the people could easily locate the shut-off switch.,https://signsny.com/building/boiler-room/,3
Building Signs > Boiler Room Signs > Types > Keep Authorized Personnel Sign,Building Signs,Boiler Room Signs,Type,Keep Authorized Personnel Sign,https://signsny.com/wp-content/uploads/2025/06/Boiler-Room-Door-Sign.jpg,Use this sign to keep unauthorized visitors out of the area as they are visible and extremely effective for complying with state laws.,https://signsny.com/building/boiler-room/,3
Building Signs > Fire Safety Signs > Types > Fire Extinguisher,Building Signs,Fire Safety Signs,Type,Fire Extinguisher,https://signsny.com/wp-content/uploads/2025/06/fire-extinguisher-signs-new-york.jpg,These often feature a directional arrow for even easier navigation.,https://signsny.com/building/fire-safety/,3
Building Signs > Fire Safety Signs > Types > Sprinkler System,Building Signs,Fire Safety Signs,Type,Sprinkler System,https://signsny.com/wp-content/uploads/2025/06/building-sprinkler-system-fire-safety-signs.jpg,"Most buildings are also required to have a sprinkler system to curb fires more quickly. These signs can let people know if that system is automatic, have an automatic shut off, if there is no sprinkler system, and more.",https://signsny.com/building/fire-safety/,3
Building Signs > Fire Safety Signs > Types > Emergency Exits,Building Signs,Fire Safety Signs,Type,Emergency Exits,https://signsny.com/wp-content/uploads/2025/06/emergency-exit-fire-safety-signs.jpg,"Posted on the doors of emergency exits, these signs keep people from exiting unless it’s an emergency like a fire and/or inform them of an alarm that will go off if it’s opened.",https://signsny.com/building/fire-safety/,3
Building Signs > Fire Safety Signs > Types > Fire Hose/Fire Pump Room,Building Signs,Fire Safety Signs,Type,Fire Hose/Fire Pump Room,https://signsny.com/wp-content/uploads/2025/06/fire-pump-room-safety-signs.jpg,"These let emergency personnel know where a fire hose is to begin addressing the fire and where the sprinkler system’s water supply is, respectively.",https://signsny.com/building/fire-safety/,3
Building Signs > Fire Safety Signs > Types > Fire Door,Building Signs,Fire Safety Signs,Type,Fire Door,https://signsny.com/wp-content/uploads/2025/06/fire-door-closed-safety-signs.jpg,"Certain doors between building floors are usually kept closed when not being moved through, to prevent the rapid spread of fire. This sign keeps people from propping it open.",https://signsny.com/building/fire-safety/,3
Building Signs > Fire Safety Signs > Types > Smoke Detector,Building Signs,Fire Safety Signs,Type,Smoke Detector,https://signsny.com/wp-content/uploads/2025/06/smoke-detector-safety-signs-new-york.jpg,This sign assures room occupants that smoke detectors are installed and in good working order in designated locations.,https://signsny.com/building/fire-safety/,3
Building Signs > Safety Signs > Types > No Trespassing Signs,Building Signs,Safety Signs,Type,No Trespassing Signs,https://signsny.com/wp-content/uploads/2025/06/no-trespassing-construction-site-warning-signs.jpg,"The site safety rules imply putting up these signs as a useful tool for protecting personnel’s health and safety, it warns about an unauthorized entry in an area.",https://signsny.com/building/safety/,3
Building Signs > Safety Signs > Types > Hard Hat area sign,Building Signs,Safety Signs,Type,Hard Hat area sign,https://signsny.com/wp-content/uploads/2025/06/hard-hat-area-caution-safety-signs-new-york.jpg,"A Hard Hat area sign is a useful tool for protecting workers’ health and safety, it is an OSHA compliance sign that must be present on a job site.",https://signsny.com/building/safety/,3
Building Signs > Safety Signs > Types > No Smoking Signs (For Flammable Materials),Building Signs,Safety Signs,Type,No Smoking Signs (For Flammable Materials),https://signsny.com/wp-content/uploads/2025/06/no-smoking-construction-safety-signs.jpg,"The words on a Prohibition sign for no-smoking signs are useful in addressing property policy and safety concerns, especially near flammable materials.",https://signsny.com/building/safety/,3
Building Signs > Safety Signs > Types > Caution Signs,Building Signs,Safety Signs,Type,Caution Signs,https://signsny.com/wp-content/uploads/2025/06/osha-safety-signs-new-york-city.jpg,"For presenting the most effective messages at your facility, use a customized caution sign for warnings regarding dangerous places to keep your staff safe.",https://signsny.com/building/safety/,3
Event Signs > Kiosk Signs > Types > Illuminated Signs,Event Signs,Kiosk Signs,Type,Illuminated Signs,https://signsny.com/wp-content/uploads/2025/06/illuminated-kiosk-signs-nyc-scaled.jpg,Backlit panels that shine in low-light conditions.,https://signsny.com/event-signs/kiosk-signs/,3
Event Signs > Kiosk Signs > Types > Wayfinding Kiosk Signs,Event Signs,Kiosk Signs,Type,Wayfinding Kiosk Signs,https://signsny.com/wp-content/uploads/2025/06/wayfinding-kiosk-sign-nyc.jpg,"Help visitors navigate malls, events, and campuses.",https://signsny.com/event-signs/kiosk-signs/,3
Event Signs > Kiosk Signs > Types > Promotional Kiosk Signs,Event Signs,Kiosk Signs,Type,Promotional Kiosk Signs,https://signsny.com/wp-content/uploads/2025/06/Promotional-Kiosk-Signs.jpg,Showcase products or services with vibrant graphics.,https://signsny.com/event-signs/kiosk-signs/,3
Event Signs > Kiosk Signs > Types > Self-Service Kiosk Signs,Event Signs,Kiosk Signs,Type,Self-Service Kiosk Signs,https://signsny.com/wp-content/uploads/2025/06/self-service-kiosk-signs-nyc-scaled.jpg,Showcase products or services with vibrant graphics.,https://signsny.com/event-signs/kiosk-signs/,3
Event Signs > Podium Signs > Types > Acrylic Podium Signs,Event Signs,Podium Signs,Type,Acrylic Podium Signs,https://signsny.com/wp-content/uploads/2024/12/acrylic-podium-sign-nyc.jpg,"Durable and elegant, acrylic signs provide a modern and sleek look, perfect for corporate and formal events.",https://signsny.com/event-signs/podium-signs/,3
Event Signs > Podium Signs > Types > Wooden Podium Signs,Event Signs,Podium Signs,Type,Wooden Podium Signs,https://signsny.com/wp-content/uploads/2024/12/wooden-podium-sign-nyc.jpg,"Add a classic touch with wooden podium signs, ideal for traditional or rustic-themed events.",https://signsny.com/event-signs/podium-signs/,3
Event Signs > Podium Signs > Types > Metal Podium Signs,Event Signs,Podium Signs,Type,Metal Podium Signs,https://signsny.com/wp-content/uploads/2024/12/metal-podium-sign-nyc.jpg,"Durable and weather-resistant, metal podium signs offer a sophisticated and professional finish.",https://signsny.com/event-signs/podium-signs/,3
Event Signs > Podium Signs > Types > Vinyl Decal Signs,Event Signs,Podium Signs,Type,Vinyl Decal Signs,https://signsny.com/wp-content/uploads/2024/12/vinyl-decal-podium-signs-nyc.jpg,"Affordable and versatile, vinyl decals can be easily applied and removed, offering flexibility for various events.",https://signsny.com/event-signs/podium-signs/,3
Event Signs > Standee and Cutouts > Types > Life-Sized Cutouts,Event Signs,Standee and Cutouts,Type,Life-Sized Cutouts,https://signsny.com/wp-content/uploads/2025/06/cut-out-standee.jpg,"Full-scale replicas of people, mascots, or products.",https://signsny.com/event-signs/standee-and-cutouts/,3
Event Signs > Standee and Cutouts > Types > Pop-Up Standees,Event Signs,Standee and Cutouts,Type,Pop-Up Standees,https://signsny.com/wp-content/uploads/2025/06/pop-up-standee-1.jpg,Foldable displays for easy transport and setup.,https://signsny.com/event-signs/standee-and-cutouts/,3
Event Signs > Standee and Cutouts > Types > Thematic Cutouts,Event Signs,Standee and Cutouts,Type,Thematic Cutouts,https://signsny.com/wp-content/uploads/2025/06/thematic-cutout.jpg,Designed to match seasonal or event-specific themes.,https://signsny.com/event-signs/standee-and-cutouts/,3
Large Format Printing > Backdrops > Types > Photography Backdrop,Large Format Printing,Backdrops,Type,Photography Backdrop,https://signsny.com/wp-content/uploads/2023/01/what-size-photo-backdrop-should-i-choose.jpg,"Photography backdrops can be a solid blank color, including white black backdrops, to block out a background. They can also be images that create an imaginary background. Photographers use them to take pictures of models in their studios.",https://signsny.com/large-format-printing/backdrops/,3
Large Format Printing > Backdrops > Types > Step and Repeat Backdrops,Large Format Printing,Backdrops,Type,Step and Repeat Backdrops,https://signsny.com/wp-content/uploads/2025/06/best-event-backdrops-scaled.jpg,"Step and Repeat can be placed at gathering points for guests to share photos of the event. Logos can be printed in an offset platform for a branded background, or entire graphic designs can be used as decoration for more visually stunning photos.",https://signsny.com/large-format-printing/backdrops/,3
Large Format Printing > Banner Stands > Types > How Banner Stands Enhance Events:,Large Format Printing,Banner Stands,Type,How Banner Stands Enhance Events:,https://signsny.com/wp-content/uploads/2025/06/custom-banner-display-stands-ny.jpg,"Banner stands are portable, freestanding displays designed to showcase promotional graphics, branding, or event messaging in a sleek and professional manner. Available in various styles like retractable banner stands, pop-up stands, and standee banners, they are a versatile marketing tool for any business or event.",https://signsny.com/large-format-printing/banner-stands/,3
Large Format Printing > Banner Stands > Types > What Do We Offer?,Large Format Printing,Banner Stands,Type,What Do We Offer?,https://signsny.com/wp-content/uploads/2025/06/google-banner-stands-scaled.jpg,"At Signs NYC, we pride ourselves on merging traditional, old-school sign-making craftsmanship with today’s innovation. Your imagination is our blueprint, and from design to hand delivery, we’ve got it all covered.",https://signsny.com/large-format-printing/banner-stands/,3
Large Format Printing > Banner Stands > Types > Vinyl,Large Format Printing,Banner Stands,Type,Vinyl,https://signsny.com/wp-content/uploads/elementor/thumbs/vinyl-material-rix5glnb1tjkqksz0ix6l676we4e9q7ced43yi4trm.jpg,"One of the most popular materials, vinyl is durable and provides vibrant, sharp graphics. It's ideal for both indoor and outdoor locations.",https://signsny.com/large-format-printing/banner-stands/,3
Large Format Printing > Banner Stands > Types > Fabric,Large Format Printing,Banner Stands,Type,Fabric,https://signsny.com/wp-content/uploads/elementor/thumbs/fabric-material-rix5ge4lj59a5p3w8fo6183i5b5gk5dhpbw84afz5e.jpg,Fabric banners offer a softer look and are generally used for indoor displays. They are washable and less likely to crease or wrinkle compared to vinyl.,https://signsny.com/large-format-printing/banner-stands/,3
Large Format Printing > Banner Stands > Types > Polyester,Large Format Printing,Banner Stands,Type,Polyester,https://signsny.com/wp-content/uploads/elementor/thumbs/polyester-material-rix5ghvyahefg4yfmhaob75ciumxexsf1ui61eaegi.jpg,Polyester materials are durable and can be used indoors and outdoors. They offer excellent print quality and are often used for roll-up or retractable banner stands.,https://signsny.com/large-format-printing/banner-stands/,3
Large Format Printing > Banner Stands > Types > Mesh,Large Format Printing,Banner Stands,Type,Mesh,https://signsny.com/wp-content/uploads/elementor/thumbs/mesh-material-rix5gg09wtbusx15xghf67mfc2w6zjkydl772ud6sy.jpg,"Mesh materials are commonly used for outdoor events where wind could be a factor. The material allows air to flow through, reducing the wind resistance.",https://signsny.com/large-format-printing/banner-stands/,3
Large Format Printing > Banner Stands > Types > Economy Banner Stands,Large Format Printing,Banner Stands,Type,Economy Banner Stands,https://signsny.com/wp-content/uploads/elementor/thumbs/standard-rix5gjrobcvw5fx3s9bdw7m39keyuv9nghhmdpxsa8.jpg,,https://signsny.com/large-format-printing/banner-stands/,3
Large Format Printing > Banner Stands > Types > Premium Banner Stands,Large Format Printing,Banner Stands,Type,Premium Banner Stands,https://signsny.com/wp-content/uploads/2025/06/premium.jpg,,https://signsny.com/large-format-printing/banner-stands/,3
Large Format Printing > Banner Stands > Types > Retractable Banner Stands,Large Format Printing,Banner Stands,Type,Retractable Banner Stands,https://signsny.com/wp-content/uploads/2025/06/deluxe.jpg,,https://signsny.com/large-format-printing/banner-stands/,3
Large Format Printing > Banner Stands > Types > Premium Single Sided Banner Stand,Large Format Printing,Banner Stands,Type,Premium Single Sided Banner Stand,https://signsny.com/wp-content/uploads/2025/06/google-developers-banner-stands.jpg,,https://signsny.com/large-format-printing/banner-stands/,3
Large Format Printing > Banner Stands > Types > Double Sided,Large Format Printing,Banner Stands,Type,Double Sided,https://signsny.com/wp-content/uploads/2025/06/medical-banner-stands.jpg,,https://signsny.com/large-format-printing/banner-stands/,3
Large Format Printing > Banner Stands > Types > Key Benefits,Large Format Printing,Banner Stands,Type,Key Benefits,https://signsny.com/wp-content/uploads/2025/06/Outdoor-Banner-Stand.jpg,"Looking to maximize impact in a smaller space? Say hello to our Tabletop Banner Stands—your compact solution with a big personality! These pint-sized powerhouses are perfect for events, meetings, or retail spaces where every inch counts but you still want to make a splash.",https://signsny.com/large-format-printing/banner-stands/,3
Large Format Printing > Billboard Printing > Designs > outdoor billboard printing nyc,Large Format Printing,Billboard Printing,Design,outdoor billboard printing nyc,https://signsny.com/wp-content/uploads/2026/04/outdoor-billboard-printing-nyc.jpg,Design showcase image from Billboard Printing,https://signsny.com/large-format-printing/billboard-printing/,3
Large Format Printing > Billboard Printing > Designs > Scaffolding Billboard nyc,Large Format Printing,Billboard Printing,Design,Scaffolding Billboard nyc,https://signsny.com/wp-content/uploads/2026/04/Scaffolding-Billboard-nyc.jpg,Design showcase image from Billboard Printing,https://signsny.com/large-format-printing/billboard-printing/,3
Large Format Printing > Billboard Printing > Designs > Retail Exterior billboard printing nyc,Large Format Printing,Billboard Printing,Design,Retail Exterior billboard printing nyc,https://signsny.com/wp-content/uploads/2026/04/Retail-Exterior-billboard-printing-nyc.jpg,Design showcase image from Billboard Printing,https://signsny.com/large-format-printing/billboard-printing/,3
Large Format Printing > Billboard Printing > Designs > oversized billboard nyc,Large Format Printing,Billboard Printing,Design,oversized billboard nyc,https://signsny.com/wp-content/uploads/2026/04/oversized-billboard-nyc.jpg,Design showcase image from Billboard Printing,https://signsny.com/large-format-printing/billboard-printing/,3
Large Format Printing > Billboard Printing > Designs > Junior PosterJunior Poster billboard billboard,Large Format Printing,Billboard Printing,Design,Junior PosterJunior Poster billboard billboard,https://signsny.com/wp-content/uploads/2026/04/Junior-Poster-billboard.jpg,Design showcase image from Billboard Printing,https://signsny.com/large-format-printing/billboard-printing/,3
Large Format Printing > Billboard Printing > Designs > Highway billboard printing nyc,Large Format Printing,Billboard Printing,Design,Highway billboard printing nyc,https://signsny.com/wp-content/uploads/2026/04/Highway-billboard-printing-nyc.jpg,Design showcase image from Billboard Printing,https://signsny.com/large-format-printing/billboard-printing/,3
Large Format Printing > Billboard Printing > Designs > billboard wide graphics nyc,Large Format Printing,Billboard Printing,Design,billboard wide graphics nyc,https://signsny.com/wp-content/uploads/2026/04/billboard-wide-graphics-nyc.jpg,Design showcase image from Billboard Printing,https://signsny.com/large-format-printing/billboard-printing/,3
Large Format Printing > Billboard Printing > Designs > 30-Sheet Poster Billboard,Large Format Printing,Billboard Printing,Design,30-Sheet Poster Billboard,https://signsny.com/wp-content/uploads/2026/04/30-Sheet-Poster-Billboard.jpg,Design showcase image from Billboard Printing,https://signsny.com/large-format-printing/billboard-printing/,3
Large Format Printing > Canvas Printing > Types > Gallery-Wrapped Canvas Prints,Large Format Printing,Canvas Printing,Type,Gallery-Wrapped Canvas Prints,https://signsny.com/wp-content/uploads/2025/06/gallery-wrapped-canvas-prints.jpg,"Canvas stretched over a wooden frame for a sleek, frameless look.",https://signsny.com/large-format-printing/canvas-printing/,3
Large Format Printing > Canvas Printing > Types > Framed Canvas Prints,Large Format Printing,Canvas Printing,Type,Framed Canvas Prints,https://signsny.com/wp-content/uploads/2025/06/Framed-Canvas-Prints.jpg,Adds a classic touch with custom wood or metal frames.,https://signsny.com/large-format-printing/canvas-printing/,3
Large Format Printing > Canvas Printing > Types > Split Canvas Print,Large Format Printing,Canvas Printing,Type,Split Canvas Print,https://signsny.com/wp-content/uploads/2025/06/Split-Canvas-Print.jpg,Breaks a single image into multiple panels for a modern display.,https://signsny.com/large-format-printing/canvas-printing/,3
Large Format Printing > Canvas Printing > Types > Panoramic Canvas Prints,Large Format Printing,Canvas Printing,Type,Panoramic Canvas Prints,https://signsny.com/wp-content/uploads/2025/06/Panoramic-Canvas-Prints.jpg,Panoramas are extremely creative canvas prints that are typically mounted and displayed over your sofa in the living room.,https://signsny.com/large-format-printing/canvas-printing/,3
Large Format Printing > Pole Banners and Flags > Types > Vertical Pole Banners,Large Format Printing,Pole Banners and Flags,Type,Vertical Pole Banners,https://signsny.com/wp-content/uploads/2025/06/vertical-pole-banner-nyc.jpg,"Rectangular banners that hang from poles for striking, vertical visibility.",https://signsny.com/large-format-printing/pole-banners-and-flags/,3
Large Format Printing > Pole Banners and Flags > Types > Feather Flags,Large Format Printing,Pole Banners and Flags,Type,Feather Flags,https://signsny.com/wp-content/uploads/2025/06/feather-flags-in-new-york-city.jpg,"Tall, sleek flags that sway with the wind, perfect for attention-grabbing designs.",https://signsny.com/large-format-printing/pole-banners-and-flags/,3
Large Format Printing > Pole Banners and Flags > Types > Blade Flags,Large Format Printing,Pole Banners and Flags,Type,Blade Flags,https://signsny.com/wp-content/uploads/2025/06/blade-flags-signs-in-ny.jpg,"Narrow flags with a streamlined shape, ideal for tight spaces or focused visibility.",https://signsny.com/large-format-printing/pole-banners-and-flags/,3
Large Format Printing > Pole Banners and Flags > Types > Banner Flags,Large Format Printing,Pole Banners and Flags,Type,Banner Flags,https://signsny.com/wp-content/uploads/2025/06/banner-flags-signs-in-nyc.jpg,"Horizontal flags for outdoor events, festivals, and street-level promotion.",https://signsny.com/large-format-printing/pole-banners-and-flags/,3
Rigid Signs > Coroplast Signs > Designs > retail office space coroplast sign,Rigid Signs,Coroplast Signs,Design,retail office space coroplast sign,https://signsny.com/wp-content/uploads/2024/12/retail-office-space-coroplast-sign.jpg,Design showcase image from Coroplast Signs,https://signsny.com/rigid-signs/coroplast-signs/,3
Rigid Signs > Coroplast Signs > Designs > Lab arhchitects coroplast sign,Rigid Signs,Coroplast Signs,Design,Lab arhchitects coroplast sign,https://signsny.com/wp-content/uploads/2024/12/Lab-arhchitects-coroplast-sign.jpg,Design showcase image from Coroplast Signs,https://signsny.com/rigid-signs/coroplast-signs/,3
Rigid Signs > Coroplast Signs > Designs > corbel coroplast sign,Rigid Signs,Coroplast Signs,Design,corbel coroplast sign,https://signsny.com/wp-content/uploads/2024/12/corbel-coroplast-sign.jpg,Design showcase image from Coroplast Signs,https://signsny.com/rigid-signs/coroplast-signs/,3
Rigid Signs > Coroplast Signs > Designs > broadway coroplast sign,Rigid Signs,Coroplast Signs,Design,broadway coroplast sign,https://signsny.com/wp-content/uploads/2024/12/broadway-coroplast-sign.jpg,Design showcase image from Coroplast Signs,https://signsny.com/rigid-signs/coroplast-signs/,3
Rigid Signs > Coroplast Signs > Designs > best custom coroplast sign in nyc,Rigid Signs,Coroplast Signs,Design,best custom coroplast sign in nyc,https://signsny.com/wp-content/uploads/2024/12/best-custom-coroplast-sign-in-nyc.jpg,Design showcase image from Coroplast Signs,https://signsny.com/rigid-signs/coroplast-signs/,3
Rigid Signs > Coroplast Signs > Designs > aims coroplast sign,Rigid Signs,Coroplast Signs,Design,aims coroplast sign,https://signsny.com/wp-content/uploads/2024/12/aims-coroplast-sign.jpg,Design showcase image from Coroplast Signs,https://signsny.com/rigid-signs/coroplast-signs/,3
Rigid Signs > Coroplast Signs > Designs > ridge contracting coroplast sign,Rigid Signs,Coroplast Signs,Design,ridge contracting coroplast sign,https://signsny.com/wp-content/uploads/2024/12/ridge-contracting-coroplast-sign.jpg,Design showcase image from Coroplast Signs,https://signsny.com/rigid-signs/coroplast-signs/,3
Rigid Signs > Coroplast Signs > Designs > custom red coroplast sign,Rigid Signs,Coroplast Signs,Design,custom red coroplast sign,https://signsny.com/wp-content/uploads/2024/12/custom-red-coroplast-sign.jpg,Design showcase image from Coroplast Signs,https://signsny.com/rigid-signs/coroplast-signs/,3
Rigid Signs > Dibond Signs > Designs > best custom dibond aluminum signs nyc,Rigid Signs,Dibond Signs,Design,best custom dibond aluminum signs nyc,https://signsny.com/wp-content/uploads/2024/12/best-custom-dibond-aluminum-signs-nyc.jpg,Design showcase image from Dibond Signs,https://signsny.com/rigid-signs/dibond-signs/,3
Rigid Signs > Dibond Signs > Designs > best custom dibond signs nyc,Rigid Signs,Dibond Signs,Design,best custom dibond signs nyc,https://signsny.com/wp-content/uploads/2024/12/best-custom-dibond-signs-nyc-1.jpg,Design showcase image from Dibond Signs,https://signsny.com/rigid-signs/dibond-signs/,3
Rigid Signs > Dibond Signs > Designs > custom dibond aluminum signs ny,Rigid Signs,Dibond Signs,Design,custom dibond aluminum signs ny,https://signsny.com/wp-content/uploads/2024/12/custom-dibond-aluminum-signs-ny.jpg,Design showcase image from Dibond Signs,https://signsny.com/rigid-signs/dibond-signs/,3
Rigid Signs > Dibond Signs > Designs > custom dibond aluminum signs nyc,Rigid Signs,Dibond Signs,Design,custom dibond aluminum signs nyc,https://signsny.com/wp-content/uploads/2024/12/custom-dibond-aluminum-signs-nyc.jpg,Design showcase image from Dibond Signs,https://signsny.com/rigid-signs/dibond-signs/,3
Rigid Signs > Dibond Signs > Designs > custom dibond signs nyc,Rigid Signs,Dibond Signs,Design,custom dibond signs nyc,https://signsny.com/wp-content/uploads/2026/06/custom-dibond-signs-nyc.jpg,Design showcase image from Dibond Signs,https://signsny.com/rigid-signs/dibond-signs/,3
Rigid Signs > Dibond Signs > Designs > custom dibond signage nyc,Rigid Signs,Dibond Signs,Design,custom dibond signage nyc,https://signsny.com/wp-content/uploads/2026/06/custom-dibond-signage-nyc.jpg,Design showcase image from Dibond Signs,https://signsny.com/rigid-signs/dibond-signs/,3
Rigid Signs > Dibond Signs > Designs > dibond signage ny,Rigid Signs,Dibond Signs,Design,dibond signage ny,https://signsny.com/wp-content/uploads/2026/06/dibond-signage-ny.jpg,Design showcase image from Dibond Signs,https://signsny.com/rigid-signs/dibond-signs/,3
Rigid Signs > Dibond Signs > Designs > dibond signage nyc,Rigid Signs,Dibond Signs,Design,dibond signage nyc,https://signsny.com/wp-content/uploads/2026/06/dibond-signage-nyc.jpg,Design showcase image from Dibond Signs,https://signsny.com/rigid-signs/dibond-signs/,3
Rigid Signs > Foam Board Signs > Designs > poster board printing services ny,Rigid Signs,Foam Board Signs,Design,poster board printing services ny,https://signsny.com/wp-content/uploads/2025/10/poster-board-printing-services-ny.jpg,Design showcase image from Foam Board Signs,https://signsny.com/rigid-signs/foam-board-signs/,3
Rigid Signs > Foam Board Signs > Designs > custom foamboard printing ny,Rigid Signs,Foam Board Signs,Design,custom foamboard printing ny,https://signsny.com/wp-content/uploads/2025/10/custom-foamboard-printing-ny.jpg,Design showcase image from Foam Board Signs,https://signsny.com/rigid-signs/foam-board-signs/,3
Rigid Signs > Foam Board Signs > Designs > custom foamboards near me,Rigid Signs,Foam Board Signs,Design,custom foamboards near me,https://signsny.com/wp-content/uploads/2025/10/custom-foamboards-near-me.jpg,Design showcase image from Foam Board Signs,https://signsny.com/rigid-signs/foam-board-signs/,3
Rigid Signs > Foam Board Signs > Designs > custom gaterboard signage ny,Rigid Signs,Foam Board Signs,Design,custom gaterboard signage ny,https://signsny.com/wp-content/uploads/2025/10/custom-gaterboard-signage-ny.jpg,Design showcase image from Foam Board Signs,https://signsny.com/rigid-signs/foam-board-signs/,3
Rigid Signs > Foam Board Signs > Designs > foam board printing next day delivery,Rigid Signs,Foam Board Signs,Design,foam board printing next day delivery,https://signsny.com/wp-content/uploads/2025/10/foam-board-printing-next-day-delivery.jpg,Design showcase image from Foam Board Signs,https://signsny.com/rigid-signs/foam-board-signs/,3
Rigid Signs > Foam Board Signs > Designs > foamboard sign printing in nyc,Rigid Signs,Foam Board Signs,Design,foamboard sign printing in nyc,https://signsny.com/wp-content/uploads/2025/10/foamboard-sign-printing-in-nyc.jpeg,Design showcase image from Foam Board Signs,https://signsny.com/rigid-signs/foam-board-signs/,3
Rigid Signs > Foam Board Signs > Designs > custom foamboard signs nyc,Rigid Signs,Foam Board Signs,Design,custom foamboard signs nyc,https://signsny.com/wp-content/uploads/2025/10/custom-foamboard-signs-nyc.jpg,Design showcase image from Foam Board Signs,https://signsny.com/rigid-signs/foam-board-signs/,3
Rigid Signs > Foam Board Signs > Designs > custom foamex signage ny,Rigid Signs,Foam Board Signs,Design,custom foamex signage ny,https://signsny.com/wp-content/uploads/2025/10/custom-foamex-signage-ny.jpg,Design showcase image from Foam Board Signs,https://signsny.com/rigid-signs/foam-board-signs/,3
Rigid Signs > Foam Board Signs > Designs > custom gaterboard printing nyc,Rigid Signs,Foam Board Signs,Design,custom gaterboard printing nyc,https://signsny.com/wp-content/uploads/2025/10/custom-gaterboard-printing-nyc.jpg,Design showcase image from Foam Board Signs,https://signsny.com/rigid-signs/foam-board-signs/,3
Rigid Signs > PVC Signs > Designs > custom pvc signs ny,Rigid Signs,PVC Signs,Design,custom pvc signs ny,https://signsny.com/wp-content/uploads/2025/10/custom-pvc-signs-ny-1.jpg,Design showcase image from PVC Signs,https://signsny.com/rigid-signs/pvc-signs/,3
Rigid Signs > PVC Signs > Designs > creamy blended pvc signs,Rigid Signs,PVC Signs,Design,creamy blended pvc signs,https://signsny.com/wp-content/uploads/2024/12/creamy-blended-pvc-signs.jpg,Design showcase image from PVC Signs,https://signsny.com/rigid-signs/pvc-signs/,3
Rigid Signs > PVC Signs > Designs > pvc signs,Rigid Signs,PVC Signs,Design,pvc signs,https://signsny.com/wp-content/uploads/2024/12/pvc-signs.png,Design showcase image from PVC Signs,https://signsny.com/rigid-signs/pvc-signs/,3
Rigid Signs > PVC Signs > Designs > pvc signs new york,Rigid Signs,PVC Signs,Design,pvc signs new york,https://signsny.com/wp-content/uploads/2024/12/pvc-signs-new-york.jpg,Design showcase image from PVC Signs,https://signsny.com/rigid-signs/pvc-signs/,3
Rigid Signs > PVC Signs > Designs > pvc signs new york city,Rigid Signs,PVC Signs,Design,pvc signs new york city,https://signsny.com/wp-content/uploads/2024/12/pvc-signs-new-york-city.jpg,Design showcase image from PVC Signs,https://signsny.com/rigid-signs/pvc-signs/,3
Rigid Signs > PVC Signs > Designs > white pvc signs,Rigid Signs,PVC Signs,Design,white pvc signs,https://signsny.com/wp-content/uploads/2024/12/white-pvc-signs.jpg,Design showcase image from PVC Signs,https://signsny.com/rigid-signs/pvc-signs/,3
Rigid Signs > PVC Signs > Designs > eco friendly pvc signs nyc,Rigid Signs,PVC Signs,Design,eco friendly pvc signs nyc,https://signsny.com/wp-content/uploads/2024/12/eco-friendly-pvc-signs-nyc.jpg,Design showcase image from PVC Signs,https://signsny.com/rigid-signs/pvc-signs/,3
Rigid Signs > PVC Signs > Designs > custom dibond signage nyc,Rigid Signs,PVC Signs,Design,custom dibond signage nyc,https://signsny.com/wp-content/uploads/2026/06/custom-dibond-signage-nyc.jpg,Design showcase image from PVC Signs,https://signsny.com/rigid-signs/pvc-signs/,3
Rigid Signs > Yard Signs > Designs > for sale yard sign nyc,Rigid Signs,Yard Signs,Design,for sale yard sign nyc,https://signsny.com/wp-content/uploads/2024/12/for-sale-yard-sign-nyc.jpg,Design showcase image from Yard Signs,https://signsny.com/rigid-signs/yard-signs/,3
Rigid Signs > Yard Signs > Designs > for rent yard sign nyc,Rigid Signs,Yard Signs,Design,for rent yard sign nyc,https://signsny.com/wp-content/uploads/2024/12/for-rent-yard-sign-nyc.jpg,Design showcase image from Yard Signs,https://signsny.com/rigid-signs/yard-signs/,3
Rigid Signs > Yard Signs > Designs > custom yard signs nyc,Rigid Signs,Yard Signs,Design,custom yard signs nyc,https://signsny.com/wp-content/uploads/2024/12/custom-yard-signs-nyc.jpg,Design showcase image from Yard Signs,https://signsny.com/rigid-signs/yard-signs/,3
Rigid Signs > Yard Signs > Designs > best custom yard signs,Rigid Signs,Yard Signs,Design,best custom yard signs,https://signsny.com/wp-content/uploads/2024/12/best-custom-yard-signs.jpg,Design showcase image from Yard Signs,https://signsny.com/rigid-signs/yard-signs/,3
Rigid Signs > Yard Signs > Designs > additional parking yard signs nyc,Rigid Signs,Yard Signs,Design,additional parking yard signs nyc,https://signsny.com/wp-content/uploads/2024/12/additional-parking-yard-signs-nyc.jpg,Design showcase image from Yard Signs,https://signsny.com/rigid-signs/yard-signs/,3
Rigid Signs > Yard Signs > Designs > custom alumacore yard signs,Rigid Signs,Yard Signs,Design,custom alumacore yard signs,https://signsny.com/wp-content/uploads/2024/12/custom-alumacore-yard-signs.jpg,Design showcase image from Yard Signs,https://signsny.com/rigid-signs/yard-signs/,3
Rigid Signs > Yard Signs > Designs > corrugated plastic yard signs,Rigid Signs,Yard Signs,Design,corrugated plastic yard signs,https://signsny.com/wp-content/uploads/2024/12/corrugated-plastic-yard-signs.jpg,Design showcase image from Yard Signs,https://signsny.com/rigid-signs/yard-signs/,3
Rigid Signs > Yard Signs > Designs > aluminum yard signs new york,Rigid Signs,Yard Signs,Design,aluminum yard signs new york,https://signsny.com/wp-content/uploads/2024/12/aluminum-yard-signs-new-york.jpg,Design showcase image from Yard Signs,https://signsny.com/rigid-signs/yard-signs/,3
Vehicle Wraps > Bus Wrapping > Designs > best custom bus wrapping nyc,Vehicle Wraps,Bus Wrapping,Design,best custom bus wrapping nyc,https://signsny.com/wp-content/uploads/2025/10/best-custom-bus-wrapping-nyc.jpg,Design showcase image from Bus Wrapping,https://signsny.com/vehicle-wraps/bus-wrapping/,3
Vehicle Wraps > Bus Wrapping > Designs > custom bus wrapping in ny,Vehicle Wraps,Bus Wrapping,Design,custom bus wrapping in ny,https://signsny.com/wp-content/uploads/2025/10/custom-bus-wrapping-in-ny.jpg,Design showcase image from Bus Wrapping,https://signsny.com/vehicle-wraps/bus-wrapping/,3
Vehicle Wraps > Bus Wrapping > Designs > Design 03,Vehicle Wraps,Bus Wrapping,Design,Design 03,https://signsny.com/wp-content/uploads/2025/10/custom-bus-wrapping-in-nyc.jpg,Design showcase image from Bus Wrapping,https://signsny.com/vehicle-wraps/bus-wrapping/,3
Vehicle Wraps > Bus Wrapping > Designs > bus wrapping,Vehicle Wraps,Bus Wrapping,Design,bus wrapping,https://signsny.com/wp-content/uploads/2024/12/bus-wrapping.jpg,Design showcase image from Bus Wrapping,https://signsny.com/vehicle-wraps/bus-wrapping/,3
Vehicle Wraps > Bus Wrapping > Designs > tour bus wrap nyc,Vehicle Wraps,Bus Wrapping,Design,tour bus wrap nyc,https://signsny.com/wp-content/uploads/2025/04/tour-bus-wrap-nyc.jpg,Design showcase image from Bus Wrapping,https://signsny.com/vehicle-wraps/bus-wrapping/,3
Vehicle Wraps > Bus Wrapping > Designs > best custom bus wrapping in nyc,Vehicle Wraps,Bus Wrapping,Design,best custom bus wrapping in nyc,https://signsny.com/wp-content/uploads/2025/10/best-custom-bus-wrapping-in-nyc.jpg,Design showcase image from Bus Wrapping,https://signsny.com/vehicle-wraps/bus-wrapping/,3
Vehicle Wraps > Car Wrapping > Designs > vinyl graphics car wraps,Vehicle Wraps,Car Wrapping,Design,vinyl graphics car wraps,https://signsny.com/wp-content/uploads/2024/12/Vinyl-Graphics-car-wraps.jpg.webp,Design showcase image from Car Wrapping,https://signsny.com/vehicle-wraps/car-wrapping/,3
Vehicle Wraps > Car Wrapping > Designs > color changing car wraps,Vehicle Wraps,Car Wrapping,Design,color changing car wraps,https://signsny.com/wp-content/uploads/2024/12/Color-Changing-Car-Wraps.jpg.webp,Design showcase image from Car Wrapping,https://signsny.com/vehicle-wraps/car-wrapping/,3
Vehicle Wraps > Car Wrapping > Designs > full car wraps nyc,Vehicle Wraps,Car Wrapping,Design,full car wraps nyc,https://signsny.com/wp-content/uploads/2024/12/full-car-wraps-nyc.jpg.webp,Design showcase image from Car Wrapping,https://signsny.com/vehicle-wraps/car-wrapping/,3
Vehicle Wraps > Car Wrapping > Designs > custom car wrapping signs nyc usa,Vehicle Wraps,Car Wrapping,Design,custom car wrapping signs nyc usa,https://signsny.com/wp-content/uploads/2024/12/custom-car-warpping-signs-nyc-usa.jpg.webp,Design showcase image from Car Wrapping,https://signsny.com/vehicle-wraps/car-wrapping/,3
Vehicle Wraps > Car Wrapping > Designs > green and black car wraps,Vehicle Wraps,Car Wrapping,Design,green and black car wraps,https://signsny.com/wp-content/uploads/2024/12/green-and-black-car-wraps.jpg.webp,Design showcase image from Car Wrapping,https://signsny.com/vehicle-wraps/car-wrapping/,3
Vehicle Wraps > Car Wrapping > Designs > car wrapping service for range rover,Vehicle Wraps,Car Wrapping,Design,car wrapping service for range rover,https://signsny.com/wp-content/uploads/2024/12/car-wrapping-service-for-range-rover.jpg.webp,Design showcase image from Car Wrapping,https://signsny.com/vehicle-wraps/car-wrapping/,3
Vehicle Wraps > Food Truck Wrapping > Types > Full Wraps,Vehicle Wraps,Food Truck Wrapping,Type,Full Wraps,https://signsny.com/wp-content/uploads/2025/10/custom-food-truck-wraps-nyc.jpg,,https://signsny.com/vehicle-wraps/food-truck-wrapping/,3
Vehicle Wraps > Food Truck Wrapping > Types > Partial Wraps,Vehicle Wraps,Food Truck Wrapping,Type,Partial Wraps,https://signsny.com/wp-content/uploads/2025/10/custom-food-truck-wraps-ny.jpg,,https://signsny.com/vehicle-wraps/food-truck-wrapping/,3
Vehicle Wraps > Food Truck Wrapping > Types > Spot Graphics,Vehicle Wraps,Food Truck Wrapping,Type,Spot Graphics,https://signsny.com/wp-content/uploads/2025/10/vinyl-lettering-nyc.jpg,,https://signsny.com/vehicle-wraps/food-truck-wrapping/,3
Vehicle Wraps > Food Truck Wrapping > Designs > custom food truck wrapping,Vehicle Wraps,Food Truck Wrapping,Design,custom food truck wrapping,https://signsny.com/wp-content/uploads/2025/10/custom-food-truck-wrapping.jpg,Design showcase image from Food Truck Wrapping,https://signsny.com/vehicle-wraps/food-truck-wrapping/,3
Vehicle Wraps > Food Truck Wrapping > Designs > custom food truck wrapping nyc,Vehicle Wraps,Food Truck Wrapping,Design,custom food truck wrapping nyc,https://signsny.com/wp-content/uploads/2025/10/custom-food-truck-wrapping-nyc.jpg,Design showcase image from Food Truck Wrapping,https://signsny.com/vehicle-wraps/food-truck-wrapping/,3
Vehicle Wraps > Food Truck Wrapping > Designs > best custom food truck wraps,Vehicle Wraps,Food Truck Wrapping,Design,best custom food truck wraps,https://signsny.com/wp-content/uploads/2025/10/best-custom-food-truck-wraps-1.jpg,Design showcase image from Food Truck Wrapping,https://signsny.com/vehicle-wraps/food-truck-wrapping/,3
Vehicle Wraps > Food Truck Wrapping > Designs > best custom food truck wrapping in ny,Vehicle Wraps,Food Truck Wrapping,Design,best custom food truck wrapping in ny,https://signsny.com/wp-content/uploads/2025/10/best-custom-food-truck-wrapping-in-ny.jpg,Design showcase image from Food Truck Wrapping,https://signsny.com/vehicle-wraps/food-truck-wrapping/,3
Vehicle Wraps > Food Truck Wrapping > Designs > best custom food truck wraps ny,Vehicle Wraps,Food Truck Wrapping,Design,best custom food truck wraps ny,https://signsny.com/wp-content/uploads/2025/10/best-custom-food-truck-wraps-ny.jpg,Design showcase image from Food Truck Wrapping,https://signsny.com/vehicle-wraps/food-truck-wrapping/,3
Vehicle Wraps > Food Truck Wrapping > Designs > best custom food truck wrapping,Vehicle Wraps,Food Truck Wrapping,Design,best custom food truck wrapping,https://signsny.com/wp-content/uploads/2025/10/best-custom-food-truck-wrapping.jpg,Design showcase image from Food Truck Wrapping,https://signsny.com/vehicle-wraps/food-truck-wrapping/,3
Vehicle Wraps > Magnetic Signs > Designs > best custom business magnetic signage nyc,Vehicle Wraps,Magnetic Signs,Design,best custom business magnetic signage nyc,https://signsny.com/wp-content/uploads/2025/06/best-custom-business-magnetic-signage-nyc.jpg,Design showcase image from Magnetic Signs,https://signsny.com/vehicle-wraps/magnetic-signs/,3
Vehicle Wraps > Magnetic Signs > Designs > custom magnetic signs,Vehicle Wraps,Magnetic Signs,Design,custom magnetic signs,https://signsny.com/wp-content/uploads/2025/06/custom-magnetic-signs.jpg,Design showcase image from Magnetic Signs,https://signsny.com/vehicle-wraps/magnetic-signs/,3
Vehicle Wraps > Magnetic Signs > Designs > custom magnetic signs nyc,Vehicle Wraps,Magnetic Signs,Design,custom magnetic signs nyc,https://signsny.com/wp-content/uploads/2026/01/custom-magnetic-signs-nyc.jpg,Design showcase image from Magnetic Signs,https://signsny.com/vehicle-wraps/magnetic-signs/,3
Vehicle Wraps > Magnetic Signs > Designs > best custom magnetic signs,Vehicle Wraps,Magnetic Signs,Design,best custom magnetic signs,https://signsny.com/wp-content/uploads/2025/06/best-custom-magnetic-signs.jpg,Design showcase image from Magnetic Signs,https://signsny.com/vehicle-wraps/magnetic-signs/,3
Vehicle Wraps > Magnetic Signs > Designs > best custom magnetic signage nyc,Vehicle Wraps,Magnetic Signs,Design,best custom magnetic signage nyc,https://signsny.com/wp-content/uploads/2026/01/best-custom-magnetic-signage-nyc.jpg,Design showcase image from Magnetic Signs,https://signsny.com/vehicle-wraps/magnetic-signs/,3
Vehicle Wraps > Magnetic Signs > Designs > best custom magnetic signs ny,Vehicle Wraps,Magnetic Signs,Design,best custom magnetic signs ny,https://signsny.com/wp-content/uploads/2026/01/best-custom-magnetic-signs-ny.jpg,Design showcase image from Magnetic Signs,https://signsny.com/vehicle-wraps/magnetic-signs/,3
Vehicle Wraps > Trailer Wrapping > Designs > custom trailer wraps ny,Vehicle Wraps,Trailer Wrapping,Design,custom trailer wraps ny,https://signsny.com/wp-content/uploads/2025/10/custom-trailer-wraps-ny.jpg,Design showcase image from Trailer Wrapping,https://signsny.com/vehicle-wraps/trailer-wrapping/,3
Vehicle Wraps > Trailer Wrapping > Designs > greg slack roofing trailer wrap,Vehicle Wraps,Trailer Wrapping,Design,greg slack roofing trailer wrap,https://signsny.com/wp-content/uploads/2025/07/greg-slack-roofing-trailer-wrap.jpg,Design showcase image from Trailer Wrapping,https://signsny.com/vehicle-wraps/trailer-wrapping/,3
Vehicle Wraps > Trailer Wrapping > Designs > partial trailer wrap,Vehicle Wraps,Trailer Wrapping,Design,partial trailer wrap,https://signsny.com/wp-content/uploads/2024/12/partial-trailer-wrap.jpg,Design showcase image from Trailer Wrapping,https://signsny.com/vehicle-wraps/trailer-wrapping/,3
Vehicle Wraps > Trailer Wrapping > Designs > custom trailer wraps nyc,Vehicle Wraps,Trailer Wrapping,Design,custom trailer wraps nyc,https://signsny.com/wp-content/uploads/2025/10/custom-trailer-wraps-nyc.jpg,Design showcase image from Trailer Wrapping,https://signsny.com/vehicle-wraps/trailer-wrapping/,3
Vehicle Wraps > Trailer Wrapping > Designs > premium trailer wraps nyc,Vehicle Wraps,Trailer Wrapping,Design,premium trailer wraps nyc,https://signsny.com/wp-content/uploads/2024/12/premium-trailer-wraps-nyc.jpg,Design showcase image from Trailer Wrapping,https://signsny.com/vehicle-wraps/trailer-wrapping/,3
Vehicle Wraps > Trailer Wrapping > Designs > best custom trailer wraps,Vehicle Wraps,Trailer Wrapping,Design,best custom trailer wraps,https://signsny.com/wp-content/uploads/2024/12/best-custom-trailer-wraps.jpg,Design showcase image from Trailer Wrapping,https://signsny.com/vehicle-wraps/trailer-wrapping/,3
Vehicle Wraps > Truck Wrapping > Designs > custom partial truck wrap nyc,Vehicle Wraps,Truck Wrapping,Design,custom partial truck wrap nyc,https://signsny.com/wp-content/uploads/2024/12/custom-partial-truck-wrap-nyc.jpg,Design showcase image from Truck Wrapping,https://signsny.com/vehicle-wraps/truck-wrapping/,3
Vehicle Wraps > Truck Wrapping > Designs > custom full truck wrap nyc,Vehicle Wraps,Truck Wrapping,Design,custom full truck wrap nyc,https://signsny.com/wp-content/uploads/2024/12/custom-full-truck-wrap-nyc.jpg,Design showcase image from Truck Wrapping,https://signsny.com/vehicle-wraps/truck-wrapping/,3
Vehicle Wraps > Truck Wrapping > Designs > best custom truck wraps ny,Vehicle Wraps,Truck Wrapping,Design,best custom truck wraps ny,https://signsny.com/wp-content/uploads/2025/10/best-custom-truck-wraps-ny-1.jpg,Design showcase image from Truck Wrapping,https://signsny.com/vehicle-wraps/truck-wrapping/,3
Vehicle Wraps > Truck Wrapping > Designs > blue box truck wrap with sparkling ice bottles,Vehicle Wraps,Truck Wrapping,Design,blue box truck wrap with sparkling ice bottles,https://signsny.com/wp-content/uploads/2024/12/blue-box-truck-wrap-with-sparkling-ice-bottles.jpg,Design showcase image from Truck Wrapping,https://signsny.com/vehicle-wraps/truck-wrapping/,3
Vehicle Wraps > Truck Wrapping > Designs > box truck wrap with nestlé product images designed & installed in nyc,Vehicle Wraps,Truck Wrapping,Design,box truck wrap with nestlé product images designed & installed in nyc,https://signsny.com/wp-content/uploads/2024/12/box-truck-wrap-with-nestle-product-images-designed-installed-in-nyc.jpg,Design showcase image from Truck Wrapping,https://signsny.com/vehicle-wraps/truck-wrapping/,3
Vehicle Wraps > Truck Wrapping > Designs > box truck wrap,Vehicle Wraps,Truck Wrapping,Design,box truck wrap,https://signsny.com/wp-content/uploads/2024/12/box-truck-wrap-1.jpg,Design showcase image from Truck Wrapping,https://signsny.com/vehicle-wraps/truck-wrapping/,3
Vehicle Wraps > Truck Wrapping > Designs > custom truck wrapping nyc,Vehicle Wraps,Truck Wrapping,Design,custom truck wrapping nyc,https://signsny.com/wp-content/uploads/2025/10/custom-truck-wrapping-nyc.jpg,Design showcase image from Truck Wrapping,https://signsny.com/vehicle-wraps/truck-wrapping/,3
Vehicle Wraps > Truck Wrapping > Designs > food industry truck wraps nyc,Vehicle Wraps,Truck Wrapping,Design,food industry truck wraps nyc,https://signsny.com/wp-content/uploads/2024/12/food-industry-truck-wraps-nyc-1.jpg,Design showcase image from Truck Wrapping,https://signsny.com/vehicle-wraps/truck-wrapping/,3
Vehicle Wraps > Van Wrapping > Designs > best custom van wraps in nyc,Vehicle Wraps,Van Wrapping,Design,best custom van wraps in nyc,https://signsny.com/wp-content/uploads/2025/10/best-custom-van-wraps-in-nyc.jpg,Design showcase image from Van Wrapping,https://signsny.com/vehicle-wraps/van-wrapping/,3
Vehicle Wraps > Van Wrapping > Designs > van wrap for elderplan,Vehicle Wraps,Van Wrapping,Design,van wrap for elderplan,https://signsny.com/wp-content/uploads/2025/04/van-wrap-for-elderplan.jpg,Design showcase image from Van Wrapping,https://signsny.com/vehicle-wraps/van-wrapping/,3
Vehicle Wraps > Van Wrapping > Designs > van wrap for moretran truck parts provider,Vehicle Wraps,Van Wrapping,Design,van wrap for moretran truck parts provider,https://signsny.com/wp-content/uploads/2024/12/van-wrap-for-moretran-truck-parts-provider.jpg,Design showcase image from Van Wrapping,https://signsny.com/vehicle-wraps/van-wrapping/,3
Vehicle Wraps > Van Wrapping > Designs > custom van wraps for advertising in nyc,Vehicle Wraps,Van Wrapping,Design,custom van wraps for advertising in nyc,https://signsny.com/wp-content/uploads/2025/10/custom-van-wraps-for-advertising-in-nyc.jpg,Design showcase image from Van Wrapping,https://signsny.com/vehicle-wraps/van-wrapping/,3
Vehicle Wraps > Van Wrapping > Designs > biggby Van Vehicle Wrap,Vehicle Wraps,Van Wrapping,Design,biggby Van Vehicle Wrap,https://signsny.com/wp-content/uploads/2024/12/biggby-Van-Vehicle-Wrap.jpg,Design showcase image from Van Wrapping,https://signsny.com/vehicle-wraps/van-wrapping/,3
Vehicle Wraps > Van Wrapping > Designs > custom van wrap nyc,Vehicle Wraps,Van Wrapping,Design,custom van wrap nyc,https://signsny.com/wp-content/uploads/2024/12/custom-van-wrap-nyc.jpg,Design showcase image from Van Wrapping,https://signsny.com/vehicle-wraps/van-wrapping/,3
Vehicle Wraps > Van Wrapping > Designs > best custom van wraps in ny,Vehicle Wraps,Van Wrapping,Design,best custom van wraps in ny,https://signsny.com/wp-content/uploads/2025/10/best-custom-van-wraps-in-ny.jpg,Design showcase image from Van Wrapping,https://signsny.com/vehicle-wraps/van-wrapping/,3
Vehicle Wraps > Van Wrapping > Designs > roasting van wrap,Vehicle Wraps,Van Wrapping,Design,roasting van wrap,https://signsny.com/wp-content/uploads/2024/12/roasting-van-wrap.jpg,Design showcase image from Van Wrapping,https://signsny.com/vehicle-wraps/van-wrapping/,3
Vehicle Wraps > Van Wrapping > Designs > best custom van wraps ny,Vehicle Wraps,Van Wrapping,Design,best custom van wraps ny,https://signsny.com/wp-content/uploads/2025/10/best-custom-van-wraps-ny.jpg,Design showcase image from Van Wrapping,https://signsny.com/vehicle-wraps/van-wrapping/,3
Vehicle Wraps > Truck Lettering > Designs > best custom truck lettering ny,Vehicle Wraps,Truck Lettering,Design,best custom truck lettering ny,https://signsny.com/wp-content/uploads/2025/10/best-custom-truck-lettering-ny.jpg,Design showcase image from Truck Lettering,https://signsny.com/vehicle-wraps/truck-lettering/,3
Vehicle Wraps > Truck Lettering > Designs > custom truck lettering ny,Vehicle Wraps,Truck Lettering,Design,custom truck lettering ny,https://signsny.com/wp-content/uploads/2025/10/custom-truck-lettering-ny.jpg,Design showcase image from Truck Lettering,https://signsny.com/vehicle-wraps/truck-lettering/,3
Vehicle Wraps > Truck Lettering > Designs > best & premium truck lettering nyc,Vehicle Wraps,Truck Lettering,Design,best & premium truck lettering nyc,https://signsny.com/wp-content/uploads/2025/10/best-premium-truck-lettering-nyc.jpg,Design showcase image from Truck Lettering,https://signsny.com/vehicle-wraps/truck-lettering/,3
Vehicle Wraps > Truck Lettering > Designs > best & premium truck lettering ny,Vehicle Wraps,Truck Lettering,Design,best & premium truck lettering ny,https://signsny.com/wp-content/uploads/2025/10/best-premium-truck-lettering-ny.jpg,Design showcase image from Truck Lettering,https://signsny.com/vehicle-wraps/truck-lettering/,3
Vehicle Wraps > Truck Lettering > Designs > custom truck lettering nyc,Vehicle Wraps,Truck Lettering,Design,custom truck lettering nyc,https://signsny.com/wp-content/uploads/2025/10/custom-truck-lettering-nyc.jpg,Design showcase image from Truck Lettering,https://signsny.com/vehicle-wraps/truck-lettering/,3
Vehicle Wraps > Truck Lettering > Designs > premium truck lettering nyc,Vehicle Wraps,Truck Lettering,Design,premium truck lettering nyc,https://signsny.com/wp-content/uploads/2025/10/premium-truck-lettering-nyc.jpg,Design showcase image from Truck Lettering,https://signsny.com/vehicle-wraps/truck-lettering/,3
Vinyl Graphics > Bottle Labels > Types > Vinyl Bottle Labels,Vinyl Graphics,Bottle Labels,Type,Vinyl Bottle Labels,https://signsny.com/wp-content/uploads/2024/12/custom-bottle-signs-scaled.jpg,Stick Your Brand on Every Bottle,https://signsny.com/vinyl-graphics/bottle-labels/,3
Vinyl Graphics > Bottle Labels > Types > Paper Bottle Labels,Vinyl Graphics,Bottle Labels,Type,Paper Bottle Labels,https://signsny.com/wp-content/uploads/2024/12/custom-bottle-signs-scaled.jpg,Stick Your Brand on Every Bottle,https://signsny.com/vinyl-graphics/bottle-labels/,3
Vinyl Graphics > Bottle Labels > Types > Waterproof Labels,Vinyl Graphics,Bottle Labels,Type,Waterproof Labels,https://signsny.com/wp-content/uploads/2024/12/custom-bottle-signs-scaled.jpg,Stick Your Brand on Every Bottle,https://signsny.com/vinyl-graphics/bottle-labels/,3
Vinyl Graphics > Bottle Labels > Types > Die-Cut Bottle Labels,Vinyl Graphics,Bottle Labels,Type,Die-Cut Bottle Labels,https://signsny.com/wp-content/uploads/2024/12/custom-bottle-signs-scaled.jpg,Stick Your Brand on Every Bottle,https://signsny.com/vinyl-graphics/bottle-labels/,3
Vinyl Graphics > Custom Decals > Types > Vinyl Lettering,Vinyl Graphics,Custom Decals,Type,Vinyl Lettering,https://signsny.com/wp-content/uploads/2025/05/gold-leaf-vinyl-lettering.jpg,Business Names · Hours · Phone · Taglines,https://signsny.com/vinyl-graphics/custom-decals/,3
Vinyl Graphics > Custom Decals > Types > Printed Full-Color Decals,Vinyl Graphics,Custom Decals,Type,Printed Full-Color Decals,https://signsny.com/wp-content/uploads/2026/04/printed-full-color-decals.jpg,Logos · Photos · Complex Artwork,https://signsny.com/vinyl-graphics/custom-decals/,3
Vinyl Graphics > Custom Decals > Types > Clear Vinyl Decals,Vinyl Graphics,Custom Decals,Type,Clear Vinyl Decals,https://signsny.com/wp-content/uploads/2026/04/clear-vinyl-decal-nyc.jpg,Logos · Hours · Subtle Branding,https://signsny.com/vinyl-graphics/custom-decals/,3
Vinyl Graphics > Custom Decals > Types > Reflective Decals,Vinyl Graphics,Custom Decals,Type,Reflective Decals,https://signsny.com/wp-content/uploads/2025/05/reflective-decals-nyc.jpg,Night Visibility · Safety · Vehicles,https://signsny.com/vinyl-graphics/custom-decals/,3
Vinyl Graphics > Custom Decals > Types > Safety & Compliance Decals,Vinyl Graphics,Custom Decals,Type,Safety & Compliance Decals,https://signsny.com/wp-content/uploads/2026/04/safety-and-compliance-decals.jpg,Equipment · OSHA · Regulatory · Property,https://signsny.com/vinyl-graphics/custom-decals/,3
Vinyl Graphics > Custom Decals > Types > Informational & Utility Decals,Vinyl Graphics,Custom Decals,Type,Informational & Utility Decals,https://signsny.com/wp-content/uploads/2026/04/Informational-Utility-Decals.jpg,QR Codes · Asset Tags · Identification,https://signsny.com/vinyl-graphics/custom-decals/,3
Vinyl Graphics > Custom Decals > Designs > window decals for offices nyc,Vinyl Graphics,Custom Decals,Design,window decals for offices nyc,https://signsny.com/wp-content/uploads/2026/04/window-decals-for-offices-nyc.jpg,Design showcase image from Custom Decals,https://signsny.com/vinyl-graphics/custom-decals/,3
Vinyl Graphics > Custom Decals > Designs > custom window graphics nyc,Vinyl Graphics,Custom Decals,Design,custom window graphics nyc,https://signsny.com/wp-content/uploads/2026/04/custom-window-graphics-nyc.jpg,Design showcase image from Custom Decals,https://signsny.com/vinyl-graphics/custom-decals/,3
Vinyl Graphics > Custom Decals > Designs > custom window decals for cafe in nyc,Vinyl Graphics,Custom Decals,Design,custom window decals for cafe in nyc,https://signsny.com/wp-content/uploads/2026/04/custom-window-decals-for-cafe-in-nyc.jpg,Design showcase image from Custom Decals,https://signsny.com/vinyl-graphics/custom-decals/,3
Vinyl Graphics > Custom Decals > Designs > custom vinyl graphics nyc,Vinyl Graphics,Custom Decals,Design,custom vinyl graphics nyc,https://signsny.com/wp-content/uploads/2026/04/custom-vinyl-graphics-nyc.jpg,Design showcase image from Custom Decals,https://signsny.com/vinyl-graphics/custom-decals/,3
Vinyl Graphics > Custom Decals > Designs > custom decals for business,Vinyl Graphics,Custom Decals,Design,custom decals for business,https://signsny.com/wp-content/uploads/2026/04/custom-decals-for-business.jpg,Design showcase image from Custom Decals,https://signsny.com/vinyl-graphics/custom-decals/,3
Vinyl Graphics > Custom Decals > Designs > paventa group custom frosted decal nyc,Vinyl Graphics,Custom Decals,Design,paventa group custom frosted decal nyc,https://signsny.com/wp-content/uploads/2026/03/paventa-group-custom-frosted-decal-nyc.jpg,Design showcase image from Custom Decals,https://signsny.com/vinyl-graphics/custom-decals/,3
Vinyl Graphics > Custom Wall Graphics > Types > Full Wall Wraps,Vinyl Graphics,Custom Wall Graphics,Type,Full Wall Wraps,https://signsny.com/wp-content/uploads/2025/08/premium-wall-wrap-scaled.jpg,"Edge-to-edge, floor-to-ceiling vinyl coverage. The entire wall becomes a single branded image, photo mural, or designed environment. Multi-panel installation with seamless double-cut seams.",https://signsny.com/vinyl-graphics/custom-wall-graphics/,3
Vinyl Graphics > Custom Wall Graphics > Types > Partial Wall Wraps,Vinyl Graphics,Custom Wall Graphics,Type,Partial Wall Wraps,https://signsny.com/wp-content/uploads/2026/04/partial-wall-wraps-in-nyc.jpg,"Covers a defined section — a horizontal band, a lower half, or a specific zone. Often combined with painted areas above or below. Clean, intentional framing that integrates with the architecture.",https://signsny.com/vinyl-graphics/custom-wall-graphics/,3
Vinyl Graphics > Custom Wall Graphics > Types > Accent Wall Wraps,Vinyl Graphics,Custom Wall Graphics,Type,Accent Wall Wraps,https://signsny.com/wp-content/uploads/2026/04/accent-wall-wraps-nyc.jpg,"A single wall treated as a visual focal point — the “Instagram wall” effect. One surface stands out dramatically while surrounding walls stay simple. Because wall wraps are removable, accent walls can be swapped seasonally for promotions, campaigns, or menu changes without repainting.",https://signsny.com/vinyl-graphics/custom-wall-graphics/,3
Vinyl Graphics > Custom Wall Graphics > Types > Photo Mural Wraps,Vinyl Graphics,Custom Wall Graphics,Type,Photo Mural Wraps,https://signsny.com/wp-content/uploads/2026/04/photo-mural-wraps-nyc.jpg,"A high-resolution photograph or illustration printed at wall scale. Cityscapes, landscapes, product photography, team photos, or custom artwork reproduced at 1200 dpi with lamination for longevity.",https://signsny.com/vinyl-graphics/custom-wall-graphics/,3
Vinyl Graphics > Custom Wall Graphics > Types > Branded Environments,Vinyl Graphics,Custom Wall Graphics,Type,Branded Environments,https://signsny.com/wp-content/uploads/2026/04/custom-branded-wall-wraps-nyc.jpg,"Multiple walls, corridors, and surfaces wrapped as a coordinated branding package. Mission statements, brand values, timelines, product showcases, and visual identity elements integrated across an entire space. For multi-location businesses, identical wraps are produced from the same design file — pixel-perfect consistency across every site.",https://signsny.com/vinyl-graphics/custom-wall-graphics/,3
Vinyl Graphics > Custom Wall Graphics > Types > Textured & Architectural Wraps,Vinyl Graphics,Custom Wall Graphics,Type,Textured & Architectural Wraps,https://signsny.com/wp-content/uploads/2026/04/Textured-wall-wraps-in-nyc.jpg,"Printed on textured vinyl films that simulate canvas, stucco, linen, or woven fabric — adding tactile dimension to the visual. The graphic has physical texture you can feel, not just a flat printed surface.",https://signsny.com/vinyl-graphics/custom-wall-graphics/,3
Vinyl Graphics > Custom Wall Graphics > Designs > school corridor wall wrap nyc,Vinyl Graphics,Custom Wall Graphics,Design,school corridor wall wrap nyc,https://signsny.com/wp-content/uploads/2026/03/school-corridor-wall-wrap.jpg,Design showcase image from Custom Wall Graphics,https://signsny.com/vinyl-graphics/custom-wall-graphics/,3
Vinyl Graphics > Custom Wall Graphics > Designs > accent wall wraps nyc,Vinyl Graphics,Custom Wall Graphics,Design,accent wall wraps nyc,https://signsny.com/wp-content/uploads/2026/04/accent-wall-wraps-nyc.jpg,Design showcase image from Custom Wall Graphics,https://signsny.com/vinyl-graphics/custom-wall-graphics/,3
Vinyl Graphics > Custom Wall Graphics > Designs > best and premium wall wrap ny,Vinyl Graphics,Custom Wall Graphics,Design,best and premium wall wrap ny,https://signsny.com/wp-content/uploads/2025/08/best-and-premium-wall-wrap-ny.jpg,Design showcase image from Custom Wall Graphics,https://signsny.com/vinyl-graphics/custom-wall-graphics/,3
Vinyl Graphics > Custom Wall Graphics > Designs > best custom wall wrap,Vinyl Graphics,Custom Wall Graphics,Design,best custom wall wrap,https://signsny.com/wp-content/uploads/2025/08/best-custom-wall-wrap.jpg,Design showcase image from Custom Wall Graphics,https://signsny.com/vinyl-graphics/custom-wall-graphics/,3
Vinyl Graphics > Custom Wall Graphics > Designs > custom wall wraps,Vinyl Graphics,Custom Wall Graphics,Design,custom wall wraps,https://signsny.com/wp-content/uploads/2025/08/custom-wall-wraps.jpeg,Design showcase image from Custom Wall Graphics,https://signsny.com/vinyl-graphics/custom-wall-graphics/,3
Vinyl Graphics > Custom Wall Graphics > Designs > custom wall wrap,Vinyl Graphics,Custom Wall Graphics,Design,custom wall wrap,https://signsny.com/wp-content/uploads/2025/08/custom-wall-wrap.jpg,Design showcase image from Custom Wall Graphics,https://signsny.com/vinyl-graphics/custom-wall-graphics/,3
Vinyl Graphics > Custom Wall Graphics > Designs > custom printed wall wraps nyc,Vinyl Graphics,Custom Wall Graphics,Design,custom printed wall wraps nyc,https://signsny.com/wp-content/uploads/2025/08/custom-printed-wall-wraps-nyc.jpg,Design showcase image from Custom Wall Graphics,https://signsny.com/vinyl-graphics/custom-wall-graphics/,3
Vinyl Graphics > Custom Wall Graphics > Designs > custom wall wrap ny,Vinyl Graphics,Custom Wall Graphics,Design,custom wall wrap ny,https://signsny.com/wp-content/uploads/2025/08/custom-wall-wrap-ny.jpg,Design showcase image from Custom Wall Graphics,https://signsny.com/vinyl-graphics/custom-wall-graphics/,3
Vinyl Graphics > Elevator Wraps > Types > Custom Branded Door Wraps,Vinyl Graphics,Elevator Wraps,Type,Custom Branded Door Wraps,https://signsny.com/wp-content/uploads/2024/12/best-custom-elevator-wraps-new-york.jpg,,https://signsny.com/vinyl-graphics/elevator-wraps/,3
Vinyl Graphics > Elevator Wraps > Types > Architectural Finishes,Vinyl Graphics,Elevator Wraps,Type,Architectural Finishes,https://signsny.com/wp-content/uploads/2024/12/best-elevator-wraps-ny.jpg,,https://signsny.com/vinyl-graphics/elevator-wraps/,3
Vinyl Graphics > Elevator Wraps > Types > Short-Term Campaign Wraps,Vinyl Graphics,Elevator Wraps,Type,Short-Term Campaign Wraps,https://signsny.com/wp-content/uploads/2024/12/premium-custom-elevator-wrap-nyc.jpg,,https://signsny.com/vinyl-graphics/elevator-wraps/,3
Vinyl Graphics > Elevator Wraps > Designs > premium custom elevator wrap nyc,Vinyl Graphics,Elevator Wraps,Design,premium custom elevator wrap nyc,https://signsny.com/wp-content/uploads/2024/12/premium-custom-elevator-wrap-nyc.jpg,Design showcase image from Elevator Wraps,https://signsny.com/vinyl-graphics/elevator-wraps/,3
Vinyl Graphics > Elevator Wraps > Designs > custom elevator wraps ny,Vinyl Graphics,Elevator Wraps,Design,custom elevator wraps ny,https://signsny.com/wp-content/uploads/2024/12/custom-elevator-wraps-ny.jpg,Design showcase image from Elevator Wraps,https://signsny.com/vinyl-graphics/elevator-wraps/,3
Vinyl Graphics > Elevator Wraps > Designs > best elevator wraps ny,Vinyl Graphics,Elevator Wraps,Design,best elevator wraps ny,https://signsny.com/wp-content/uploads/2024/12/best-elevator-wraps-ny.jpg,Design showcase image from Elevator Wraps,https://signsny.com/vinyl-graphics/elevator-wraps/,3
Vinyl Graphics > Elevator Wraps > Designs > nestwork collective office elevator wrap in new york,Vinyl Graphics,Elevator Wraps,Design,nestwork collective office elevator wrap in new york,https://signsny.com/wp-content/uploads/2024/12/nestwork-collective-office-elevator-wrap-in-new-york.jpg,Design showcase image from Elevator Wraps,https://signsny.com/vinyl-graphics/elevator-wraps/,3
Vinyl Graphics > Elevator Wraps > Designs > healspire wellness elevator wrap in new york,Vinyl Graphics,Elevator Wraps,Design,healspire wellness elevator wrap in new york,https://signsny.com/wp-content/uploads/2024/12/healspire-wellness-elevator-wrap-in-new-york.jpg,Design showcase image from Elevator Wraps,https://signsny.com/vinyl-graphics/elevator-wraps/,3
Vinyl Graphics > Elevator Wraps > Designs > elevator wrap made for puleforge fitness gym,Vinyl Graphics,Elevator Wraps,Design,elevator wrap made for puleforge fitness gym,https://signsny.com/wp-content/uploads/2024/12/elevator-wrap-made-for-puleforge-fitness-gym.jpg,Design showcase image from Elevator Wraps,https://signsny.com/vinyl-graphics/elevator-wraps/,3
Vinyl Graphics > Elevator Wraps > Designs > orange design elevator wrap in new york city,Vinyl Graphics,Elevator Wraps,Design,orange design elevator wrap in new york city,https://signsny.com/wp-content/uploads/2024/12/orange-design-elevator-wrap-in-new-york-city.jpg,Design showcase image from Elevator Wraps,https://signsny.com/vinyl-graphics/elevator-wraps/,3
Vinyl Graphics > Elevator Wraps > Designs > elevator wrap made for luxora hotel in new york,Vinyl Graphics,Elevator Wraps,Design,elevator wrap made for luxora hotel in new york,https://signsny.com/wp-content/uploads/2024/12/elevator-wrap-made-for-luxora-hotel-in-new-york.jpg,Design showcase image from Elevator Wraps,https://signsny.com/vinyl-graphics/elevator-wraps/,3
Vinyl Graphics > Floor Graphics > Designs > floor decal nyc the school of mathematics science,Vinyl Graphics,Floor Graphics,Design,floor decal nyc the school of mathematics science,https://signsny.com/wp-content/uploads/2024/12/floor-decal-nyc-the-school-of-mathematics-science.jpg,Design showcase image from Floor Graphics,https://signsny.com/vinyl-graphics/floor-graphics/,3
Vinyl Graphics > Floor Graphics > Designs > floor graphic for harbor fitness company,Vinyl Graphics,Floor Graphics,Design,floor graphic for harbor fitness company,https://signsny.com/wp-content/uploads/2025/05/floor-graphic-for-harbor-fitness-company.jpg,Design showcase image from Floor Graphics,https://signsny.com/vinyl-graphics/floor-graphics/,3
Vinyl Graphics > Floor Graphics > Designs > geometric wedding dance floor wraps nyc,Vinyl Graphics,Floor Graphics,Design,geometric wedding dance floor wraps nyc,https://signsny.com/wp-content/uploads/2026/04/geometric-wedding-dance-floor-wraps-nyc.jpg,Design showcase image from Floor Graphics,https://signsny.com/vinyl-graphics/floor-graphics/,3
Vinyl Graphics > Floor Graphics > Designs > custom floor graphics,Vinyl Graphics,Floor Graphics,Design,custom floor graphics,https://signsny.com/wp-content/uploads/2024/12/custom-floor-graphics.jpg,Design showcase image from Floor Graphics,https://signsny.com/vinyl-graphics/floor-graphics/,3
Vinyl Graphics > Floor Graphics > Designs > h letter custom floor graphics,Vinyl Graphics,Floor Graphics,Design,h letter custom floor graphics,https://signsny.com/wp-content/uploads/2024/12/h-letter-custom-floor-graphics.jpg,Design showcase image from Floor Graphics,https://signsny.com/vinyl-graphics/floor-graphics/,3
Vinyl Graphics > Floor Graphics > Designs > harley davidson floor decals nyc,Vinyl Graphics,Floor Graphics,Design,harley davidson floor decals nyc,https://signsny.com/wp-content/uploads/2024/12/harley-davidson-floor-decals-nyc.jpg,Design showcase image from Floor Graphics,https://signsny.com/vinyl-graphics/floor-graphics/,3
Vinyl Graphics > Floor Graphics > Designs > blue floor graphics,Vinyl Graphics,Floor Graphics,Design,blue floor graphics,https://signsny.com/wp-content/uploads/2024/12/blue-floor-graphics.jpg,Design showcase image from Floor Graphics,https://signsny.com/vinyl-graphics/floor-graphics/,3
Vinyl Graphics > Floor Graphics > Designs > arrow floor graphics,Vinyl Graphics,Floor Graphics,Design,arrow floor graphics,https://signsny.com/wp-content/uploads/2024/12/arrow-floor-graphics.jpg,Design showcase image from Floor Graphics,https://signsny.com/vinyl-graphics/floor-graphics/,3
Vinyl Graphics > Glitter Decals > Types > Solid Color Glitter Decals,Vinyl Graphics,Glitter Decals,Type,Solid Color Glitter Decals,https://signsny.com/wp-content/uploads/2025/05/solid-color-glitter-decals-scaled.jpg,Single-color glitter designs for a sleek and consistent look.,https://signsny.com/vinyl-graphics/glitter-decals/,3
Vinyl Graphics > Glitter Decals > Types > Multi-Color Glitter Decals,Vinyl Graphics,Glitter Decals,Type,Multi-Color Glitter Decals,https://signsny.com/wp-content/uploads/2025/05/multi-color-custom-glitter-decals-scaled.jpg,Vibrant designs with a mix of glitter colors for a dazzling effect.,https://signsny.com/vinyl-graphics/glitter-decals/,3
Vinyl Graphics > Glitter Decals > Types > Transparent Glitter Decals,Vinyl Graphics,Glitter Decals,Type,Transparent Glitter Decals,https://signsny.com/wp-content/uploads/2025/05/transparent-glitter-decals-scaled.jpg,"Subtle glitter effects with a clear background, perfect for overlays.",https://signsny.com/vinyl-graphics/glitter-decals/,3
Vinyl Graphics > Glitter Decals > Types > Textured Glitter Decals,Vinyl Graphics,Glitter Decals,Type,Textured Glitter Decals,https://signsny.com/wp-content/uploads/2025/05/textured-glitter-decals-scaled.jpg,Bold designs with a noticeable glitter texture.,https://signsny.com/vinyl-graphics/glitter-decals/,3
Vinyl Graphics > Holographic Decals > Types > Rainbow Holographic Decals,Vinyl Graphics,Holographic Decals,Type,Rainbow Holographic Decals,https://signsny.com/wp-content/uploads/2025/05/Rainbow-Holographic-Decals.jpg,"Vibrant, multi-colored designs that shift hues based on lighting.",https://signsny.com/vinyl-graphics/holographic-decals/,3
Vinyl Graphics > Holographic Decals > Types > Die-Cut Holographic Decals,Vinyl Graphics,Holographic Decals,Type,Die-Cut Holographic Decals,https://signsny.com/wp-content/uploads/2025/05/Die-Cut-Holographic-Decals.jpg,Custom shapes tailored to your logo or specific design.,https://signsny.com/vinyl-graphics/holographic-decals/,3
Vinyl Graphics > Holographic Decals > Types > Static Cling Holographic Decals,Vinyl Graphics,Holographic Decals,Type,Static Cling Holographic Decals,https://signsny.com/wp-content/uploads/2025/05/Static-Cling-Holographic-Decals.jpg,Non-adhesive options for temporary displays.,https://signsny.com/vinyl-graphics/holographic-decals/,3
Vinyl Graphics > Holographic Decals > Types > Patterned Holographic Decals,Vinyl Graphics,Holographic Decals,Type,Patterned Holographic Decals,https://signsny.com/wp-content/uploads/2025/05/Patterned-Holographic-Decals.jpg,"Unique designs with textures like stripes, circles, or stars.",https://signsny.com/vinyl-graphics/holographic-decals/,3
Vinyl Graphics > Wall Decals > Designs > custom wall decals,Vinyl Graphics,Wall Decals,Design,custom wall decals,https://signsny.com/wp-content/uploads/2025/11/custom-wall-decals.jpg,Design showcase image from Wall Decals,https://signsny.com/vinyl-graphics/wall-decals/,3
Vinyl Graphics > Wall Decals > Designs > Mission & Values Walls,Vinyl Graphics,Wall Decals,Design,Mission & Values Walls,https://signsny.com/wp-content/uploads/2026/04/Mission-Values-Walls-1.jpg,Design showcase image from Wall Decals,https://signsny.com/vinyl-graphics/wall-decals/,3
Vinyl Graphics > Wall Decals > Designs > best custom wall graphics ny,Vinyl Graphics,Wall Decals,Design,best custom wall graphics ny,https://signsny.com/wp-content/uploads/2025/11/best-custom-wall-graphics-ny.jpg,Design showcase image from Wall Decals,https://signsny.com/vinyl-graphics/wall-decals/,3
Vinyl Graphics > Wall Decals > Designs > vinyl wall decal nyc,Vinyl Graphics,Wall Decals,Design,vinyl wall decal nyc,https://signsny.com/wp-content/uploads/2026/04/vinyl-wall-decal-nyc.jpg,Design showcase image from Wall Decals,https://signsny.com/vinyl-graphics/wall-decals/,3
Vinyl Graphics > Wall Decals > Designs > vinyl wall graphics ny,Vinyl Graphics,Wall Decals,Design,vinyl wall graphics ny,https://signsny.com/wp-content/uploads/2026/04/vinyl-wall-graphics-ny.jpg,Design showcase image from Wall Decals,https://signsny.com/vinyl-graphics/wall-decals/,3
Vinyl Graphics > Wall Decals > Designs > wall graphics for offices,Vinyl Graphics,Wall Decals,Design,wall graphics for offices,https://signsny.com/wp-content/uploads/2026/04/wall-graphics-for-offices.jpg,Design showcase image from Wall Decals,https://signsny.com/vinyl-graphics/wall-decals/,3
Vinyl Graphics > Wall Decals > Designs > premium custom wall decals,Vinyl Graphics,Wall Decals,Design,premium custom wall decals,https://signsny.com/wp-content/uploads/2025/11/premium-custom-wall-decals.jpg,Design showcase image from Wall Decals,https://signsny.com/vinyl-graphics/wall-decals/,3
Vinyl Graphics > Wall Decals > Designs > premium custom wall decals nyc,Vinyl Graphics,Wall Decals,Design,premium custom wall decals nyc,https://signsny.com/wp-content/uploads/2025/11/premium-custom-wall-decals-nyc.jpg,Design showcase image from Wall Decals,https://signsny.com/vinyl-graphics/wall-decals/,3
Vinyl Graphics > Wall Decals > Designs > premium custom wall decals ny,Vinyl Graphics,Wall Decals,Design,premium custom wall decals ny,https://signsny.com/wp-content/uploads/2025/11/premium-custom-wall-decals-ny.jpg,Design showcase image from Wall Decals,https://signsny.com/vinyl-graphics/wall-decals/,3
Vinyl Graphics > Wall Decals > Designs > custom wall decals nyc,Vinyl Graphics,Wall Decals,Design,custom wall decals nyc,https://signsny.com/wp-content/uploads/2025/11/custom-wall-decals-nyc.jpg,Design showcase image from Wall Decals,https://signsny.com/vinyl-graphics/wall-decals/,3
Vinyl Graphics > Wall Decals > Designs > custom wall decals ny,Vinyl Graphics,Wall Decals,Design,custom wall decals ny,https://signsny.com/wp-content/uploads/2025/11/custom-wall-decals-ny.jpg,Design showcase image from Wall Decals,https://signsny.com/vinyl-graphics/wall-decals/,3
Vinyl Graphics > Wall Decals > Designs > best custom wall decals,Vinyl Graphics,Wall Decals,Design,best custom wall decals,https://signsny.com/wp-content/uploads/2025/11/best-custom-wall-decals.jpg,Design showcase image from Wall Decals,https://signsny.com/vinyl-graphics/wall-decals/,3
Vinyl Graphics > Window Wraps > Types > Opaque Window Wraps,Vinyl Graphics,Window Wraps,Type,Opaque Window Wraps,https://signsny.com/wp-content/uploads/2026/04/opaque-window-wraps-for-clinics-in-nyc.jpg,"Solid vinyl covering the entire glass surface. Full-color graphics, complete light blockage. The window becomes a printed billboard. Used for retail campaigns, vacancy coverings, privacy, and maximum visual impact.",https://signsny.com/vinyl-graphics/window-wraps/,3
Vinyl Graphics > Window Wraps > Types > Perforated Window Wraps,Vinyl Graphics,Window Wraps,Type,Perforated Window Wraps,https://signsny.com/wp-content/uploads/2025/06/daycare-perforated-window-wrap-with-cartoon-animals-and-playful-design.jpg,"Vinyl with tiny perforations that display graphics outside while allowing see-through visibility from inside. Available in 50/50, 60/40, and 70/30 ratios. The signature window wrap product for storefronts.",https://signsny.com/vinyl-graphics/window-wraps/,3
Vinyl Graphics > Window Wraps > Types > Partial Window Wraps,Vinyl Graphics,Window Wraps,Type,Partial Window Wraps,https://signsny.com/wp-content/uploads/2026/04/partial-window-graphics-for-learning-centers.jpg,"Covering a zone of the glass — a horizontal band, the lower half, or a defined section — while the rest stays clear. Balances advertising with an open, visible storefront. Opaque or perforated by zone.",https://signsny.com/vinyl-graphics/window-wraps/,3
Vinyl Graphics > Window Wraps > Types > Coming Soon Wraps,Vinyl Graphics,Window Wraps,Type,Coming Soon Wraps,https://signsny.com/wp-content/uploads/2026/04/construction-window-wraps-in-nyc.jpg,Full-coverage window graphics for active construction and renovation sites. NYC DOB requires windows covered during construction — we turn that requirement into branded “coming soon” graphics and developer marketing.,https://signsny.com/vinyl-graphics/window-wraps/,3
Vinyl Graphics > Window Wraps > Designs > premium perforated window wraps,Vinyl Graphics,Window Wraps,Design,premium perforated window wraps,https://signsny.com/wp-content/uploads/2025/07/premium-perforated-window-wraps.jpg,Design showcase image from Window Wraps,https://signsny.com/vinyl-graphics/window-wraps/,3
Vinyl Graphics > Window Wraps > Designs > opaque window wraps for clinics in nyc,Vinyl Graphics,Window Wraps,Design,opaque window wraps for clinics in nyc,https://signsny.com/wp-content/uploads/2026/04/opaque-window-wraps-for-clinics-in-nyc.jpg,Design showcase image from Window Wraps,https://signsny.com/vinyl-graphics/window-wraps/,3
Vinyl Graphics > Window Wraps > Designs > pet window wrap,Vinyl Graphics,Window Wraps,Design,pet window wrap,https://signsny.com/wp-content/uploads/2024/12/pet-window-wrap.jpg,Design showcase image from Window Wraps,https://signsny.com/vinyl-graphics/window-wraps/,3
Vinyl Graphics > Window Wraps > Designs > studio plates window wrap,Vinyl Graphics,Window Wraps,Design,studio plates window wrap,https://signsny.com/wp-content/uploads/2024/12/studio-plates-window-wrap.jpg,Design showcase image from Window Wraps,https://signsny.com/vinyl-graphics/window-wraps/,3
Vinyl Graphics > Window Wraps > Designs > custom window wrap near me ny,Vinyl Graphics,Window Wraps,Design,custom window wrap near me ny,https://signsny.com/wp-content/uploads/2024/12/custom-window-wrap-near-me-ny.jpg,Design showcase image from Window Wraps,https://signsny.com/vinyl-graphics/window-wraps/,3
Vinyl Graphics > Window Wraps > Designs > window wraps for restaurants,Vinyl Graphics,Window Wraps,Design,window wraps for restaurants,https://signsny.com/wp-content/uploads/2026/04/window-wraps-for-restaurants.jpg,Design showcase image from Window Wraps,https://signsny.com/vinyl-graphics/window-wraps/,3
Vinyl Graphics > Window Wraps > Designs > window wraps for office glass,Vinyl Graphics,Window Wraps,Design,window wraps for office glass,https://signsny.com/wp-content/uploads/2026/04/window-wraps-for-office-glass.jpg,Design showcase image from Window Wraps,https://signsny.com/vinyl-graphics/window-wraps/,3
Vinyl Graphics > Window Wraps > Designs > custom window wraps in nyc,Vinyl Graphics,Window Wraps,Design,custom window wraps in nyc,https://signsny.com/wp-content/uploads/2026/04/custom-window-wraps-in-nyc.jpg,Design showcase image from Window Wraps,https://signsny.com/vinyl-graphics/window-wraps/,3
Vinyl Graphics > Perforated Window Wraps > Designs > perforated mesh window wrap,Vinyl Graphics,Perforated Window Wraps,Design,perforated mesh window wrap,https://signsny.com/wp-content/uploads/2024/12/perforated-mesh-window-wrap.webp,Design showcase image from Perforated Window Wraps,https://signsny.com/vinyl-graphics/perforated-window-wraps/,3
Vinyl Graphics > Perforated Window Wraps > Designs > fashion boutique perforated window wrap with floral designs and mannequins,Vinyl Graphics,Perforated Window Wraps,Design,fashion boutique perforated window wrap with floral designs and mannequins,https://signsny.com/wp-content/uploads/2025/06/fashion-boutique-perforated-window-wrap-with-floral-designs-and-mannequins.jpg,Design showcase image from Perforated Window Wraps,https://signsny.com/vinyl-graphics/perforated-window-wraps/,3
Vinyl Graphics > Perforated Window Wraps > Designs > fitness club perforated window wrap with athlete silhouettes and bold colors,Vinyl Graphics,Perforated Window Wraps,Design,fitness club perforated window wrap with athlete silhouettes and bold colors,https://signsny.com/wp-content/uploads/2025/06/fitness-club-perforated-window-wrap-with-athlete-silhouettes-and-bold-colors.jpg,Design showcase image from Perforated Window Wraps,https://signsny.com/vinyl-graphics/perforated-window-wraps/,3
Vinyl Graphics > Perforated Window Wraps > Designs > kids’ sports center perforated window wrap with cartoon mascots,Vinyl Graphics,Perforated Window Wraps,Design,kids’ sports center perforated window wrap with cartoon mascots,https://signsny.com/wp-content/uploads/2025/06/kids-sports-center-perforated-window-wrap-with-cartoon-mascots.jpg,Design showcase image from Perforated Window Wraps,https://signsny.com/vinyl-graphics/perforated-window-wraps/,3
Vinyl Graphics > Perforated Window Wraps > Designs > real estate perforated window wrap with homes and urban skyline,Vinyl Graphics,Perforated Window Wraps,Design,real estate perforated window wrap with homes and urban skyline,https://signsny.com/wp-content/uploads/2025/06/real-estate-perforated-window-wrap-with-homes-and-urban-skyline.jpg,Design showcase image from Perforated Window Wraps,https://signsny.com/vinyl-graphics/perforated-window-wraps/,3
Vinyl Graphics > Perforated Window Wraps > Designs > rehab clinic perforated window wrap with movement and anatomy visuals,Vinyl Graphics,Perforated Window Wraps,Design,rehab clinic perforated window wrap with movement and anatomy visuals,https://signsny.com/wp-content/uploads/2025/06/rehab-clinic-perforated-window-wrap-with-movement-and-anatomy-visuals.jpg,Design showcase image from Perforated Window Wraps,https://signsny.com/vinyl-graphics/perforated-window-wraps/,3
Vinyl Graphics > Perforated Window Wraps > Designs > pet spa perforated window wrap with cute pet illustrations and pastels,Vinyl Graphics,Perforated Window Wraps,Design,pet spa perforated window wrap with cute pet illustrations and pastels,https://signsny.com/wp-content/uploads/2025/06/pet-spa-perforated-window-wrap-with-cute-pet-illustrations-and-pastels.jpg,Design showcase image from Perforated Window Wraps,https://signsny.com/vinyl-graphics/perforated-window-wraps/,3
Vinyl Graphics > Perforated Window Wraps > Designs > tech company perforated window wrap with digital patterns and blue tones,Vinyl Graphics,Perforated Window Wraps,Design,tech company perforated window wrap with digital patterns and blue tones,https://signsny.com/wp-content/uploads/2025/06/tech-company-perforated-window-wrap-with-digital-patterns-and-blue-tones.jpg,Design showcase image from Perforated Window Wraps,https://signsny.com/vinyl-graphics/perforated-window-wraps/,3