Hierarchy Path,Name,Image Link,Description,Level
Indoor Signs,Indoor Signs,,,1 - Main Category
Indoor Signs > Office Signs,Office Signs,https://signsny.com/wp-content/uploads/2025/07/Office-Signs.jpg.webp,"Professional signs that make your office easy to navigate and give every room a clear identity—ideal for nameplates, departments, and meeting rooms.",2 - Sub Category
Indoor Signs > Metal Letters,Metal Letters,https://signsny.com/wp-content/uploads/2024/11/the-sports-center-chelsea-piers-metal-letters.jpg.webp,"Durable and sleek, metal letters add a polished look to your brand. Great for indoor lobbies or building exteriors where you want to stand out.",2 - Sub Category
Indoor Signs > Metal Letters > Aluminum,Aluminum,https://signsny.com/wp-content/uploads/2025/10/Aluminum.jpg,"Available thickness: 1/8"" - 3/16"" - 1/4"" - 3/8"" and thicker",3 - Mini Category
Indoor Signs > Metal Letters > Stainless Steel,Stainless Steel,https://signsny.com/wp-content/uploads/2025/10/Stainless-Steel.jpg,"Available thickness: 1/8"" - 3/16"" - 1/4"" - 3/8"" and thicker",3 - Mini Category
Indoor Signs > Metal Letters > Brass,Brass,https://signsny.com/wp-content/uploads/2025/10/Brass.jpg,"Available thickness: 1/8"" - 3/16"" - 1/4"" - 3/8"" and thicker",3 - Mini Category
Indoor Signs > Metal Letters > Bronze,Bronze,https://signsny.com/wp-content/uploads/2025/10/Bronze.jpg,"Available thickness: 1/8"" - 3/16"" - 1/4"" - 3/8"" and thicker",3 - Mini Category
Indoor Signs > Metal Letters > Copper,Copper,https://signsny.com/wp-content/uploads/2025/10/Copper.jpg,"Available thickness: 1/8"" - 3/16"" - 1/4"" - 3/8"" and thicker",3 - Mini Category
Indoor Signs > Metal Letters > Brushed Aluminum,Brushed Aluminum,https://signsny.com/wp-content/uploads/2024/11/castmetal-aluminum-brushed.jpg,"Letter height: 1/2"" - 48"" Custom color option available",3 - Mini Category
Indoor Signs > Metal Letters > Polish Aluminum,Polish Aluminum,https://signsny.com/wp-content/uploads/elementor/thumbs/polish-aluminum-rix5cuajpoeaaq9kywewm4ctcwnjhb9zvr66unpinm.jpg,"Letter height: 1/2"" - 48"" Custom color option available",3 - Mini Category
Indoor Signs > Metal Letters > Gold Anodized,Gold Anodized,https://signsny.com/wp-content/uploads/2024/11/gold-anodized.jpg,"Letter height: 1/2"" - 48"" Custom color option available",3 - Mini Category
Indoor Signs > Metal Letters > Black Anodized,Black Anodized,https://signsny.com/wp-content/uploads/2024/11/black-anodized.jpg,"Letter height: 1/2"" - 48"" Custom color option available",3 - Mini Category
Indoor Signs > Metal Letters > Clear Anodized,Clear Anodized,https://signsny.com/wp-content/uploads/2024/11/faux-patina.jpg,"Letter height: 1/2"" - 48"" Custom color option available",3 - Mini Category
Indoor Signs > Metal Letters > Raceway mounts,Raceway mounts,https://signsny.com/wp-content/uploads/2025/10/plain-mounting.jpg,,3 - Mini Category
Indoor Signs > Metal Letters > Standoff,Standoff,https://signsny.com/wp-content/uploads/2025/10/double-face-tape-mounting.jpg,,3 - Mini Category
Indoor Signs > Metal Letters > Stud,Stud,https://signsny.com/wp-content/uploads/2025/10/stud-w-block-mounting.jpg,,3 - Mini Category
Indoor Signs > Metal Letters > Flush,Flush,https://signsny.com/wp-content/uploads/2025/10/flush-stud-mounting.jpg,,3 - Mini Category
Indoor Signs > Metal Plaques,Metal Plaques,https://signsny.com/wp-content/uploads/2025/02/what-are-metal-plaques.jpg.webp,"Elegant and long-lasting, these plaques are perfect for commemorating achievements, marking offices, or giving your space a premium look.",2 - Sub Category
Indoor Signs > Metal Plaques > Precision Plaques,Precision Plaques,https://signsny.com/wp-content/uploads/2024/12/cast-and-precision-plaques.jpg,"Precision tooled plaques offer clean raised and recessed details with sharp edges and refined finishing. They are often used when the plaque needs a formal, dimensional look with controlled detail.",3 - Mini Category
Indoor Signs > Metal Plaques > Cast Metal Plaques,Cast Metal Plaques,https://signsny.com/wp-content/uploads/2026/07/cast-metal-plaques.jpg,"Cast plaques are made with raised lettering, borders and graphics with recessed background areas. They are a strong choice for memorial plaques, dedication plaques, historic plaques, building plaques and exterior markers.",3 - Mini Category
Indoor Signs > Metal Plaques > Etched Metal Plaques,Etched Metal Plaques,https://signsny.com/wp-content/uploads/2024/12/etched-metal-plaques.jpg,"Etched plaques are useful when the design includes fine text, detailed logos, line art, seals, portraits or donor information. Etching creates recessed details that can be filled with color for contrast and readability.",3 - Mini Category
Indoor Signs > Metal Plaques > Bronze Plaques,Bronze Plaques,https://signsny.com/wp-content/uploads/2025/02/r4-bronze.jpeg,"Traditional and formal, ideal for memorial, dedication and exterior plaques with raised lettering or borders.",3 - Mini Category
Indoor Signs > Metal Plaques > Brass Plaques,Brass Plaques,https://signsny.com/wp-content/uploads/2024/12/brass-standoff-signs.jpg,"Warm, classic finish for office, donor and award plaques. Polished, brushed, engraved or paint-filled.",3 - Mini Category
Indoor Signs > Metal Plaques > Aluminum Plaques,Aluminum Plaques,https://signsny.com/wp-content/uploads/2025/06/aluminum.jpg,"Lighter option for building plaques, directories and exterior signs. Corrosion-resistant with a durable finish.",3 - Mini Category
Indoor Signs > Metal Plaques > Stainless Steel Plaques,Stainless Steel Plaques,https://signsny.com/wp-content/uploads/2025/02/thin-etched-stainless-steel.jpeg,"Clean, modern look for corporate offices, medical facilities and lobbies. Durable and polished.",3 - Mini Category
Indoor Signs > Plastic Letters,Plastic Letters,https://signsny.com/wp-content/uploads/2024/12/school-of-rock-plastic-letters.jpg.webp,"Lightweight and versatile, plastic letters offer a clean, bold appearance—ideal for logos, business names, and eye-catching interior walls.",2 - Sub Category
Indoor Signs > Plastic Letters > Pigmented Black,Pigmented Black,https://signsny.com/wp-content/uploads/2025/10/Pigmented-Black.jpg,"Thickness ""1/8 , 3/16 , 1/4 , 3/8 , 1/2 , 3/4 , 1 & 1-1/2""",3 - Mini Category
Indoor Signs > Plastic Letters > Pigmented White,Pigmented White,https://signsny.com/wp-content/uploads/2025/10/Pigmented-White.jpg,"Thickness ""1/8 , 3/16 , 1/4 , 3/8 , 1/2 , 3/4 , 1 & 1-1/2""",3 - Mini Category
Indoor Signs > Plastic Letters > Painted Standard Color,Painted Standard Color,https://signsny.com/wp-content/uploads/2025/10/Painted-Standard-Color.jpg,"Thickness ""1/8 , 3/16 , 1/4 , 3/8 , 1/2 , 3/4 , 1 & 1-1/2""",3 - Mini Category
Indoor Signs > Plastic Letters > Clear,Clear,https://signsny.com/wp-content/uploads/2025/10/Clear.jpg,"Thickness ""1/8 , 3/16 , 1/4 , 3/8 , 1/2 , 3/4 , 1 & 1-1/2""",3 - Mini Category
Indoor Signs > Plastic Letters > Textured Paint,Textured Paint,https://signsny.com/wp-content/uploads/2025/10/Textured-Paint.jpg,"Thickness ""1/8 , 3/16 , 1/4 , 3/8 , 1/2 , 3/4 , 1 & 1-1/2""",3 - Mini Category
Indoor Signs > Plastic Letters > Choose Your Custom Color,Choose Your Custom Color,https://signsny.com/wp-content/uploads/2025/10/custom-colors-for-plastic-letters.jpg,,3 - Mini Category
Indoor Signs > Plastic Letters > Matte Finish,Matte Finish,https://signsny.com/wp-content/uploads/2025/10/Matte-Finish.jpg,,3 - Mini Category
Indoor Signs > Plastic Letters > Gloss Finish,Gloss Finish,https://signsny.com/wp-content/uploads/2025/10/Gloss-Finish.jpg,,3 - Mini Category
Indoor Signs > Plastic Letters > Metal Finish,Metal Finish,https://signsny.com/wp-content/uploads/2025/10/Metal-Finish.jpg,,3 - Mini Category
Indoor Signs > Plastic Letters > Brushed Finish,Brushed Finish,https://signsny.com/wp-content/uploads/2025/10/Brushed-Finish.jpg,,3 - Mini Category
Indoor Signs > Plastic Letters > Plain Mounting,Plain Mounting,https://signsny.com/wp-content/uploads/2025/10/plain-mounting.jpg,,3 - Mini Category
Indoor Signs > Plastic Letters > Double Face Tape Mounting,Double Face Tape Mounting,https://signsny.com/wp-content/uploads/2025/10/double-face-tape-mounting.jpg,,3 - Mini Category
Indoor Signs > Plastic Letters > Stud-w Block Mounting,Stud-w Block Mounting,https://signsny.com/wp-content/uploads/2025/10/stud-w-block-mounting.jpg,,3 - Mini Category
Indoor Signs > Plastic Letters > Flush Stud Mounting,Flush Stud Mounting,https://signsny.com/wp-content/uploads/2025/10/flush-stud-mounting.jpg,,3 - Mini Category
Indoor Signs > Standoff Signs,Standoff Signs,https://signsny.com/wp-content/uploads/2025/07/office-standoff-signs-nyc.jpg.webp,"Modern and stylish signs that literally stand off the wall, creating a floating effect. Perfect for businesses that want a contemporary feel.",2 - Sub Category
Indoor Signs > Door Signs,Door Signs,https://signsny.com/wp-content/uploads/2025/02/door-sign-for-library-nyc.jpg.webp,"Simple yet effective signage to identify rooms, offices, and suites—keeping your space organized and professional.",2 - Sub Category
Indoor Signs > Door Signs > Brass,Brass,https://signsny.com/wp-content/uploads/2024/12/brass-door-signs.jpg,"Make your door signs out of solid brass to set them apart from other forms of office signage. They have an ancient feel to them, which complements your interiors.",3 - Mini Category
Indoor Signs > Door Signs > Acrylic,Acrylic,https://signsny.com/wp-content/uploads/2024/12/acrylic-door-signs.jpg,"Acrylic material is durable and can have the same clear, smooth surface as glass while being considerably lighter, perfect for backing vinyl print office signs.",3 - Mini Category
Indoor Signs > Door Signs > PVC,PVC,https://signsny.com/wp-content/uploads/2024/12/pvc-door-signs.jpg,"Polyvinyl Chloride (PVC) is a strong and long-lasting sign material that is ideal for permanent interior office signs, nameplates, information panels, and notice boards.",3 - Mini Category
Indoor Signs > Door Signs > Aluminum,Aluminum,https://signsny.com/wp-content/uploads/2024/12/aluminum-door-signs.jpg,Aluminum is the most durable signage material to create customized and high-quality office signs that look flawlessly professional.,3 - Mini Category
Indoor Signs > Door Signs > Design & Approval,Design & Approval,,"We collaborate with you to create door sign designs that meet your specific needs, ensuring they align with your brand and functionality requirements before final approval.",3 - Mini Category
Indoor Signs > Door Signs > Payment Quotation,Payment Quotation,,"Receive a detailed and transparent quotation tailored to your project’s design, material, and scope.",3 - Mini Category
Indoor Signs > Door Signs > Sign Production,Sign Production,,"Our skilled team crafts your door signs using high-quality materials, ensuring durability and a professional finish.",3 - Mini Category
Indoor Signs > Lobby Signs,Lobby Signs,https://signsny.com/wp-content/uploads/2024/12/best-accessory-group-lobby-sign-scaled.jpeg.webp,Make a great first impression with lobby signs that reflect your brand’s personality and welcome visitors the right way.,2 - Sub Category
Indoor Signs > Magnetic Menu Boards,Magnetic Menu Boards,https://signsny.com/wp-content/uploads/2025/07/restaurant-magnetic-reception-menu-boards-nyc.jpg.webp,"An easy-to-update solution for cafes, restaurants, and food trucks. Switch out items anytime without needing to redesign your whole board.",2 - Sub Category
Indoor Signs > Magnetic Menu Boards > PVC with Metal,PVC with Metal,https://signsny.com/wp-content/uploads/2024/12/pvc-with-metal.jpg,"PVC is a lightweight material for menu boards that can be attached to walls with metal frames, it can be laminated with a matte or glossy finish.",3 - Mini Category
Indoor Signs > Magnetic Menu Boards > Wood with Metal,Wood with Metal,https://signsny.com/wp-content/uploads/2024/12/wood-with-metal.jpg,"Wood is the traditional material for menu boards, it is fixed with a rust-proof aluminum frame, you can customize the color combination to match your interior.",3 - Mini Category
Indoor Signs > Magnetic Menu Boards > Styrene with Metal,Styrene with Metal,https://signsny.com/wp-content/uploads/2024/12/styrene-with-metal.jpg,"Thinner styrene is best for metal-backed menu boards, styrene is a lightweight plastic that is flexible and perfect for indoor and outdoor menu displays.",3 - Mini Category
Indoor Signs > Window Frosting,Window Frosting,https://signsny.com/wp-content/uploads/2024/11/window-frosting-for-business-nyc.jpg.webp,"Add privacy and a touch of elegance to your windows while still allowing light in. Great for offices, clinics, and storefronts.",2 - Sub Category
Indoor Signs > Neon Signs,Neon Signs,https://signsny.com/wp-content/uploads/2025/02/neon-sign-for-imoveme.jpg.webp,Bring energy and retro flair to your business with glowing neon signs that turn heads—day or night.,2 - Sub Category
Indoor Signs > Neon Signs > Light Box Signs,Light Box Signs,https://signsny.com/wp-content/uploads/2024/12/we-buy-good-seg-light-box.jpg,"Light Box Signs are a great option as well, but are better for large storefront signs where detailed graphics are key. With the wide variety of customization options in terms of shape, size, color, images, and text font, a neon sign can fit in at nearly any type of business. They’re an easy way to set your brand apart and enhance your storefront.",3 - Mini Category
Indoor Signs > Neon Signs > Led Lighted Signs,Led Lighted Signs,https://signsny.com/wp-content/uploads/2023/01/commercial-illuminated-lighted-signs-nyc.jpg,"LED signs are much brighter than neon and can be seen more clearly from further away. They’re also a bit less complicated to repair if broken, since neon tubes involve gases that should only be handled by professional repair workers.",3 - Mini Category
Indoor Signs > ADA Signs,ADA Signs,https://signsny.com/wp-content/uploads/2024/12/custom-ada-signs-nyc-scaled.jpg.webp,"ADA-compliant signage designed for accessibility and inclusivity, ensuring your business meets federal standards.",2 - Sub Category
Indoor Signs > ADA Signs > Directional Signs,Directional Signs,https://signsny.com/wp-content/uploads/2023/01/commercial-building-directional-signs-new-york.jpg,"Indicate exits, elevators, and emergency routes.",3 - Mini Category
Indoor Signs > ADA Signs > Braille Restroom Signs,Braille Restroom Signs,https://signsny.com/wp-content/uploads/2024/12/braille-restroom-sign.jpg,Clear and accessible restroom indicators.,3 - Mini Category
Indoor Signs > ADA Signs > Wayfinding Signs,Wayfinding Signs,https://signsny.com/wp-content/uploads/2023/01/office-wayfinding-directional-signs-nyc.jpg,Help visitors navigate your space with ease.,3 - Mini Category
Indoor Signs > ADA Signs > Parking Signs,Parking Signs,https://signsny.com/wp-content/uploads/2024/12/parking-sign-ny.jpg,ADA-compliant reserved parking spaces.,3 - Mini Category
Indoor Signs > ADA Signs > Custom Solutions,Custom Solutions,https://signsny.com/wp-content/uploads/2024/11/Layer-29.jpg,Designs that align with your branding while meeting ADA requirements.,3 - Mini Category
Indoor Signs > ADA Signs > Quality Materials,Quality Materials,https://signsny.com/wp-content/uploads/2024/11/Layer-30.jpg,Durable frames built to last in high-traffic environments.,3 - Mini Category
Indoor Signs > ADA Signs > Expert Guidance,Expert Guidance,https://signsny.com/wp-content/uploads/2024/11/Layer-31.jpg,Ensure full compliance with ADA regulations.,3 - Mini Category
Indoor Signs > ADA Signs > Fast Turnaround,Fast Turnaround,https://signsny.com/wp-content/uploads/2024/11/Layer-32.png,Reliable service to meet tight deadlines.,3 - Mini Category
Indoor Signs > Aisle Signs,Aisle Signs,https://signsny.com/wp-content/uploads/2025/02/aisle-signs-with-symbols-nyc.jpg.webp,"Directional signage with clear symbols and labels, helping customers and visitors navigate aisles with ease.",2 - Sub Category
Indoor Signs > Aisle Signs > Ceiling-Mounted Aisle Signs,Ceiling-Mounted Aisle Signs,,"Ideal for high-ceiling spaces, providing clear directional guidance from above.",3 - Mini Category
Indoor Signs > Aisle Signs > Freestanding Aisle Signs,Freestanding Aisle Signs,,Portable or fixed floor-standing signs ideal for flexible layouts and temporary section labeling.,3 - Mini Category
Indoor Signs > Aisle Signs > Wall-Mounted Aisle Signs,Wall-Mounted Aisle Signs,,"Installed directly on walls or endcaps to clearly identify aisles, sections, or categories.",3 - Mini Category
Indoor Signs > Aisle Signs > Shelf Labels and Tags,Shelf Labels and Tags,,"Compact markers placed on racks or shelving units to pinpoint specific bins, sections, or product SKUs.",3 - Mini Category
Indoor Signs > Aisle Signs > Design & Approval,Design & Approval,,We create custom aisle sign designs tailored to your space. Production begins only after your approval.,3 - Mini Category
Indoor Signs > Aisle Signs > Payment Quotation,Payment Quotation,,"Receive a clear, detailed quote based on your approved design and project scope.",3 - Mini Category
Indoor Signs > Aisle Signs > Sign Production,Sign Production,,"We use high-quality materials and modern techniques to produce durable, attractive aisle signs.",3 - Mini Category
Indoor Signs > Aisle Signs > Tailored Solutions,Tailored Solutions,https://signsny.com/wp-content/uploads/2024/11/Layer-29.jpg,Custom designs to fit your specific needs and branding.,3 - Mini Category
Indoor Signs > Aisle Signs > Premium Materials,Premium Materials,https://signsny.com/wp-content/uploads/2024/11/Layer-30.jpg,Durable and weather-resistant options for long-lasting use.,3 - Mini Category
Indoor Signs > Aisle Signs > Advanced Technology,Advanced Technology,https://signsny.com/wp-content/uploads/2024/11/Layer-31.jpg,We utilize cutting-edge tools like laser cutting and CNC routing for precision.,3 - Mini Category
Indoor Signs > Aisle Signs > Fast Turnaround,Fast Turnaround,https://signsny.com/wp-content/uploads/2024/11/Layer-32.png,Quick production times to meet your deadlines.,3 - Mini Category
Indoor Signs > Directory Signs,Directory Signs,https://signsny.com/wp-content/uploads/2025/02/directory-signs-for-hospitals.jpg.webp,"Organized signage to display departments, suites, or room listings—commonly used in hospitals, offices, and malls.",2 - Sub Category
Indoor Signs > Foam Letters,Foam Letters,https://signsny.com/wp-content/uploads/2024/12/game-foam-letters-nyc.jpg.webp,"Lightweight 3D letters that create bold, dimensional branding for walls, events, or promotions.",2 - Sub Category
Indoor Signs > Foam Letters > Acrylic Finishes,Acrylic Finishes,https://signsny.com/wp-content/uploads/2025/10/Matte-Finish.jpg,,3 - Mini Category
Indoor Signs > Foam Letters > PVC Finishes,PVC Finishes,https://signsny.com/wp-content/uploads/2025/10/Gloss-Finish.jpg,,3 - Mini Category
Indoor Signs > Foam Letters > Metal Finishes,Metal Finishes,https://signsny.com/wp-content/uploads/2025/10/Metal-Finish.jpg,,3 - Mini Category
Indoor Signs > Foam Letters > Stud mounting (for wall installations),Stud mounting (for wall installations),https://signsny.com/wp-content/uploads/2025/10/double-face-tape-mounting.jpg,,3 - Mini Category
Indoor Signs > Foam Letters > Foam adhesive mounting,Foam adhesive mounting,https://signsny.com/wp-content/uploads/2025/10/stud-w-block-mounting.jpg,,3 - Mini Category
Indoor Signs > Foam Letters > Stand-off spacers for dimensional wall effects,Stand-off spacers for dimensional wall effects,https://signsny.com/wp-content/uploads/2025/10/flush-stud-mounting.jpg,,3 - Mini Category
Indoor Signs > PVC Letters,PVC Letters,https://signsny.com/wp-content/uploads/2025/07/lightweight-pvc-letter-signs.jpg.webp,"Durable, lightweight PVC lettering ideal for indoor branding, displays, and wall-mounted designs.",2 - Sub Category
Indoor Signs > SEG Light Box Signs,SEG Light Box Signs,https://signsny.com/wp-content/uploads/2024/12/premium-seg-light-box-signage-scaled.jpg.webp,Slim illuminated displays with stretch fabric graphics—great for retail and trade shows.,2 - Sub Category
Indoor Signs > SEG Light Box Signs > Single Sided Light Boxes,Single Sided Light Boxes,https://signsny.com/wp-content/uploads/2024/12/seg-led-single-sided.jpg,,3 - Mini Category
Indoor Signs > SEG Light Box Signs > Double Sided Light Boxes,Double Sided Light Boxes,https://signsny.com/wp-content/uploads/2024/12/charisma-led-double-sided-light-box-xsd46fpmb-s-graphic-01.jpg,,3 - Mini Category
Indoor Signs > SEG Light Box Signs > Slim Profile Light Boxes,Slim Profile Light Boxes,https://signsny.com/wp-content/uploads/2024/12/seg-led-single-sided.jpg,,3 - Mini Category
Indoor Signs > SEG Light Box Signs > Non-Lit Fabric Light Boxes,Non-Lit Fabric Light Boxes,https://signsny.com/wp-content/uploads/2024/12/single-sided-fabric-light-box-1.jpg,"Classic and elegant, non-lit fabric light boxes offer a clean canvas to showcase graphics without illumination — perfect for creating subtle displays.",3 - Mini Category
Indoor Signs > SEG Light Box Signs > Backlighting,Backlighting,https://signsny.com/wp-content/uploads/2024/12/seg-fabric-paiting-backlighting.jpg,"Infuse life into visuals with backlighting, creating a captivating glow that adds depth and intrigue to graphics and messages.",3 - Mini Category
Indoor Signs > SEG Light Box Signs > Sidelighting,Sidelighting,https://signsny.com/wp-content/uploads/2024/12/seg-fabric-printing-frames.jpg,"Illuminate from the side to accentuate textures and patterns, casting striking shadows and creating a sense of dimension within your displays.",3 - Mini Category
Indoor Signs > SEG Light Box Signs > MINI SINGLE-SIDED,MINI SINGLE-SIDED,https://signsny.com/wp-content/uploads/2024/12/mini-single-sided-frame-profile-extrusion.jpeg,.625 in. FRAME PROFILE,3 - Mini Category
Indoor Signs > SEG Light Box Signs > SINGLE-SIDED,SINGLE-SIDED,https://signsny.com/wp-content/uploads/2024/12/single-sided-seg-frame-profile-assemble-installation.jpeg,1 in. FRAME PROFILE,3 - Mini Category
Indoor Signs > SEG Light Box Signs > DOUBLE-SIDED,DOUBLE-SIDED,https://signsny.com/wp-content/uploads/2024/12/double-sided-silicion-edge-graphics-frame-installation-assembly.jpeg,1.7 in. FRAME PROFILE,3 - Mini Category
Indoor Signs > SEG Light Box Signs > RETRO FIT,RETRO FIT,https://signsny.com/wp-content/uploads/2024/12/retro-fit-seg-frame-profile.jpeg,1.28 in. FRAME PROFILE,3 - Mini Category
Indoor Signs > SEG Light Box Signs > Design & Approval,Design & Approval,,Our team works closely with you to craft custom silicone edge graphic designs that bring your vision to life. Your approval is our priority before moving forward.,3 - Mini Category
Indoor Signs > SEG Light Box Signs > Payment Quotation,Payment Quotation,,"We provide a clear and detailed quotation tailored to your design and project needs, ensuring complete transparency throughout the process.",3 - Mini Category
Indoor Signs > SEG Light Box Signs > Sign Production,Sign Production,,"Using premium materials and advanced technology, we manufacture high-quality SEG light box signs with sharp, vibrant visuals and durable craftsmanship.",3 - Mini Category
Indoor Signs > SEG Light Box Signs > Wall Mounted,Wall Mounted,https://signsny.com/wp-content/uploads/2024/12/wal-mounted-seg-frame.jpeg,,3 - Mini Category
Indoor Signs > SEG Light Box Signs > Ceiling Suspended,Ceiling Suspended,https://signsny.com/wp-content/uploads/2024/12/ceiling-suspended-seg-frame.jpeg,,3 - Mini Category
Indoor Signs > SEG Light Box Signs > Freestanding,Freestanding,https://signsny.com/wp-content/uploads/2024/12/Freestanding-seg-frames.jpeg,,3 - Mini Category
Indoor Signs > Regulatory Signs,Regulatory Signs,https://signsny.com/wp-content/uploads/2025/06/lane-closed-arrow-road-signs.jpg.webp,"Compliance-driven signs that display warnings, restrictions, and rules.",2 - Sub Category
Indoor Signs > Regulatory Signs > Stairwells,Stairwells,https://signsny.com/wp-content/uploads/2025/09/custom-regulatory-signage-ny.jpg,Stairwell signs guide people to safe exit routes and improve navigation during emergencies. Clear labeling ensures compliance and easy identification.,3 - Mini Category
Indoor Signs > Regulatory Signs > Elevators,Elevators,https://signsny.com/wp-content/uploads/2025/09/custom-regulatory-signs-ny.jpg,"Elevator signs display rules, capacities, and accessibility details, keeping usage safe and organized for tenants and visitors.",3 - Mini Category
Indoor Signs > Regulatory Signs > Fire exits,Fire exits,https://signsny.com/wp-content/uploads/2025/09/custom-regulatory-signage-1.jpg,"Fire exit signs provide clear directions during emergencies, ensuring safe evacuation and compliance with safety standards.",3 - Mini Category
Indoor Signs > Regulatory Signs > Entryways,Entryways,https://signsny.com/wp-content/uploads/2025/09/best-custom-regulatory-signage-2.jpg,"Entryway signs mark access points, control building flow, and enhance both security and professionalism.",3 - Mini Category
Outdoor Signs,Outdoor Signs,,,1 - Main Category
Outdoor Signs > Retractable Awnings,Retractable Awnings,https://signsny.com/wp-content/uploads/2025/04/retractable-awnings-for-business-nyc.jpg.webp,"Shade when you need it, sun when you don’t—ideal for storefronts, patios, and restaurants.",2 - Sub Category
Outdoor Signs > Retractable Awnings > Full Cassette,Full Cassette,https://signsny.com/wp-content/uploads/2024/12/full-cassette-awning.jpg,"In these awnings, when the awning cover is retracted or pulled back, the fabric along with the awning arms sweeps inside the metal cassette completely. It protects the fabric and arms from weather when not in use.",3 - Mini Category
Outdoor Signs > Retractable Awnings > Semi Cassette,Semi Cassette,https://signsny.com/wp-content/uploads/2024/12/semi-cassette-awning.jpg,"In these awnings, the fabric and awning arms are just partially covered by the metal cassette. It is between full cassette and open awning. It is a good choice for somewhat more sheltered areas.",3 - Mini Category
Outdoor Signs > Retractable Awnings > Motorized Awnings,Motorized Awnings,https://signsny.com/wp-content/uploads/2023/01/motorized-retractable-awnings-new-york.jpg,These are easy to use as they have a motor attached to them which operates when connected to electricity. It gives you options to retract the awning either with a switch or remote control. These are mostly used for commercial purposes especially by big open-area restaurants.,3 - Mini Category
Outdoor Signs > Retractable Awnings > Open,Open,https://signsny.com/wp-content/uploads/2024/12/opn-awning.jpg,It doesn’t have any metal cassette enclosure to protect the fabric when not in use. It is a good option for sheltered areas or areas where weather isn’t that harsh.,3 - Mini Category
Outdoor Signs > Retractable Awnings > Manual,Manual,https://signsny.com/wp-content/uploads/2024/12/manual-awning.jpg,"You can retract the cover manually by hand. For this purpose, there are winding handles attached to the metal bar of the awnings. You wind them and the cover gets retracted to the cassette.",3 - Mini Category
Outdoor Signs > Retractable Awnings > Vinyl Coated Polyester,Vinyl Coated Polyester,https://signsny.com/wp-content/uploads/2024/12/vinyl-coated-polyester.jpg,"This composite of vinyl and polyester is really light-weighted and flexible. These features make it a good choice for retractable awnings. This is not only weatherproof but also UV and mildew resistant. However, it has color limitations. You can’t have it in all colors.",3 - Mini Category
Outdoor Signs > Retractable Awnings > Avery Dennison,Avery Dennison,https://signsny.com/wp-content/uploads/2024/12/vinyl-laminated-polyester.jpg,"This is also polyester and vinyl composite but instead of being coated, vinyl is laminated on the both sides of the polyester. It gives it some extra strength. Moreover, it is antifungal and UV resistant too. This material is highly used for commercial applications especially for outdoor umbrellas.",3 - Mini Category
Outdoor Signs > Retractable Awnings > Acrylic Coated Polyester,Acrylic Coated Polyester,https://signsny.com/wp-content/uploads/2024/12/acrylic-coated-polyester.jpg,"This composite of acrylics and polyesters is highly durable and breathable. It is weather resistant but not 100% waterproof. However, it’s considered a good choice for homes located in humid areas.",3 - Mini Category
Outdoor Signs > Retractable Awnings > Solution-Dyed Acrylics,Solution-Dyed Acrylics,https://signsny.com/wp-content/uploads/2024/12/solution-dyed-acrylics.jpg,It is made of fabric dyed with acrylic pigments that give it some added strength and strong colors which don’t fade easily. It is considered a good choice for outdoor awnings because of the strength of the fabric to withstand all types of extreme weathers.,3 - Mini Category
Outdoor Signs > Retractable Awnings > Customization,Customization,,"You can have them in your customized patterns. We know how important your brand is, that’s why we also offer awnings with company logos to help you grow your business.",3 - Mini Category
Outdoor Signs > Retractable Awnings > Good Quality,Good Quality,,We never compromise on the quality of the awning material. We provide you with high-quality fabric that can go a long way. The fabric can stay functional for 5-15 years depending upon its material.,3 - Mini Category
Outdoor Signs > Retractable Awnings > Installation,Installation,,Our professional installation ensures your awning is securely mounted for long-lasting performance. We handle all site measurements and mounting options to fit your space perfectly.,3 - Mini Category
Outdoor Signs > Retractable Awnings > Protection from UV Radiations,Protection from UV Radiations,https://signsny.com/wp-content/uploads/2024/11/Layer-29.jpg,They provide protection from UVA and UVB radiations which are really harmful for skin and can even lead to skin cancer. These awnings act as a shade and after installing them you can easily enjoy the weather without worrying by sun exposure.,3 - Mini Category
Outdoor Signs > Retractable Awnings > Adjustable Metal Arms,Adjustable Metal Arms,https://signsny.com/wp-content/uploads/2024/11/Layer-30.jpg,The unique thing about retractable awning is that you can easily readjust their metal arms. It gives you the liberty to control the amount of sunlight entering your place and enjoy the perfect amount of sun or shade as per your choice. You can also change the pitch/angle according to your need.,3 - Mini Category
Outdoor Signs > Retractable Awnings > Ease of Use,Ease of Use,https://signsny.com/wp-content/uploads/2024/11/Layer-31.jpg,Motorized retractable awnings are really easy to use. You can extend or retract their covers just by using a switch or remote control. It couldn’t get any simpler. You can readjust the cover with greater ease.,3 - Mini Category
Outdoor Signs > Retractable Awnings > Long-Lasting,Long-Lasting,https://signsny.com/wp-content/uploads/2024/11/Layer-32.png,"Because their metal arms and covers can be covered when not in use, it protects the awning material from harsh weather and saves it from damage. It increases the longevity of the awning and also saves money that is spent on maintenance.",3 - Mini Category
Outdoor Signs > Commercial Awnings,Commercial Awnings,https://signsny.com/wp-content/uploads/2023/10/commercial-awnings-business.jpg.webp,"Durable, stylish awnings that add coverage and branding to your business façade.",2 - Sub Category
Outdoor Signs > Commercial Awnings > Custom Design and Branding,Custom Design and Branding,,Offering tailored awning solutions and personalized branding to meet the unique aesthetics and requirements of each business.,3 - Mini Category
Outdoor Signs > Commercial Awnings > Survey and Site Analysis,Survey and Site Analysis,,"Our experts conduct thorough site evaluations to determine the best awning solutions, considering factors like architecture, sun exposure, and local weather conditions.",3 - Mini Category
Outdoor Signs > Commercial Awnings > Weatherproofing,Weatherproofing,,"Providing awnings that are resilient to various weather conditions, including rain, wind, and sun, ensuring they remain in prime condition throughout the seasons.",3 - Mini Category
Outdoor Signs > Commercial Awnings > Emergency Repairs,Emergency Repairs,,"Swift response to any awning damages or malfunctions, ensuring the safety and aesthetics of your storefront are maintained",3 - Mini Category
Outdoor Signs > Commercial Awnings > Permit and Regulation,Permit and Regulation,,Guiding businesses through the necessary permits and regulations associated with awning installation in different localities.,3 - Mini Category
Outdoor Signs > Commercial Awnings > Awning Designing & Fabrication,Awning Designing & Fabrication,https://signsny.com/wp-content/uploads/2024/12/awning-designing-and-fabrication.jpg,Turn your vision into reality with our bespoke awning design services.,3 - Mini Category
Outdoor Signs > Commercial Awnings > Awning Removal And Installation,Awning Removal And Installation,https://signsny.com/wp-content/uploads/2024/12/awning-removal-and-installation.jpg,"Our team is well-equipped to install various types of awnings, ensuring durability, safety, and optimal performance.",3 - Mini Category
Outdoor Signs > Commercial Awnings > Refacing Of Old Awning Recover / Re-Skining,Refacing Of Old Awning Recover / Re-Skining,https://signsny.com/wp-content/uploads/2024/12/refacing-of-old-awning.jpg,"From replacement of fabric, name, or graphics. Our team is ready to take on your call.",3 - Mini Category
Outdoor Signs > Commercial Awnings > Awning Lighting Repair,Awning Lighting Repair,https://signsny.com/wp-content/uploads/2024/12/awning-lighting-repair.jpg,Our awning lighting repair services ensure your awning remains brilliantly illuminated.,3 - Mini Category
Outdoor Signs > Commercial Awnings > Sunbrella Fabrics,Sunbrella Fabrics,https://signsny.com/wp-content/uploads/2024/12/sunbrella-fabrics-commercial-awnings-nyc.jpg,"Sunbrella fabrics offer premium durability with a soft, upscale look. They resist fading, mold, and mildew perfect for year-round weather protection with low maintenance.",3 - Mini Category
Outdoor Signs > Commercial Awnings > Vinyl,Vinyl,https://signsny.com/wp-content/uploads/2024/12/vinyl-commercial-awnings.jpg,"Vinyl awnings are strong, waterproof, and easy to clean. Ideal for busy storefronts, they combine durability with a sleek, modern appearance.",3 - Mini Category
Outdoor Signs > Commercial Awnings > Backlit Awning / Vinyl,Backlit Awning / Vinyl,https://signsny.com/wp-content/uploads/2024/12/backlit-awning-vinyl-nyc.jpg,Backlit vinyl awnings enhance visibility day and night. The illuminated surface highlights your branding while providing reliable weather protection.,3 - Mini Category
Outdoor Signs > Vestibules,Vestibules,https://signsny.com/wp-content/uploads/2025/04/outdoor-winte-vestibuel-for-raclette.jpg.webp,Seasonal or permanent structures that provide weather protection and create a welcoming entrance.,2 - Sub Category
Outdoor Signs > Blade Signs,Blade Signs,https://signsny.com/wp-content/uploads/2024/12/beats-and-barres-blade-sign.jpg.webp,"Perpendicular signs that extend outward, grabbing attention from pedestrians and street traffic.",2 - Sub Category
Outdoor Signs > Blade Signs > Scroll / Ornamental,Scroll / Ornamental,https://signsny.com/wp-content/uploads/2026/04/Scroll-_-Ornamental.jpg,"Wrought-iron or powder-coated steel with decorative scrollwork. Classic for boutiques in Park Slope, cafes in the West Village, and historic neighborhoods throughout NYC and NJ. Black, bronze, gold, or custom finishes.",3 - Mini Category
Outdoor Signs > Blade Signs > Straight-Arm / Minimal,Straight-Arm / Minimal,https://signsny.com/wp-content/uploads/2026/04/Straight-Arm-_-Minimal.jpg,"Clean horizontal arm. Modern, architectural. Suited for corporate offices in Midtown, tech companies in DUMBO, hotels, and contemporary retail. Steel or aluminum with matte or brushed finish.",3 - Mini Category
Outdoor Signs > Blade Signs > Pole-Mounted,Pole-Mounted,https://signsny.com/wp-content/uploads/2026/04/Pole-Mounted.jpg,"Hangs from a vertical pole extending from the facade or freestanding post. Common in strip malls across New Jersey, multi-tenant buildings, and mixed-use developments. Easy sign changes in shared configurations.",3 - Mini Category
Outdoor Signs > Blade Signs > Flush Wall-Mount + Standoff,Flush Wall-Mount + Standoff,https://signsny.com/wp-content/uploads/2026/04/Flush-Wall-Mount-and-Standoff-blade-sign.jpg,"Short arm holds sign parallel to wall but pushed out 6–12"". A hybrid between flat wall sign and full projecting blade. Good for buildings with limited sidewalk clearance — common on narrow Manhattan side streets.",3 - Mini Category
Outdoor Signs > Blade Signs > Ceiling-Hung / Interior Projecting,Ceiling-Hung / Interior Projecting,https://signsny.com/wp-content/uploads/2026/04/Ceiling-Hung-_-Interior-Projecting.jpg,"Suspended from ceiling or mounted perpendicular to interior walls. For shopping centers, food halls like Urbanspace or Gotham West Market, office building lobbies, and hotel corridors. Used for wayfinding and tenant identification in multi-story or multi-unit buildings throughout NYC and NJ.",3 - Mini Category
Outdoor Signs > Aluminum Metal Signs,Aluminum Metal Signs,https://signsny.com/wp-content/uploads/2024/12/custom-metal-business-signage.jpg.webp,"Strong, sleek aluminum signage that offers a modern, professional look for outdoor branding.",2 - Sub Category
Outdoor Signs > Aluminum Metal Signs > Flat Sign Without Frame,Flat Sign Without Frame,https://signsny.com/wp-content/uploads/2024/12/flat-signs-without-frame.jpg,"Sleek, unbordered signage option that offers a modern, minimalistic look, directly mounted onto a surface.",3 - Mini Category
Outdoor Signs > Aluminum Metal Signs > Flat Sign with Frame,Flat Sign with Frame,https://signsny.com/wp-content/uploads/2024/12/flat-sign-with-frame.jpg,"Incorporates a border around the signage, enhancing its visual appeal and structure, and often aids in durability and installation.",3 - Mini Category
Outdoor Signs > Aluminum Metal Signs > Tin Signs,Tin Signs,https://signsny.com/wp-content/uploads/2024/12/tin-metal-signs-nyc.jpg,These signs are evocative of retro signs. You can get them in custom different designs and colors. You can also get them painted.,3 - Mini Category
Outdoor Signs > Aluminum Metal Signs > Indoor Signs,Indoor Signs,https://signsny.com/wp-content/uploads/2023/01/kershner-trading-group-acrylic-standoff-lobby-sign.jpg,"Custom Indoor Signs: Tailored for Offices, Hospitals, Schools, and Government Buildings. Indoor signs are important for these places, making them look good and easy to find your way around. Check out our custom indoor sign options:",3 - Mini Category
Outdoor Signs > Aluminum Metal Signs > Outdoor Signs,Outdoor Signs,https://signsny.com/wp-content/uploads/2024/12/swinging-blade-sign.jpg,"Ideal for Restaurants, Stores, and Shopping Malls. Outdoor signs are a must for these places, making them stand out and easy to find. Discover our custom outdoor sign options:",3 - Mini Category
Outdoor Signs > Aluminum Metal Signs > Large Format Printing,Large Format Printing,https://signsny.com/wp-content/uploads/2025/06/stadium-outdoor-mesh-banners.jpg,"Large format printing creates eye-catching visuals. From business promotions to events, our high-resolution prints make messages stand out, ensuring your content captures attention effectively and memorably:",3 - Mini Category
Outdoor Signs > Aluminum Metal Signs > Design & Approval,Design & Approval,,Our team works closely with you to create custom metal sign designs that reflect your brand’s identity. We ensure every detail meets your expectations before moving forward.,3 - Mini Category
Outdoor Signs > Aluminum Metal Signs > Payment Quotation,Payment Quotation,,"Receive a clear and detailed quotation based on your design and project specifications, ensuring transparency at every stage.",3 - Mini Category
Outdoor Signs > Aluminum Metal Signs > Sign Production,Sign Production,,"Using premium metals and precision manufacturing techniques, we craft durable and visually striking metal signs tailored to your needs.",3 - Mini Category
Outdoor Signs > Carved Signs,Carved Signs,https://signsny.com/wp-content/uploads/2025/04/welcome-carved-sign.jpg.webp,"Classic engraved signs with depth and character—perfect for traditional, timeless appeal.",2 - Sub Category
Outdoor Signs > Carved Signs > Sandblasting,Sandblasting,https://signsny.com/wp-content/uploads/2024/12/carved-signs-sandblasting.png,Sandblasting can accentuate the wood grain of your natural wood sign or add texture to the background of your HDU sign.,3 - Mini Category
Outdoor Signs > Carved Signs > Hand Painting,Hand Painting,https://signsny.com/wp-content/uploads/2024/12/carved-signs-hand-painting.png,"If you want to add some extra color to your sign, we offer both hand and machine painting. If you need us to use a specific color to match a logo or company theme, we can do that as well.",3 - Mini Category
Outdoor Signs > Carved Signs > Gold Leaf,Gold Leaf,https://signsny.com/wp-content/uploads/2024/12/carved-signs-gold-leaf.png,"A touch of gold on your sign adds sophistication and a sense of high-end glamor to it and your business. Often added to lettering, it can also be applied to simple graphics, logos, and anything else you include in your design.",3 - Mini Category
Outdoor Signs > Carved Signs > 3D Lettering,3D Lettering,https://signsny.com/wp-content/uploads/2024/12/carved-signs-3d-lettering.png,"Add a visually arresting, dimensional quality to your sign with letters that stand apart from the rest of the sign. This not only elevates the overall design, it makes it easier to read, and informs passersby and potential customers of your location from a greater distance.",3 - Mini Category
Outdoor Signs > Carved Signs > Wood,Wood,https://signsny.com/wp-content/uploads/elementor/thumbs/wood-material-rix5f50cf3jioexfjw62pjhdmtbuaoedj4kx30avg2.jpg,"Wood is the traditional material used for high density carved signs, we make customized hand-made carved wood signs that are perfect for a unique look.",3 - Mini Category
Outdoor Signs > Carved Signs > HDU,HDU,https://signsny.com/wp-content/uploads/elementor/thumbs/high-density-urethane-for-crestwood-mill-nyc-scaled-rix5dzng2dywhkli9eahntx3huzovzu6pfvjyu071u.jpg,"High-density urethane, known as HDU is a material in the market used in carved wood signs which has closed-cells. It is highly water-proof and it is sealed to all the oil-based diluters.",3 - Mini Category
Outdoor Signs > Carved Signs > Komacel™,Komacel™,https://signsny.com/wp-content/uploads/elementor/thumbs/Komacel™-rj01ypumvdlj0y4bw7yrrbcfu54l60jon42ziq07ua.jpg,Komacel™ is an integral skin foam PVC sheets which helps to make custom carved signs because of their easy customization qualities and engaging appearance.,3 - Mini Category
Outdoor Signs > Carved Signs > LusterBoard™,LusterBoard™,https://signsny.com/wp-content/uploads/elementor/thumbs/LusterBoard™-rj01yqsh27mtck2yqqdebt3wfizydpnez8qgzzyto2.jpg,"LusterBoard™ is a collection of a premium, exterior furniture-grade plywood material easily customizable material to create a durable, high-quality custom carved wood signs.",3 - Mini Category
Outdoor Signs > Carved Signs > Design & Approval,Design & Approval,,Our team works closely with you to create a custom carved sign that reflects your vision. We ensure your complete satisfaction before moving forward.,3 - Mini Category
Outdoor Signs > Carved Signs > Payment Quotation,Payment Quotation,,"Receive a detailed and transparent quotation tailored to your carved sign’s design, materials, and project requirements.",3 - Mini Category
Outdoor Signs > Carved Signs > Sign Production,Sign Production,,"Using high-quality materials like wood, HDU, or metal, our skilled artisans meticulously carve and finish your sign for a timeless and durable result.",3 - Mini Category
Outdoor Signs > Channel Letters,Channel Letters,https://signsny.com/wp-content/uploads/2024/12/channel-letter-dream-town-real-estate-nyc.jpg.webp,"Illuminated 3D letters that shine brightly, day or night, for maximum visibility.",2 - Sub Category
Outdoor Signs > Channel Letters > Front-Lit Channel Letters,Front-Lit Channel Letters,https://signsny.com/wp-content/uploads/2024/12/yellow-channel-letters.jpg,"The most popular option, featuring illumination from the front face for vibrant visibility.",3 - Mini Category
Outdoor Signs > Channel Letters > Back-Lit Channel Letters,Back-Lit Channel Letters,https://signsny.com/wp-content/uploads/2024/12/claires-channel-letter-nyc.jpg,"Also known as halo-lit signs, these create a soft, glowing effect behind each letter for a sophisticated look.",3 - Mini Category
Outdoor Signs > Channel Letters > Combination-Lit Channel Letters,Combination-Lit Channel Letters,https://signsny.com/wp-content/uploads/2024/12/commercial-channel-letters.jpg,A mix of front and back-lit illumination for maximum impact and creativity.,3 - Mini Category
Outdoor Signs > Channel Letters > Open Face Channel Letters,Open Face Channel Letters,https://signsny.com/wp-content/uploads/2025/07/dream-town-real-estate-backlit-channel-letter.jpg,"These expose the internal lighting, typically neon or LEDs, for a retro or striking appearance.",3 - Mini Category
Outdoor Signs > Channel Letters > Design & Approval,Design & Approval,,"Our team works with you to create custom channel letter designs that reflect your brand and vision, ensuring complete satisfaction before production.",3 - Mini Category
Outdoor Signs > Channel Letters > Payment Quotation,Payment Quotation,,"Receive a clear and detailed quote based on your design, materials, and project scope for full transparency.",3 - Mini Category
Outdoor Signs > Channel Letters > Sign Production,Sign Production,,"Using premium materials and advanced fabrication techniques, we craft durable, high-impact channel letters built to last.",3 - Mini Category
Outdoor Signs > Hand Painted Signs,Hand Painted Signs,https://signsny.com/wp-content/uploads/2024/12/cotton-candy-hand-painted-sign.jpg.webp,"Custom artistic signage with a personal, handcrafted touch for a vintage or boutique look.",2 - Sub Category
Outdoor Signs > Hand Painted Signs > Design & Approval,Design & Approval,,"Our artists work closely with you to develop custom hand-painted designs that align with your vision, ensuring your satisfaction before moving forward.",3 - Mini Category
Outdoor Signs > Hand Painted Signs > Payment Quotation,Payment Quotation,,"Receive a clear and detailed quote based on your design, size, and project specifications for complete transparency.",3 - Mini Category
Outdoor Signs > Hand Painted Signs > Hand-Painting Process,Hand-Painting Process,,"Our skilled painters use high-quality paints and expert techniques to create vibrant, long-lasting signage with meticulous attention to detail.",3 - Mini Category
Outdoor Signs > Hand Painted Signs > Final Installation,Final Installation,,"Our team ensures your hand-painted sign is carefully positioned for maximum impact, whether on walls, windows, or other surfaces.",3 - Mini Category
Outdoor Signs > A Frame Signs,A Frame Signs,https://signsny.com/wp-content/uploads/2024/12/a-frame-sign-for-constuction-industry.jpg.webp,"Portable, foldable signs ideal for sidewalks, promotions, menus, or event advertising.",2 - Sub Category
"Outdoor Signs > A Frame Signs > Plastic A-Frame - 24"" x 36""","Plastic A-Frame - 24"" x 36""",,"Durable and versatile, this A-frame sign is perfect for advertising in high-traffic areas. Its weather-resistant design ensures your message remains clear and impactful.",3 - Mini Category
"Outdoor Signs > A Frame Signs > Billboard - 36"" x 48""","Billboard - 36"" x 48""",,"With its bold, large display, the Signicade Billboard offers maximum visibility for your promotions. Its sturdy build makes it ideal for both indoor and outdoor use.",3 - Mini Category
"Outdoor Signs > A Frame Signs > Metal A-Frame - 24"" x 36""","Metal A-Frame - 24"" x 36""",,Showcase your real estate listings professionally with this spacious and durable frame. It’s lightweight and easy to transport for on-the-go property promotions.,3 - Mini Category
"Outdoor Signs > A Frame Signs > Realtor A-Frame 18"" x 24""","Realtor A-Frame 18"" x 24""",,"Perfect for customizable messages, these A-frames allow you to change content daily with ease. Their stylish design adds a creative touch to any setting.",3 - Mini Category
Outdoor Signs > A Frame Signs > Wind-Resistant A-Frames,Wind-Resistant A-Frames,,"Designed to endure tough weather conditions, these frames ensure your message stays visible. Their weighted base provides extra stability for outdoor use.",3 - Mini Category
Outdoor Signs > Light Box Signs,Light Box Signs,https://signsny.com/wp-content/uploads/2024/12/we-buy-good-seg-light-box.jpg.webp,Backlit signs with vibrant graphics that stay visible even after dark.,2 - Sub Category
Outdoor Signs > Light Box Signs > Standard Light Box Signs,Standard Light Box Signs,https://signsny.com/wp-content/uploads/2024/12/standard-light-box-signs.jpeg,"These are the typical front-lit light boxes with a translucent panel and internal lighting, usually LED or fluorescent, that illuminates the sign face for easy visibility.",3 - Mini Category
Outdoor Signs > Light Box Signs > Free Standing Light Box Signs,Free Standing Light Box Signs,https://signsny.com/wp-content/uploads/2024/12/free-standing-light-box-signs.jpeg,"Free-standing lightbox signs are independent structures that are affixed directly to the floor or ground, with this style you can stand out and make a statement in any situation.",3 - Mini Category
Outdoor Signs > Light Box Signs > Double-Sided Light Boxes,Double-Sided Light Boxes,https://signsny.com/wp-content/uploads/2024/12/double-sided-light-box-signs.jpeg,"Ideal for hanging or standing out from a building, these signs are visible from both sides, often used in shopping malls, airports, or as street signage.",3 - Mini Category
Outdoor Signs > Light Box Signs > Slim Profile Light Boxes,Slim Profile Light Boxes,https://signsny.com/wp-content/uploads/2024/12/slim-profile-light-box-signs.jpeg,"known for their sleek profile, they are used where space is at a premium or a more subtle sign is needed. They're popular for indoor displays, menus, and retail advertising.",3 - Mini Category
Outdoor Signs > Light Box Signs > Wall Blade Light Box Signs,Wall Blade Light Box Signs,https://signsny.com/wp-content/uploads/2024/12/wall-blade-light-box-signs.jpeg,The wall blade option is one of the most common mountings for lightbox signage. The sign is mounted to the wall using a metallic structure just like a blade sign.,3 - Mini Category
Outdoor Signs > Light Box Signs > Outdoor Light Boxes,Outdoor Light Boxes,https://signsny.com/wp-content/uploads/2024/12/outdoor-light-box-signs-nyc.jpeg,"Specifically designed to withstand the elements, these are robust and often have waterproofing and durable materials suitable for exterior use.",3 - Mini Category
Outdoor Signs > Light Box Signs > Installations,Installations,,Start by sharing your design files or images to convey your vision.,3 - Mini Category
Outdoor Signs > Light Box Signs > Quotations,Quotations,,Simply upload your design files to start quotation process.,3 - Mini Category
Outdoor Signs > Light Box Signs > Sign Gets Fabricated,Sign Gets Fabricated,,"Once your design is finalized, we move to meticulously crafting your sign with precision and quality",3 - Mini Category
Outdoor Signs > Light Box Signs > Pickup & Delivery,Pickup & Delivery,,"You can request pickup, delivery or we can install.",3 - Mini Category
Outdoor Signs > Light Box Signs > High Visibility,High Visibility,https://signsny.com/wp-content/uploads/2024/11/Layer-29.jpg,"The illumination from light box signs ensures that your message is visible both day and night, catching the eye of passersby more effectively than non-illuminated signs.",3 - Mini Category
Outdoor Signs > Light Box Signs > Professional Appearance,Professional Appearance,https://signsny.com/wp-content/uploads/2024/11/Layer-30.jpg,"Light box signs have a sleek, professional look that can elevate your brand's perceived value and make a positive impression on potential customers.",3 - Mini Category
Outdoor Signs > Light Box Signs > Customizable,Customizable,https://signsny.com/wp-content/uploads/2024/11/Layer-31.jpg,"They can be customized in various shapes, sizes, and colors to fit your brand's specific needs and aesthetic, ensuring a unique and tailored look.",3 - Mini Category
Outdoor Signs > Light Box Signs > Energy Efficient,Energy Efficient,https://signsny.com/wp-content/uploads/2024/11/Layer-32.png,"Many light box signs use LED lighting, which is more energy-efficient and cost-effective than traditional lighting, reducing your long-term energy costs.",3 - Mini Category
Outdoor Signs > Light Box Signs > Durability,Durability,https://signsny.com/wp-content/uploads/2024/11/Layer-29.jpg,"Designed for longevity, light box signs are often made with robust materials that can withstand various weather conditions, making them suitable for both indoor and outdoor use.a",3 - Mini Category
Outdoor Signs > Light Box Signs > Cost-Effective,Cost-Effective,https://signsny.com/wp-content/uploads/2024/11/Layer-29.jpg,"With modern LED technology, light box signs are a cost-effective advertising solution due to their low maintenance and energy costs.",3 - Mini Category
Outdoor Signs > Light Box Signs > Enhances Nighttime Visibility,Enhances Nighttime Visibility,https://signsny.com/wp-content/uploads/2024/11/Layer-29.jpg,"Particularly beneficial for businesses open in the evenings, light box signs ensure that your storefront is bright and inviting, even after dark.",3 - Mini Category
Outdoor Signs > Lighted Signs,Lighted Signs,https://signsny.com/wp-content/uploads/2024/12/lighted-sign-by-retail-store-signages-nyc.jpg.webp,General illuminated signage designed to ensure your business is seen at all hours.,2 - Sub Category
Outdoor Signs > Lighted Signs > Design & Approval,Design & Approval,,"Work closely with our team to create a custom illuminated sign that aligns with your brand, ensuring your vision is perfectly captured.",3 - Mini Category
Outdoor Signs > Lighted Signs > Payment Quotation,Payment Quotation,,"Receive a clear and detailed quote based on your design, materials, and project scope for complete transparency.",3 - Mini Category
Outdoor Signs > Lighted Signs > Sign Production,Sign Production,,"Using premium materials and cutting-edge lighting technology, we craft durable and visually striking lighted signs.",3 - Mini Category
Outdoor Signs > Lighted Signs > Custom Designs,Custom Designs,https://signsny.com/wp-content/uploads/2024/11/Layer-29.jpg.webp,Tailored to your brand’s unique style and message.,3 - Mini Category
Outdoor Signs > Lighted Signs > Durable Materials,Durable Materials,https://signsny.com/wp-content/uploads/2024/11/Layer-31.jpg.webp,"Built to withstand weather and wear, ensuring longevity.",3 - Mini Category
Outdoor Signs > Lighted Signs > Energy-Efficient Solutions,Energy-Efficient Solutions,https://signsny.com/wp-content/uploads/2024/11/Layer-30.jpg.webp,Offering eco-friendly LED technology for long-lasting impact.,3 - Mini Category
Outdoor Signs > Lighted Signs > Experienced Team,Experienced Team,https://signsny.com/wp-content/uploads/2024/11/Layer-32.png.webp,Decades of expertise in creating stunning illuminated signage.,3 - Mini Category
Outdoor Signs > Lollipop Signs,Lollipop Signs,https://signsny.com/wp-content/uploads/2025/05/rusty-anchor-pub-lolipop-sign-in-new-york-city.jpg.webp,"Round, pole-mounted signs that provide visibility at eye level—great for pubs, cafés, and shops.",2 - Sub Category
Outdoor Signs > Real Estate Signs,Real Estate Signs,https://signsny.com/wp-content/uploads/2024/11/real-estate-signage-solutions.jpg.webp,"Durable, customizable signs for property listings, open houses, and real estate branding.",2 - Sub Category
Outdoor Signs > Sidewalk Barriers,Sidewalk Barriers,https://signsny.com/wp-content/uploads/2024/12/best-sidewalk-cafe-barriers.jpg.webp,"Functional and branded barriers for outdoor cafés, restaurants, and crowd control.",2 - Sub Category
Outdoor Signs > Wall Pan Signs,Wall Pan Signs,https://signsny.com/wp-content/uploads/2025/02/wall-pan-sign-for-lobby-area.jpg.webp,"Flat-panel wall-mounted signs that provide a sleek, professional look for building exteriors.",2 - Sub Category
Outdoor Signs > Wall Pan Signs > Memorable Visual Impact,Memorable Visual Impact,,Welcome visitors with striking wall pan signs that create a memorable first impression.,3 - Mini Category
Outdoor Signs > Wall Pan Signs > Enhanced Brand Visibility,Enhanced Brand Visibility,,Boost your brand's presence with eye-catching wall pan signs that reinforce recognition.,3 - Mini Category
Outdoor Signs > Wall Pan Signs > Professional Elegance,Professional Elegance,,Showcase professionalism and attention to detail with sleek wall pan signs that make a statement.,3 - Mini Category
Outdoor Signs > Wall Pan Signs > Effortless Navigation,Effortless Navigation,,Guide guests seamlessly with clear and informative wall pan signs that enhance their experience.,3 - Mini Category
Outdoor Signs > Wall Pan Signs > Compelling Visual Storytelling,Compelling Visual Storytelling,,Share your brand's story through beautifully crafted wall pan signs that engage and inform.,3 - Mini Category
Outdoor Signs > Wall Pan Signs > Long-lasting Appeal,Long-lasting Appeal,,Leave a lasting mark with durable wall pan signs that foster meaningful connections beyond the initial encounter.,3 - Mini Category
Outdoor Signs > Solaray Sequin Signs,Solaray Sequin Signs,https://signsny.com/wp-content/uploads/2025/07/hexagon-hardrock-cafe-sequin-signs.jpg.webp,Decorative sequin panel signs that shimmer and catch attention with movement and light.,2 - Sub Category
Outdoor Signs > Solaray Sequin Signs > Custom Design,Custom Design,https://signsny.com/wp-content/uploads/2024/12/aurora-luxe-co.-custom-design-in-nyc.jpg,"Our talented design team works closely with clients to bring their vision to life. Whether it's a corporate logo, an intricate pattern, or a mesmerizing image, we transform ideas into stunning Sequin Signs.",3 - Mini Category
Outdoor Signs > Solaray Sequin Signs > Event Signage,Event Signage,https://signsny.com/wp-content/uploads/2024/12/event-signage-for-elysian-events-in-nyc.jpg,Make your events truly unforgettable with our Sequin Signs. Our signs are designed to make a statement from weddings and galas to product launches and brand activations.,3 - Mini Category
Outdoor Signs > Solaray Sequin Signs > Retail Enhancements,Retail Enhancements,https://signsny.com/wp-content/uploads/2024/12/retail-enhancement-for-chroma-lane-in-nyc.jpg,Elevate your retail space with eye-catching Sequin Signs that draw customers in and provide a unique shopping experience.,3 - Mini Category
Outdoor Signs > Solaray Sequin Signs > Trade Shows and Exhibitions,Trade Shows and Exhibitions,https://signsny.com/wp-content/uploads/2024/12/trade-shows-and-exhibition-for-nexora-tech-in-nyc.jpg,"Stand out in the competitive world of trade shows with signage that sparkles, entertains, and effectively communicates your brand message.",3 - Mini Category
Outdoor Signs > Solaray Sequin Signs > Design & Approval,Design & Approval,,We work with you to craft unique sequin sign designs that align with your vision and brand. Your approval ensures every detail is perfect before production begins.,3 - Mini Category
Outdoor Signs > Solaray Sequin Signs > Payment Quotation,Payment Quotation,,"Receive a transparent and detailed quote tailored to your design, materials, and project requirements for complete clarity.",3 - Mini Category
Outdoor Signs > Solaray Sequin Signs > Sign Production,Sign Production,,"Our team uses premium materials and advanced techniques to meticulously create sequin signs that are durable, vibrant, and captivating.",3 - Mini Category
Outdoor Signs > Solaray Sequin Signs > Custom Finishes,Custom Finishes,https://signsny.com/wp-content/uploads/2024/11/Layer-29.jpg,"We provide custom-colored sequins with vibrant, reflective metallic finishes.",3 - Mini Category
Outdoor Signs > Solaray Sequin Signs > Diverse Options,Diverse Options,https://signsny.com/wp-content/uploads/2024/11/Layer-30.jpg,Our sequin signs offer tailored graphic printing in a variety of shapes and colors.,3 - Mini Category
Outdoor Signs > Solaray Sequin Signs > Durable Panel,Durable Panel,https://signsny.com/wp-content/uploads/2024/11/Layer-31.jpg,Each panel measures over 12 inches and is built to withstand high winds and harsh weather.,3 - Mini Category
Outdoor Signs > Solaray Sequin Signs > Weather-Resistant,Weather-Resistant,https://signsny.com/wp-content/uploads/2024/11/Layer-32.png,"Our signs resist UV rays, oxidation, and water, ensuring lasting brilliance.",3 - Mini Category
Construction Signs,Construction Signs,,,1 - Main Category
Construction Signs > Work in Progress Signs,Work in Progress Signs,https://signsny.com/wp-content/uploads/2025/06/residental-work-in-progress-1.jpg.webp,Commercial signs for ongoing projects.,2 - Sub Category
Construction Signs > Sidewalk Closed Signs,Sidewalk Closed Signs,https://signsny.com/wp-content/uploads/2025/04/walkway-sidewalk-closed-sign-ny.jpg.webp,Sidewalk closed ahead. Cross here.,2 - Sub Category
Construction Signs > Sidewalk Closed Signs > Sidewalk Closed Sign,Sidewalk Closed Sign,https://signsny.com/wp-content/uploads/2025/06/sidewalk-closed-sign-nyc.jpg,"These signs notify pedestrians of approaching sidewalk or crosswalk closures and advise them to a safe crossing point, they should comply with MUTCD standards.",3 - Mini Category
Construction Signs > Sidewalk Closed Signs > Cross Here sign,Cross Here sign,https://signsny.com/wp-content/uploads/2025/06/cross-here-signs-new-york-city.jpg,"The Cross Here sign is excellent for keeping your construction sites safe, with clear and strong wording, this sign guides pedestrians to a safe path.",3 - Mini Category
Construction Signs > Sidewalk Closed Signs > Pedestrian Crosswalk Signs,Pedestrian Crosswalk Signs,https://signsny.com/wp-content/uploads/2025/06/best-pedestrian-crosswalk-signs-nyc.webp,Available thickness: 1/8″ – 3/16″ – 1/4″ – 3/8″ and thicker Letter height: 1/2″ – 48″ Custom color option available,3 - Mini Category
Construction Signs > Sidewalk Closed Signs > Use Other Side Sign,Use Other Side Sign,https://signsny.com/wp-content/uploads/2025/06/use-other-side-signs-nyc.jpg,These signs are made with retro-reflective diamond grade sheeting to meet MUTCD criteria and guides people to the other side of the street because the sidewalk is closed.,3 - Mini Category
Construction Signs > Sidewalk Closed Signs > Use Walkway Sign,Use Walkway Sign,https://signsny.com/wp-content/uploads/2025/06/use-walkway-signs-nyc.webp,"The official ANSI headers on a Walkway Closed Use Open Walkways Sign ensure safety procedure and compliance, it is useful for protecting personnel’s safety.",3 - Mini Category
Construction Signs > Sidewalk Closed Signs > Aluminum,Aluminum,https://signsny.com/wp-content/uploads/2025/06/aluminum.jpg,Aluminum is the most durable signage material to create customized and high-quality sidewalk closed signs in NYC that meet MUTCD standards.,3 - Mini Category
Construction Signs > Sidewalk Closed Signs > Dibond,Dibond,https://signsny.com/wp-content/uploads/2025/06/dibond.jpg,"Dibond or aluminum composite material, made from two 0.012"" aluminum sheets that are bonded to a polyethylene core is durable outdoors signage material.",3 - Mini Category
Construction Signs > Road Closed Signs,Road Closed Signs,https://signsny.com/wp-content/uploads/2025/06/lane-closed-arrow-road-signs.jpg.webp,Lane closed ahead.,2 - Sub Category
Construction Signs > Road Closed Signs > Mutch Reflective Signs,Mutch Reflective Signs,https://signsny.com/wp-content/uploads/2025/06/road-under-construction-bike-lane-signs-nyc.jpg,"Reflective signage is easily seen at night. MUTCH reflective signs are perhaps some of the most visible, with bright material that shines with only minimal lighting.",3 - Mini Category
Construction Signs > Road Closed Signs > Utility Worker Signs,Utility Worker Signs,https://signsny.com/wp-content/uploads/2025/06/utility-workers-ahead-closed-signs.jpg,Warning drivers that workers are nearby and that they’re working on potentially critical infrastructure is important. Signs NYC can help you create these signs.,3 - Mini Category
Construction Signs > Road Closed Signs > Road Closed Signs with Dates,Road Closed Signs with Dates,https://signsny.com/wp-content/uploads/2025/06/road-closed-information-signs.jpg,Often it’s important to help motorists prepare for their commutes. Road closed signs with dates tell those passing by when to expect the roads will be closed and open.,3 - Mini Category
Construction Signs > Road Closed Signs > Use Walkway Signs,Use Walkway Signs,https://signsny.com/wp-content/uploads/2025/06/road-informational-safety-signs.jpg,Letting others know when to use a walkway – or when a walkway is closed – is critical for keeping unprotected bikers and pedestrians safe.,3 - Mini Category
Construction Signs > Road Closed Signs > Lane Closed Signs and Merge Signs,Lane Closed Signs and Merge Signs,https://signsny.com/wp-content/uploads/2025/06/lane-closed-arrow-road-signs.jpg,"For the safety of both construction workers and motorists, having clear and detailed lane closed signs and merge signs helps keep drivers away from work areas.",3 - Mini Category
Construction Signs > Blueprints Printing,Blueprints Printing,https://signsny.com/wp-content/uploads/2025/06/architectural-blueprints-printing-services-ny.jpg.webp,"Site safety mandatory: Safety glasses, safety boots, hard hats, high visibility vests, ear protection, hand protection.",2 - Sub Category
Construction Signs > Blueprints Printing > Mounting and Laminating,Mounting and Laminating,,"For blueprints that require additional durability, we offer mounting on foam board and lamination services. These options are ideal for presentations and long-term display.",3 - Mini Category
Construction Signs > Blueprints Printing > Plotting and CAD Printing,Plotting and CAD Printing,,"In addition to blueprints, we specialize in plotting and CAD printing. Whether you need technical drawings or large-scale maps, we can handle it all with precision.",3 - Mini Category
Construction Signs > Blueprints Printing > Reprographic Services,Reprographic Services,,"Our reprographic services allow you to produce multiple copies of your blueprints quickly and cost-effectively, ensuring that your entire team has access to the latest plans.",3 - Mini Category
Construction Signs > Scaffolding Wraps,Scaffolding Wraps,https://signsny.com/wp-content/uploads/2025/04/scaffolding-wraps-nyc-company.jpg.webp,Custom wraps for scaffolding for branding and safety purposes.,2 - Sub Category
Building Signs,Building Signs,,,1 - Main Category
Building Signs > Boiler Room Signs,Boiler Room Signs,https://signsny.com/wp-content/uploads/2025/06/residental-work-in-progress-1.jpg.webp,"Mandatory boiler room labels for safety, compliance, and restricted access.",2 - Sub Category
Building Signs > Boiler Room Signs > Boiler Room Door Sign,Boiler Room Door Sign,https://signsny.com/wp-content/uploads/2025/06/boiler-room-sign.jpg,Mark the Boiler Room door with a bold and vibrant sign that is highly visible and is a simple and effective way to alert people about safety.,3 - Mini Category
Building Signs > Boiler Room Signs > Oil Tank Capacity Sign,Oil Tank Capacity Sign,https://signsny.com/wp-content/uploads/2025/06/boiler-room-oil-tank-capacity-sign.jpg,Oil Tank capacity signs are critical to display the required information about the capacity of the tank so that the workers are well aware of it.,3 - Mini Category
Building Signs > Boiler Room Signs > Boiler Manufacturer Sign,Boiler Manufacturer Sign,https://signsny.com/wp-content/uploads/2025/06/boiler-manufacturer-sign.jpg,The boiler manufacturer signs are usually used to display the name of the boiler manufacturer and the type and model of the boiler.,3 - Mini Category
Building Signs > Boiler Room Signs > Keys To Boiler Room,Keys To Boiler Room,https://signsny.com/wp-content/uploads/2025/06/remote-control-for-oil-burner-sign.jpg,"A sign that displays the information about the person with the boiler room key is required at two locations, one near the door, and one near the boiler room.",3 - Mini Category
Building Signs > Boiler Room Signs > Shut-Off Switch,Shut-Off Switch,https://signsny.com/wp-content/uploads/2025/06/main-electrical-shut-off-sign.jpg,The shut-off switch sign is very necessary in a high-risk zone so in case of emergency the people could easily locate the shut-off switch.,3 - Mini Category
Building Signs > Boiler Room Signs > Keep Authorized Personnel Sign,Keep Authorized Personnel Sign,https://signsny.com/wp-content/uploads/2025/06/Boiler-Room-Door-Sign.jpg,Use this sign to keep unauthorized visitors out of the area as they are visible and extremely effective for complying with state laws.,3 - Mini Category
Building Signs > Boiler Room Signs > Acrylic,Acrylic,https://signsny.com/wp-content/uploads/2025/06/acrylic.jpg,"This material acrylic can have the same crystal, glossy finish as glass for fire safety signs, but is much more lightweight and stable.",3 - Mini Category
Building Signs > Boiler Room Signs > Aluminum,Aluminum,https://signsny.com/wp-content/uploads/2025/06/aluminum.jpg,"Aluminum is a high-yielding and easily custom-make material to create a durable, high-quality custom fire safety signs by combining cutting-edge technology with various methods.",3 - Mini Category
Building Signs > Boiler Room Signs > Aluminum Composite,Aluminum Composite,https://signsny.com/wp-content/uploads/2025/06/aluminum-composite-materials-acm.jpg,Aluminum composite material for fire safety signs provides the benefits of both aluminum and stable polyethylene cores that give additional rigidity and lightness.,3 - Mini Category
Building Signs > Boiler Room Signs > Styrene,Styrene,https://signsny.com/wp-content/uploads/2025/06/styrene.jpg,"Styrene material is a lightweight plastic that can be both flexible and stable, it has perfect durability and customization qualities for fire safety signs.",3 - Mini Category
Building Signs > Boiler Room Signs > Plastic (PVC),Plastic (PVC),https://signsny.com/wp-content/uploads/2025/06/plastic-pvc.jpg,Plastic or acrylic material is used to make custom fire safety signs by reason of their easy customization qualities and qualified and engaging appearance.,3 - Mini Category
Building Signs > HPD Signs,HPD Signs,https://signsny.com/wp-content/uploads/2023/01/hpd-boiler-room-keys-sign.jpg.webp,NYC Housing Preservation & Development–compliant signs for safety and legal requirements in residential and commercial buildings.,2 - Sub Category
Building Signs > HPD Signs > Gas Leak Notice,Gas Leak Notice,https://signsny.com/wp-content/uploads/2025/07/gass-leak-notice-sign-nyc.jpg,"Owners of dwellings are mandated to furnish tenants with a notice on procedures for suspected gas leaks. This notice must be provided to each tenant and prospective tenant during lease issuance or renewal, encompassing all tenant-occupied units within 1- and 2-family homes, and be displayed in a common area of the building.",3 - Mini Category
Building Signs > HPD Signs > Carbon Monoxide Sign,Carbon Monoxide Sign,https://signsny.com/wp-content/uploads/2025/07/carbon-monoxide-sign-nyc.jpg,"In accordance with HMC § 27-2046.1, property owners are obligated to exhibit an HPD-approved Carbon Monoxide Detecting Device Requirement Notice within a common area of the building. The specific stipulations regarding this mandate are delineated in Section 12-12.1 of Chapter 12 of the Rules of the City of New York.",3 - Mini Category
Building Signs > HPD Signs > Smoke Detector Notice Sign,Smoke Detector Notice Sign,https://signsny.com/wp-content/uploads/2025/07/smoke-detector-notice-sign.jpg,"Owners of Class A multiple dwellings are mandated to post a Smoke Detecting Devices Notice, approved by HPD, at or near the mailboxes as per 28 RCNY § 12-01. Alternatively, owners may opt to post a combined notice for Smoke and Carbon Monoxide Detecting Devices alongside Gas Leak Procedures.",3 - Mini Category
Building Signs > HPD Signs > Fire Safety Notice,Fire Safety Notice,https://signsny.com/wp-content/uploads/2025/07/fire-safety-notice.jpg,Owners of apartment buildings with three or more apartments are mandated to post an Emergency Preparedness Notice on the interior of all apartment entrance doors and in the lobby or common area. Notices should be tailored based on the building’s construction type: Non-combustible Fireproof Building Sample Notice Combustible Non-fireproof Building Sample Notice.,3 - Mini Category
Building Signs > HPD Signs > Housing Information Guide,Housing Information Guide,,"In line with NYC Administrative Code § 26-1103, a notice regarding the availability of a Housing Information Guide for Tenants and Owners, titled the ABCs of Housing, must be posted in a conspicuous location within the multiple dwelling, specifically in the area where mail is delivered.",3 - Mini Category
Building Signs > HPD Signs > Building Registration Number Sign,Building Registration Number Sign,,"An HPD building registration number sign displaying the serial number assigned to the building by HPD is required to be posted in the entrance hall of the building. This serial number signage HMC § 27-2107 should also include the building’s street address, and information about the superintendent, janitor, or housekeeper.",3 - Mini Category
Building Signs > HPD Signs > Garbage Collection,Garbage Collection,,"Owners are required to post a sign in the building lobby indicating the current hours and method of garbage collection when there is no 24-hour dumbwaiter service, with the sign being enclosed in plastic or a frame to prevent vandalism or tampering, as stipulated by HMC § 27-2022.",3 - Mini Category
Building Signs > HPD Signs > Janitor Name/Address Sign,Janitor Name/Address Sign,,"A sign containing the name, address, apartment number, and telephone number of the janitor or housekeeper must be posted at the entrance of the building, as stipulated by HMC § 27-2053.",3 - Mini Category
Building Signs > HPD Signs > Shut the Door Signs,Shut the Door Signs,,"The “Shut the Door” notice, as directed by Local Law 115, requires owners of multiple dwellings to post a notice in conspicuous locations, advising individuals to close all doors behind them during a fire evacuation to contain the fire and limit smoke spread. Any missing or damaged notices must be promptly replaced.",3 - Mini Category
Building Signs > HPD Signs > Inspection Visit Frame,Inspection Visit Frame,,"As per the law (Reference: MDL § 329), owners must provide a frame for a 6″ x 9″ inspection visit card, positioned 48-62 inches above the floor, preferably near the mailbox or in a suitable location within the vestibule or entrance. The HPD inspector will supply the inspection card, with owners required to complete any incomplete sections.",3 - Mini Category
Building Signs > HPD Signs > Boiler Room / Heating System Sign,Boiler Room / Heating System Sign,,"An owner is required to display the name and location of the individual possessing the boiler room key on notices approved by HPD, designated as HPD heating system signs. One notice should be prominently placed in the lobby, and another on the boiler room’s entrance door, as mandated by HMC § 27-2033.",3 - Mini Category
Building Signs > HPD Signs > Floor Number Sign,Floor Number Sign,,"DOB and HPD require owners to install floor and apartment number signs to assist first responders and guests in identifying their location within the building, especially in larger structures. These signs are mandatory for all HPD properties and new constructions by DOB. As per HMC § 27-2048, owners must either paint or post a sign indicating the floor number on each floor.",3 - Mini Category
Building Signs > HPD Signs > Street Number on Dwelling,Street Number on Dwelling,,"Owners are required to post and maintain a visible street number on the front of the building, as per HMC § 27-2049. The street number must be discernible from the sidewalk.",3 - Mini Category
Building Signs > HPD Signs > Maximum Occupancy in Rooms,Maximum Occupancy in Rooms,,"In compliance with HMC § 27-2075, rooms in Hotels and Class B rooming units must have a sign posted inside, indicating the maximum occupancy.",3 - Mini Category
Building Signs > HPD Signs > Disaster Response Signage,Disaster Response Signage,,"Owners of residential dwellings, wherein at least one unit is not occupied by the owner, are required to post an Emergency Notification under the following circumstances: prior to a weather emergency, post-natural disaster, and upon being informed of a utility outage expected to last more than 24 hours. This requirement is stipulated by HMC § 27-2005 (Local Law 47 of 2015).bv",3 - Mini Category
Building Signs > HPD Signs > Interruption of Service Notice,Interruption of Service Notice,,"As stipulated by HMC § 27-2005 (Local Law 47 of 2015), owners of a multiple dwelling are required to display a Notice of Interruption of Services at least twenty-four hours before undertaking repairs or other work that will disrupt heat, hot water, cold water, gas, or electricity service for a duration of two or more hours.",3 - Mini Category
Building Signs > HPD Signs > Bedbug Annual Filling Recepit,Bedbug Annual Filling Recepit,,"Property owners are mandated to post the Bedbug Annual Filing Receipt in a prominent location or distribute it to tenants upon commencement of a new lease or with each lease renewal, notifying tenants of the bedbug infestation history of the building, as stipulated by HMC § 27-2005 (Local Law 47 of 2015).",3 - Mini Category
Building Signs > HPD Signs > Safe Construction Bill of Rights,Safe Construction Bill of Rights,,"Property owners of multiple dwellings are required to distribute and post a Safe Construction Bill of Rights notice: upon application for a work permit not relating to minor alterations or ordinary repairs; concurrently with the owner’s notification to the department regarding an emergency work permit; or, for new buildings, immediately upon application for a temporary certificate of occupancy.",3 - Mini Category
Building Signs > Video Surveillance Signs,Video Surveillance Signs,https://signsny.com/wp-content/uploads/2025/04/walkway-sidewalk-closed-sign-ny.jpg.webp,Warning signs indicating areas are under 24-hour CCTV monitoring.,2 - Sub Category
Building Signs > Video Surveillance Signs > Aluminum,Aluminum,https://signsny.com/wp-content/uploads/2025/06/pvc-with-metal.jpg,"There are many different types of metal used for video surveillance signs. Aluminum is one of the most popular, durable metals for outdoor customized signs.",3 - Mini Category
Building Signs > Video Surveillance Signs > Corrugated Plastic,Corrugated Plastic,https://signsny.com/wp-content/uploads/2025/06/corrugated-plastic.jpg,Corrugated plastic material is a rigid plastic usually used for manufacturing lightweight and long-lasting video surveillance signs that work well outdoors.,3 - Mini Category
Building Signs > Fire Safety Signs,Fire Safety Signs,https://signsny.com/wp-content/uploads/2025/06/lane-closed-arrow-road-signs.jpg.webp,Emergency and safety instructions for fire protection systems.,2 - Sub Category
Building Signs > Fire Safety Signs > Fire Extinguisher,Fire Extinguisher,https://signsny.com/wp-content/uploads/2025/06/fire-extinguisher-signs-new-york.jpg,These often feature a directional arrow for even easier navigation.,3 - Mini Category
Building Signs > Fire Safety Signs > Sprinkler System,Sprinkler System,https://signsny.com/wp-content/uploads/2025/06/building-sprinkler-system-fire-safety-signs.jpg,"Most buildings are also required to have a sprinkler system to curb fires more quickly. These signs can let people know if that system is automatic, have an automatic shut off, if there is no sprinkler system, and more.",3 - Mini Category
Building Signs > Fire Safety Signs > Emergency Exits,Emergency Exits,https://signsny.com/wp-content/uploads/2025/06/emergency-exit-fire-safety-signs.jpg,"Posted on the doors of emergency exits, these signs keep people from exiting unless it’s an emergency like a fire and/or inform them of an alarm that will go off if it’s opened.",3 - Mini Category
Building Signs > Fire Safety Signs > Fire Hose/Fire Pump Room,Fire Hose/Fire Pump Room,https://signsny.com/wp-content/uploads/2025/06/fire-pump-room-safety-signs.jpg,"These let emergency personnel know where a fire hose is to begin addressing the fire and where the sprinkler system’s water supply is, respectively.",3 - Mini Category
Building Signs > Fire Safety Signs > Fire Door,Fire Door,https://signsny.com/wp-content/uploads/2025/06/fire-door-closed-safety-signs.jpg,"Certain doors between building floors are usually kept closed when not being moved through, to prevent the rapid spread of fire. This sign keeps people from propping it open.",3 - Mini Category
Building Signs > Fire Safety Signs > Smoke Detector,Smoke Detector,https://signsny.com/wp-content/uploads/2025/06/smoke-detector-safety-signs-new-york.jpg,This sign assures room occupants that smoke detectors are installed and in good working order in designated locations.,3 - Mini Category
Building Signs > Fire Safety Signs > Acrylic,Acrylic,https://signsny.com/wp-content/uploads/2024/11/castmetal-aluminum-brushed.jpg,"This material acrylic can have the same crystal, glossy finish as glass for fire safety signs, but is much more lightweight and stable.",3 - Mini Category
Building Signs > Fire Safety Signs > Aluminum,Aluminum,https://geminimade.com/wp-content/uploads/steel-brushed-165x165.jpg,"Aluminum is a high-yielding and easily custom-make material to create a durable, high-quality custom fire safety signs by combining cutting-edge technology with various methods.",3 - Mini Category
Building Signs > Fire Safety Signs > Aluminum Composite,Aluminum Composite,https://signsny.com/wp-content/uploads/elementor/thumbs/polish-aluminum-rix5cuajpoeaaq9kywewm4ctcwnjhb9zvr66unpinm.jpg,Aluminum composite material for fire safety signs provides the benefits of both aluminum and stable polyethylene cores that give additional rigidity and lightness.,3 - Mini Category
Building Signs > Fire Safety Signs > Styrene,Styrene,https://signsny.com/wp-content/uploads/2024/11/gold-anodized.jpg,"Styrene material is a lightweight plastic that can be both flexible and stable, it has perfect durability and customization qualities for fire safety signs.",3 - Mini Category
Building Signs > Fire Safety Signs > Plastic (PVC),Plastic (PVC),https://signsny.com/wp-content/uploads/2024/11/gold-anodized.jpg,Plastic or acrylic material is used to make custom fire safety signs by reason of their easy customization qualities and qualified and engaging appearance.,3 - Mini Category
Building Signs > Safety Signs,Safety Signs,https://signsny.com/wp-content/uploads/2025/06/hard-hat-area-caution-safety-signs-new-york.jpg.webp,"General safety signage for hazards, protective equipment, and workplace compliance.",2 - Sub Category
Building Signs > Safety Signs > No Trespassing Signs,No Trespassing Signs,https://signsny.com/wp-content/uploads/2025/06/no-trespassing-construction-site-warning-signs.jpg,"The site safety rules imply putting up these signs as a useful tool for protecting personnel’s health and safety, it warns about an unauthorized entry in an area.",3 - Mini Category
Building Signs > Safety Signs > Hard Hat area sign,Hard Hat area sign,https://signsny.com/wp-content/uploads/2025/06/hard-hat-area-caution-safety-signs-new-york.jpg,"A Hard Hat area sign is a useful tool for protecting workers’ health and safety, it is an OSHA compliance sign that must be present on a job site.",3 - Mini Category
Building Signs > Safety Signs > No Smoking Signs (For Flammable Materials),No Smoking Signs (For Flammable Materials),https://signsny.com/wp-content/uploads/2025/06/no-smoking-construction-safety-signs.jpg,"The words on a Prohibition sign for no-smoking signs are useful in addressing property policy and safety concerns, especially near flammable materials.",3 - Mini Category
Building Signs > Safety Signs > Caution Signs,Caution Signs,https://signsny.com/wp-content/uploads/2025/06/osha-safety-signs-new-york-city.jpg,"For presenting the most effective messages at your facility, use a customized caution sign for warnings regarding dangerous places to keep your staff safe.",3 - Mini Category
Building Signs > Safety Signs > Aluminum,Aluminum,https://signsny.com/wp-content/uploads/2025/06/aluminum.jpg,"Aluminum is a durable material to create high-quality safety signs that meet OSHA standards, they stay rust-free and reflective aluminum is used for night visibility.",3 - Mini Category
Building Signs > Safety Signs > Hard Corrugated Plastic,Hard Corrugated Plastic,https://signsny.com/wp-content/uploads/2025/06/corrugated-plastic.jpg,Corrugated plastic material is a rigid plastic usually used for manufacturing lightweight and long-lasting job site safety signs that are durable outdoors.,3 - Mini Category
Building Signs > Safety Signs > Vinyl,Vinyl,https://signsny.com/wp-content/uploads/2024/12/vinyl-coated-polyester.jpg,Vinyl is printed with a sticky back coating that allows it to cling to flat non-porous surfaces and they are backed with a strong base material.,3 - Mini Category
Event Signs,Event Signs,,,1 - Main Category
Event Signs > Kiosk Signs,Kiosk Signs,https://signsny.com/wp-content/uploads/2025/06/self-service-kiosk-signs-nyc-scaled.jpg.webp,"Branded signs for self-service kiosks, enhancing usability and visibility.",2 - Sub Category
Event Signs > Kiosk Signs > Illuminated Signs,Illuminated Signs,https://signsny.com/wp-content/uploads/2025/06/illuminated-kiosk-signs-nyc-scaled.jpg,Backlit panels that shine in low-light conditions.,3 - Mini Category
Event Signs > Kiosk Signs > Wayfinding Kiosk Signs,Wayfinding Kiosk Signs,https://signsny.com/wp-content/uploads/2025/06/wayfinding-kiosk-sign-nyc.jpg,"Help visitors navigate malls, events, and campuses.",3 - Mini Category
Event Signs > Kiosk Signs > Promotional Kiosk Signs,Promotional Kiosk Signs,https://signsny.com/wp-content/uploads/2025/06/Promotional-Kiosk-Signs.jpg,Showcase products or services with vibrant graphics.,3 - Mini Category
Event Signs > Kiosk Signs > Self-Service Kiosk Signs,Self-Service Kiosk Signs,https://signsny.com/wp-content/uploads/2025/06/self-service-kiosk-signs-nyc-scaled.jpg,Showcase products or services with vibrant graphics.,3 - Mini Category
Event Signs > Kiosk Signs > Custom Designs,Custom Designs,https://signsny.com/wp-content/uploads/2024/11/Layer-29.jpg,"Unique, brand-focused solutions for any type of kiosk.",3 - Mini Category
Event Signs > Kiosk Signs > Premium Materials,Premium Materials,https://signsny.com/wp-content/uploads/2024/11/Layer-30.jpg,Long-lasting and durable signage built for busy environments.,3 - Mini Category
Event Signs > Kiosk Signs > Modern Technology,Modern Technology,https://signsny.com/wp-content/uploads/2024/11/Layer-31.jpg,Expertise in both traditional and digital signage solutions.,3 - Mini Category
Event Signs > Kiosk Signs > Full-Service Solutions,Full-Service Solutions,https://signsny.com/wp-content/uploads/2024/11/Layer-32.png,"From concept to installation, we handle it all.",3 - Mini Category
Event Signs > Podium Signs,Podium Signs,https://signsny.com/wp-content/uploads/2024/12/vinyl-decal-podium-signs-nyc.jpg.webp,"Professional signage for podiums at conferences, ceremonies, or events.",2 - Sub Category
Event Signs > Podium Signs > Acrylic Podium Signs,Acrylic Podium Signs,https://signsny.com/wp-content/uploads/2024/12/acrylic-podium-sign-nyc.jpg,"Durable and elegant, acrylic signs provide a modern and sleek look, perfect for corporate and formal events.",3 - Mini Category
Event Signs > Podium Signs > Wooden Podium Signs,Wooden Podium Signs,https://signsny.com/wp-content/uploads/2024/12/wooden-podium-sign-nyc.jpg,"Add a classic touch with wooden podium signs, ideal for traditional or rustic-themed events.",3 - Mini Category
Event Signs > Podium Signs > Metal Podium Signs,Metal Podium Signs,https://signsny.com/wp-content/uploads/2024/12/metal-podium-sign-nyc.jpg,"Durable and weather-resistant, metal podium signs offer a sophisticated and professional finish.",3 - Mini Category
Event Signs > Podium Signs > Vinyl Decal Signs,Vinyl Decal Signs,https://signsny.com/wp-content/uploads/2024/12/vinyl-decal-podium-signs-nyc.jpg,"Affordable and versatile, vinyl decals can be easily applied and removed, offering flexibility for various events.",3 - Mini Category
Event Signs > Podium Signs > Custom Designs,Custom Designs,https://signsny.com/wp-content/uploads/2024/11/Layer-29.jpg,We work closely with you to create a podium sign that aligns with your brand and event theme.,3 - Mini Category
Event Signs > Podium Signs > High-Quality Materials,High-Quality Materials,https://signsny.com/wp-content/uploads/2024/11/Layer-30.jpg,Our podium signs are made with durable materials to ensure long-lasting quality and professional appeal.,3 - Mini Category
Event Signs > Podium Signs > Fast Turnaround,Fast Turnaround,https://signsny.com/wp-content/uploads/2024/11/Layer-31.jpg,We understand the importance of deadlines and deliver your podium signs promptly without compromising on quality.,3 - Mini Category
Event Signs > Podium Signs > Advanced Techniques,Advanced Techniques,https://signsny.com/wp-content/uploads/2024/11/Layer-32.png,"Using state-of-the-art printing and engraving technology, we ensure precision and clarity in every sign.",3 - Mini Category
Event Signs > Standee and Cutouts,Standee and Cutouts,https://signsny.com/wp-content/uploads/2025/06/custom-standee-and-cutouts-ny.png.webp,"Life-size promotional cutouts and standees for events, retail, and exhibitions.",2 - Sub Category
Event Signs > Standee and Cutouts > Life-Sized Cutouts,Life-Sized Cutouts,https://signsny.com/wp-content/uploads/2025/06/cut-out-standee.jpg,"Full-scale replicas of people, mascots, or products.",3 - Mini Category
Event Signs > Standee and Cutouts > Pop-Up Standees,Pop-Up Standees,https://signsny.com/wp-content/uploads/2025/06/pop-up-standee-1.jpg,Foldable displays for easy transport and setup.,3 - Mini Category
Event Signs > Standee and Cutouts > Thematic Cutouts,Thematic Cutouts,https://signsny.com/wp-content/uploads/2025/06/thematic-cutout.jpg,Designed to match seasonal or event-specific themes.,3 - Mini Category
Event Signs > Standee and Cutouts > Custom Designs,Custom Designs,https://signsny.com/wp-content/uploads/2024/11/Layer-29.jpg,"Unique shapes, sizes, and graphics tailored to your brand.",3 - Mini Category
Event Signs > Standee and Cutouts > High-Quality Materials,High-Quality Materials,https://signsny.com/wp-content/uploads/2024/11/Layer-30.jpg,Durable displays that withstand frequent use.,3 - Mini Category
Event Signs > Standee and Cutouts > Fast Turnaround,Fast Turnaround,https://signsny.com/wp-content/uploads/2024/11/Layer-31.jpg,Reliable production to meet tight deadlines.,3 - Mini Category
Event Signs > Standee and Cutouts > Full-Service Support,Full-Service Support,https://signsny.com/wp-content/uploads/2024/11/Layer-32.png,"From design to delivery, we handle every step.",3 - Mini Category
Large Format Printing,Large Format Printing,,,1 - Main Category
Large Format Printing > Backdrops,Backdrops,https://signsny.com/wp-content/uploads/2025/06/best-event-backdrops-scaled.jpg.webp,"Custom printed backdrops for events, stages, and photography.",2 - Sub Category
Large Format Printing > Backdrops > Photography Backdrop,Photography Backdrop,https://signsny.com/wp-content/uploads/2023/01/what-size-photo-backdrop-should-i-choose.jpg,"Photography backdrops can be a solid blank color, including white black backdrops, to block out a background. They can also be images that create an imaginary background. Photographers use them to take pictures of models in their studios.",3 - Mini Category
Large Format Printing > Backdrops > Step and Repeat Backdrops,Step and Repeat Backdrops,https://signsny.com/wp-content/uploads/2025/06/best-event-backdrops-scaled.jpg,"Step and Repeat can be placed at gathering points for guests to share photos of the event. Logos can be printed in an offset platform for a branded background, or entire graphic designs can be used as decoration for more visually stunning photos.",3 - Mini Category
Large Format Printing > Backdrops > 5' x 8',5' x 8',https://signsny.com/wp-content/uploads/2025/06/5-by-8-mini-backdrop-display.jpg,5’ x 8’ stands are typically placed above the ground for a top-shot of the guests. They can fit as many as 5 to 6 people in front at a time.,3 - Mini Category
Large Format Printing > Backdrops > 8' x 8',8' x 8',https://signsny.com/wp-content/uploads/2025/06/standard-8-by-8-backdrop-signs-nyc.jpg,"Our most popular size, the 8’ x 8’ square can fit 3-5 people in front, and allow full body shots for all heights.",3 - Mini Category
Large Format Printing > Backdrops > 8' x 10',8' x 10',https://signsny.com/wp-content/uploads/2025/06/8-10-step-and-repeat-backdrop-nyc.jpg,"Adding 2’ to the width of the backdrop allows photographers to fit approximately double the number of people, from 6-7 total.",3 - Mini Category
Large Format Printing > Banner Stands,Banner Stands,https://signsny.com/wp-content/uploads/2025/06/Outdoor-Banner-Stand.jpg.webp,Portable banner displays for trade shows and promotions.,2 - Sub Category
Large Format Printing > Banner Stands > Vinyl,Vinyl,https://signsny.com/wp-content/uploads/elementor/thumbs/vinyl-material-rix5glnb1tjkqksz0ix6l676we4e9q7ced43yi4trm.jpg,"One of the most popular materials, vinyl is durable and provides vibrant, sharp graphics. It's ideal for both indoor and outdoor locations.",3 - Mini Category
Large Format Printing > Banner Stands > Fabric,Fabric,https://signsny.com/wp-content/uploads/elementor/thumbs/fabric-material-rix5ge4lj59a5p3w8fo6183i5b5gk5dhpbw84afz5e.jpg,Fabric banners offer a softer look and are generally used for indoor displays. They are washable and less likely to crease or wrinkle compared to vinyl.,3 - Mini Category
Large Format Printing > Banner Stands > Polyester,Polyester,https://signsny.com/wp-content/uploads/elementor/thumbs/polyester-material-rix5ghvyahefg4yfmhaob75ciumxexsf1ui61eaegi.jpg,Polyester materials are durable and can be used indoors and outdoors. They offer excellent print quality and are often used for roll-up or retractable banner stands.,3 - Mini Category
Large Format Printing > Banner Stands > Mesh,Mesh,https://signsny.com/wp-content/uploads/elementor/thumbs/mesh-material-rix5gg09wtbusx15xghf67mfc2w6zjkydl772ud6sy.jpg,"Mesh materials are commonly used for outdoor events where wind could be a factor. The material allows air to flow through, reducing the wind resistance.",3 - Mini Category
Large Format Printing > Billboard Printing,Billboard Printing,https://signsny.com/wp-content/uploads/2025/06/billboard-printing-for-high-visibility-marketing.jpg.webp,Large-format billboard graphics for outdoor advertising.,2 - Sub Category
Large Format Printing > Canvas Printing,Canvas Printing,https://signsny.com/wp-content/uploads/2025/06/custom-canvas-prints-signs-nyc.jpg.webp,"High-quality canvas prints for décor, branding, or promotions.",2 - Sub Category
Large Format Printing > Canvas Printing > Gallery-Wrapped Canvas Prints,Gallery-Wrapped Canvas Prints,https://signsny.com/wp-content/uploads/2025/06/gallery-wrapped-canvas-prints.jpg,"Canvas stretched over a wooden frame for a sleek, frameless look.",3 - Mini Category
Large Format Printing > Canvas Printing > Framed Canvas Prints,Framed Canvas Prints,https://signsny.com/wp-content/uploads/2025/06/Framed-Canvas-Prints.jpg,Adds a classic touch with custom wood or metal frames.,3 - Mini Category
Large Format Printing > Canvas Printing > Split Canvas Print,Split Canvas Print,https://signsny.com/wp-content/uploads/2025/06/Split-Canvas-Print.jpg,Breaks a single image into multiple panels for a modern display.,3 - Mini Category
Large Format Printing > Canvas Printing > Panoramic Canvas Prints,Panoramic Canvas Prints,https://signsny.com/wp-content/uploads/2025/06/Panoramic-Canvas-Prints.jpg,Panoramas are extremely creative canvas prints that are typically mounted and displayed over your sofa in the living room.,3 - Mini Category
Large Format Printing > Duratrans Printing,Duratrans Printing,https://signsny.com/wp-content/uploads/2023/01/storefront-duratrans-printing-new-york.jpg.webp,"Backlit film graphics for vivid, illuminated displays.",2 - Sub Category
Large Format Printing > Mesh Banners,Mesh Banners,https://signsny.com/wp-content/uploads/2025/06/stadium-outdoor-mesh-banners.jpg.webp,Perforated outdoor banners designed to withstand wind.,2 - Sub Category
Large Format Printing > Mesh Banners > Exceptional Quality,Exceptional Quality,https://signsny.com/wp-content/uploads/2024/11/Layer-29.jpg,Our mesh banners are crafted from premium materials to guarantee long-lasting performance and vibrant visuals.,3 - Mini Category
Large Format Printing > Mesh Banners > Custom Solutions,Custom Solutions,https://signsny.com/wp-content/uploads/2024/11/Layer-30.jpg,"We tailor each banner to your specifications, ensuring it perfectly fits your advertising space and objectives.",3 - Mini Category
Large Format Printing > Mesh Banners > Reliable Performance,Reliable Performance,https://signsny.com/wp-content/uploads/2024/11/Layer-31.jpg,"Our banners are built to withstand various weather conditions, maintaining their appearance and functionality over time.",3 - Mini Category
Large Format Printing > Mesh Banners > Customer Satisfaction,Customer Satisfaction,https://signsny.com/wp-content/uploads/2024/11/Layer-32.png,We prioritize your satisfaction by offering excellent service and support throughout your project.,3 - Mini Category
Large Format Printing > Paper Poster Printing,Paper Poster Printing,https://signsny.com/wp-content/uploads/2025/06/menu-poster-printing.jpg.webp,Affordable printed posters for campaigns and promotions.,2 - Sub Category
Large Format Printing > Pole Banners and Flags,Pole Banners and Flags,https://signsny.com/wp-content/uploads/2025/06/wall-mounted-pole-banners-and-flags.jpg.webp,"Vertical banners for poles, streets, and event branding.",2 - Sub Category
Large Format Printing > Pole Banners and Flags > Vertical Pole Banners,Vertical Pole Banners,https://signsny.com/wp-content/uploads/2025/06/vertical-pole-banner-nyc.jpg,"Rectangular banners that hang from poles for striking, vertical visibility.",3 - Mini Category
Large Format Printing > Pole Banners and Flags > Feather Flags,Feather Flags,https://signsny.com/wp-content/uploads/2025/06/feather-flags-in-new-york-city.jpg,"Tall, sleek flags that sway with the wind, perfect for attention-grabbing designs.",3 - Mini Category
Large Format Printing > Pole Banners and Flags > Blade Flags,Blade Flags,https://signsny.com/wp-content/uploads/2025/06/blade-flags-signs-in-ny.jpg,"Narrow flags with a streamlined shape, ideal for tight spaces or focused visibility.",3 - Mini Category
Large Format Printing > Pole Banners and Flags > Banner Flags,Banner Flags,https://signsny.com/wp-content/uploads/2025/06/banner-flags-signs-in-nyc.jpg,"Horizontal flags for outdoor events, festivals, and street-level promotion.",3 - Mini Category
Large Format Printing > Step and Repeat Banners,Step and Repeat Banners,https://signsny.com/wp-content/uploads/2024/12/custom-step-and-repeat-banners-nyc-scaled.jpg.webp,Photography backdrops with repeating logos/branding.,2 - Sub Category
Large Format Printing > Step and Repeat Banners > Increase Brand Visibility,Increase Brand Visibility,,"Shine like a Broadway star with step and repeat banners that guarantee your brand steals the spotlight, leaving a lasting imprint",3 - Mini Category
Large Format Printing > Step and Repeat Banners > Event Branding,Event Branding,,"Elevate your event's allure and let your brand shine in every snapshot, as step and repeat banners transform ordinary occasions into extraordinary experiences.",3 - Mini Category
Large Format Printing > Step and Repeat Banners > Photo Opportunities,Photo Opportunities,,"Capture unforgettable memories against stunning step and repeat backdrops that turn every click into a cherished keepsake, perfect for social media sharing.",3 - Mini Category
Large Format Printing > Step and Repeat Banners > Promotional Signage,Promotional Signage,,"From the red carpet to trade show halls, step and repeat banners amplify your message, grabbing attention and propelling your brand to new heights of exposure.",3 - Mini Category
Large Format Printing > Tabletop Signs,Tabletop Signs,https://signsny.com/wp-content/uploads/2023/02/tabletop-signs.jpg.webp,"Compact, desk or counter-top signs for promotions and events.",2 - Sub Category
Large Format Printing > Tabletop Signs > Expertise and Experience,Expertise and Experience,https://signsny.com/wp-content/uploads/2024/11/Layer-29.jpg,"With years of industry experience, our team of skilled professionals brings a wealth of knowledge to each project. We understand the nuances of design, fabrication, and installation, ensuring your tabletop signs are crafted to perfection.",3 - Mini Category
Large Format Printing > Tabletop Signs > High-Quality Materials,High-Quality Materials,https://signsny.com/wp-content/uploads/2024/11/Layer-30.jpg,"We use only the finest materials to create our tabletop signs, ensuring they are durable and long-lasting. Our commitment to quality means your signs will withstand frequent handling and maintain their pristine appearance over time.",3 - Mini Category
Large Format Printing > Tabletop Signs > Innovative Design,Innovative Design,https://signsny.com/wp-content/uploads/2024/11/Layer-31.jpg,"Our design team stays ahead of industry trends to provide you with innovative and visually appealing signage solutions. We combine creativity with practicality, resulting in signs that not only look great but also effectively communicate your message.",3 - Mini Category
Large Format Printing > Tabletop Signs > Competitive Pricing,Competitive Pricing,https://signsny.com/wp-content/uploads/2024/11/Layer-32.png,"Quality doesn’t have to come at a high price. We offer competitive pricing on all our tabletop signs, providing excellent value for money. Our solutions are designed to fit various budgets without sacrificing excellence.",3 - Mini Category
Large Format Printing > Tabletop Signs > Quick Turnaround,Quick Turnaround,https://signsny.com/wp-content/uploads/2024/11/Layer-29.jpg,"We understand the importance of timely delivery. Our efficient processes and dedicated team ensure that your tabletop signs are produced and delivered within the agreed timeframe, without compromising on quality.",3 - Mini Category
Large Format Printing > Vinyl Banners,Vinyl Banners,https://signsny.com/wp-content/uploads/2024/11/vinyl-banners-for-bk-venues.jpg.webp,Durable vinyl banners suitable for indoor and outdoor advertising.,2 - Sub Category
Large Format Printing > Vinyl Banners > Standard Vinyl Banners,Standard Vinyl Banners,https://signsny.com/wp-content/uploads/2023/01/standard-vinyl-outdoor-banners-nyc.png,Everyday use for storefronts and announcements.,3 - Mini Category
Large Format Printing > Vinyl Banners > Mesh Banners,Mesh Banners,https://signsny.com/wp-content/uploads/2025/06/stadium-outdoor-mesh-banners.jpg,Wind-permeable and ideal for fences or scaffolding.,3 - Mini Category
Large Format Printing > Vinyl Banners > Double-Sided Banners,Double-Sided Banners,https://signsny.com/wp-content/uploads/2025/06/best-custom-pole-banners-and-flags-signag-nyc-scaled.jpg,Messaging on both sides for maximum visibility.,3 - Mini Category
Large Format Printing > Vinyl Banners > Pole Pocket Banners,Pole Pocket Banners,https://signsny.com/wp-content/uploads/2024/11/pole-pocket-finishing-nyc.jpg,Perfect for pole mounts and hanging displays.,3 - Mini Category
Large Format Printing > Vinyl Banners > Street & Fence Banners,Street & Fence Banners,https://signsny.com/wp-content/uploads/2023/01/nyc-construction-fence-mesh-banners.png,Designed for outdoor placement and compliance.,3 - Mini Category
Large Format Printing > Vinyl Banners > Hemming and Grommets,Hemming and Grommets,https://signsny.com/wp-content/uploads/2024/11/hemming-and-grommets-finish-nyc.jpg,"Hemming reinforces the edges, while grommets are metal rings for easy hanging. Both enhance banner durability and display convenience.",3 - Mini Category
Large Format Printing > Vinyl Banners > Flush Cut,Flush Cut,https://signsny.com/wp-content/uploads/2024/11/flush-cut-finishing.jpg,"A flush cut banner is a type of banner with no additional finishing or hemming, resulting in a clean, straight edge appearance.",3 - Mini Category
Large Format Printing > Vinyl Banners > Pole Pockets,Pole Pockets,https://signsny.com/wp-content/uploads/2024/11/pole-pocket-finishing-nyc.jpg,"A banner pole pocket is a sleeve or pocket sewn into the banner to allow for inserting poles or rods, enabling easy display and installation.",3 - Mini Category
Large Format Printing > Vinyl Banners > Double-Reinforced,Double-Reinforced,https://signsny.com/wp-content/uploads/2024/11/double-reinforced-nyc.jpg,"A double reinforced banner has extra layers of material or stitching, providing enhanced durability and strength, making it suitable for more challenging outdoor conditions and extended use.",3 - Mini Category
Large Format Printing > Vinyl Banners > Permitting (For Public Installations Only),Permitting (For Public Installations Only),,"If your banner will be installed in public or city-regulated areas (like street poles or fences), we’ll help with permits and local code compliance.",3 - Mini Category
Large Format Printing > Vinyl Banners > Production & Scheduling,Production & Scheduling,,"Your custom vinyl banner is printed using weather-resistant UV inks and finished with the selected mounting options (grommets, pole pockets, etc.). Installation is scheduled at your convenience.",3 - Mini Category
Large Format Printing > Vinyl Banners > Installation & Final Check,Installation & Final Check,,"Our team securely installs your banner on-site—whether it’s on a storefront, scaffold, fence, or pole—and performs a final check for tension, alignment, and visibility.",3 - Mini Category
Rigid Signs,Rigid Signs,,,1 - Main Category
Rigid Signs > Coroplast Signs,Coroplast Signs,https://signsny.com/wp-content/uploads/2024/12/coroplast-sign.jpg.webp,Lightweight corrugated plastic signs for temporary use.,2 - Sub Category
Rigid Signs > Dibond Signs,Dibond Signs,https://signsny.com/wp-content/uploads/2024/12/best-custom-dibond-signs.jpg.webp,"Aluminum composite signs, rigid and long-lasting.",2 - Sub Category
Rigid Signs > Foam Board Signs,Foam Board Signs,https://signsny.com/wp-content/uploads/2024/12/golden-foam-board-printing-scaled.jpg.webp,Lightweight foam-core signs ideal for presentations and displays.,2 - Sub Category
Rigid Signs > PVC Signs,PVC Signs,https://signsny.com/wp-content/uploads/2024/12/custom-pvc-signage.jpg.webp,Rigid PVC signs for indoor and outdoor use.,2 - Sub Category
Rigid Signs > Yard Signs,Yard Signs,https://signsny.com/wp-content/uploads/2024/12/corrugated-plastic-yard-signs.jpg.webp,Full or partial wraps for buses with impactful branding.,2 - Sub Category
Vehicle Wraps,Vehicle Wraps,,,1 - Main Category
Vehicle Wraps > Bus Wrapping,Bus Wrapping,https://signsny.com/wp-content/uploads/2025/04/bus-wraps-for-transportation-in-nyc.jpg.webp,This area is restricted to authorized personnel only for safety and security reasons.,2 - Sub Category
Vehicle Wraps > Car Wrapping,Car Wrapping,https://signsny.com/wp-content/uploads/2024/12/full-car-wraps-nyc.jpg.webp,Complete or partial vehicle wraps for personal or commercial use.,2 - Sub Category
Vehicle Wraps > Food Truck Wrapping,Food Truck Wrapping,https://signsny.com/wp-content/uploads/2024/12/best-custom-food-truck-wrap-new-york.jpg.webp,Custom wraps that turn food trucks into mobile billboards.,2 - Sub Category
Vehicle Wraps > Food Truck Wrapping > Food Truck Wraps,Food Truck Wraps,https://signsny.com/wp-content/uploads/2024/12/best-custom-food-truck-wrap-new-york.jpg,Mobile kitchens on wheels Wrapped designs boost their meal deals.,3 - Mini Category
Vehicle Wraps > Food Truck Wrapping > Food Cart Wraps,Food Cart Wraps,https://signsny.com/wp-content/uploads/2024/12/food-cart-wraps.jpg,"Smaller than trucks, they stand still Graphics enhance their curb appeal.",3 - Mini Category
Vehicle Wraps > Food Truck Wrapping > Food Trailer Wraps,Food Trailer Wraps,https://signsny.com/wp-content/uploads/2025/10/custom-food-trailer-nyc.jpg,"Towed behind vehicles, they serve and goTheir decorative skins make their menu show.",3 - Mini Category
Vehicle Wraps > Magnetic Signs,Magnetic Signs,https://signsny.com/wp-content/uploads/2025/06/best-custom-magnetic-signs.jpg.webp,Removable magnetic car door signs for business use.,2 - Sub Category
Vehicle Wraps > Trailer Wrapping,Trailer Wrapping,https://signsny.com/wp-content/uploads/2025/07/greg-slack-roofing-trailer-wrap.jpg.webp,Branding wraps for trailers of any size.,2 - Sub Category
Vehicle Wraps > Truck Wrapping,Truck Wrapping,https://signsny.com/wp-content/uploads/2024/12/orange-box-truck-wrap-with-nyoj-logo.jpg.webp,Bold wraps for box trucks and delivery vehicles.,2 - Sub Category
Vehicle Wraps > Van Wrapping,Van Wrapping,https://signsny.com/wp-content/uploads/2024/12/van-wrap-for-moretran-truck-parts-provider.jpg.webp,Professional vinyl wraps for vans and fleet vehicles.,2 - Sub Category
Vehicle Wraps > Truck Lettering,Truck Lettering,https://signsny.com/wp-content/uploads/2025/04/vehicle-wrap-and-lettering-for-pheasant-nyc.jpg.webp,Vinyl-cut lettering and logos applied directly to vehicles.,2 - Sub Category
Vinyl Graphics,Vinyl Graphics,,,1 - Main Category
Vinyl Graphics > Bottle Labels,Bottle Labels,https://signsny.com/wp-content/uploads/2024/12/mango-juice-bottle-label-nyc.jpg.webp,Custom printed adhesive labels for bottles and packaging.,2 - Sub Category
Vinyl Graphics > Bottle Labels > Vinyl Bottle Labels,Vinyl Bottle Labels,,"Vinyl labels are durable, water-resistant, and perfect for beverages or products that will be stored in humid or wet environments.",3 - Mini Category
Vinyl Graphics > Bottle Labels > Paper Bottle Labels,Paper Bottle Labels,,"Available in a variety of finishes, including matte, gloss, and satin, paper labels are a cost-effective solution for businesses that need attractive, high-quality labels for their bottles.",3 - Mini Category
Vinyl Graphics > Bottle Labels > Waterproof Labels,Waterproof Labels,,Waterproof bottle labels are designed to withstand moisture and remain intact even when exposed to water or condensation. These labels are ideal for beverages and cosmetic products that may come into contact with water during use.,3 - Mini Category
Vinyl Graphics > Bottle Labels > Die-Cut Bottle Labels,Die-Cut Bottle Labels,,Die-cut labels can be customized in unique shapes to fit your brand’s specific design requirements. They add an extra layer of visual appeal and are ideal for brands looking to stand out on the shelf.,3 - Mini Category
Vinyl Graphics > Bottle Labels > Opaque Vinyl (White),Opaque Vinyl (White),https://signsny.com/wp-content/uploads/2024/12/opaque-vinyl-nyc.jpg,"Durable, waterproof material that blocks the background and brings your design to life with high color contrast.",3 - Mini Category
Vinyl Graphics > Bottle Labels > Clear Vinyl (Transparent),Clear Vinyl (Transparent),https://signsny.com/wp-content/uploads/2024/12/clear-vinyl-nyc.jpg,"Ideal for a sleek, no-label look. Commonly used on cosmetic or beverage bottles where the product visibility matters.",3 - Mini Category
Vinyl Graphics > Bottle Labels > Gloss Finish,Gloss Finish,https://signsny.com/wp-content/uploads/2024/12/glossy-finishes-nyc.jpg,"Adds shine and vibrancy — great for personal care, drinks, or promotional packaging.",3 - Mini Category
Vinyl Graphics > Bottle Labels > Matte Finish,Matte Finish,https://signsny.com/wp-content/uploads/2024/12/matte-finishes-nyc.jpg,"Offers a soft, non-reflective surface with a clean, modern feel — perfect for premium or organic product lines.",3 - Mini Category
Vinyl Graphics > Bottle Labels > Die Cut,Die Cut,https://signsny.com/wp-content/uploads/elementor/thumbs/Die-Cut-Holographic-Decals-rix5fposlgbtru3e753v8e9ipahx00ogxyxln3g7n6.jpg,"Cut through both vinyl and backing, ideal for individual bottle labels with custom shapes. Easy to peel and apply.",3 - Mini Category
Vinyl Graphics > Bottle Labels > Kiss Cut,Kiss Cut,https://signsny.com/wp-content/uploads/elementor/thumbs/kiss-cut-holographic-rix5fx7i44m4cpsgz8cvscd7gdguplibn05hhb529e.jpg,"Only the vinyl is cut, backing remains intact. Useful for sets or kits, though less common for curved surfaces.",3 - Mini Category
Vinyl Graphics > Bottle Labels > Top-Quality Printing,Top-Quality Printing,https://signsny.com/wp-content/uploads/2024/11/Layer-29.jpg,"We use advanced printing techniques to ensure your labels have vibrant colors and sharp details that enhance your product’s appearance. No matter the design, our printing process ensures a crisp, professional result every time.",3 - Mini Category
Vinyl Graphics > Bottle Labels > Custom Design Options,Custom Design Options,https://signsny.com/wp-content/uploads/2024/11/Layer-30.jpg,"We offer full customization to ensure that your bottle labels match your brand’s identity. From material choices to finishes and size, you can tailor every aspect of your label to suit your product’s requirements.",3 - Mini Category
Vinyl Graphics > Bottle Labels > Durability and Resilience,Durability and Resilience,https://signsny.com/wp-content/uploads/2024/11/Layer-31.jpg,"Our labels are made to last. Whether your products are exposed to moisture, UV rays, or general wear and tear, our custom bottle labels are designed to stay intact and maintain their quality.",3 - Mini Category
Vinyl Graphics > Bottle Labels > Quick Turnaround,Quick Turnaround,https://signsny.com/wp-content/uploads/2024/11/Layer-32.png,"We understand the importance of deadlines, which is why we provide fast and reliable delivery to ensure your custom bottle labels arrive on time, every time.",3 - Mini Category
Vinyl Graphics > Bottle Labels > Competitive Pricing,Competitive Pricing,https://signsny.com/wp-content/uploads/2024/11/Layer-29.jpg,"We offer affordable pricing without sacrificing quality. Whether you need a small batch or a large order, Signs NYC offers flexible pricing options that fit your budget.",3 - Mini Category
Vinyl Graphics > Bottle Labels > Expert Support,Expert Support,https://signsny.com/wp-content/uploads/2024/11/Layer-30.jpg,Our team is here to assist you with everything from design to production. We work with you every step of the way to ensure your bottle labels meet your expectations and help elevate your product’s branding.,3 - Mini Category
Vinyl Graphics > Custom Decals,Custom Decals,https://signsny.com/wp-content/uploads/2023/01/custom-attractive-wall-decals-nyc.png.webp,"Versatile decals for walls, windows, and products.",2 - Sub Category
Vinyl Graphics > Custom Wall Graphics,Custom Wall Graphics,https://signsny.com/wp-content/uploads/2024/12/custom-wall-wraps-and-graphics.jpg.webp,Large-format vinyl graphics for wall décor and branding.,2 - Sub Category
Vinyl Graphics > Dance Floor Wraps,Dance Floor Wraps,https://signsny.com/wp-content/uploads/2025/05/dance-floor-wrap-made-for-bar-floor-in-new-york.jpg.webp,"Customized wraps for events, weddings, and parties.",2 - Sub Category
Vinyl Graphics > Die-Cut Stickers,Die-Cut Stickers,https://signsny.com/wp-content/uploads/2025/05/die-cut-holographic.jpg.webp,Stickers cut precisely to custom shapes.,2 - Sub Category
Vinyl Graphics > Die-Cut Stickers > Opaque Vinyl,Opaque Vinyl,https://signsny.com/wp-content/uploads/2024/12/opaque-vinyl-nyc.jpg,"A bright, opaque base that makes colors pop, ideal for bold designs on any background.",3 - Mini Category
Vinyl Graphics > Die-Cut Stickers > Clear Vinyl,Clear Vinyl,https://signsny.com/wp-content/uploads/2024/12/clear-vinyl-nyc.jpg,"Transparent base that blends seamlessly onto surfaces, great for minimalist or no-background looks.",3 - Mini Category
Vinyl Graphics > Die-Cut Stickers > Holographic,Holographic,https://signsny.com/wp-content/uploads/2024/12/holographic-vinyl-nyc.jpg,"Reflective material that shifts colors under light, creating a rainbow-like, eye-catching effect.",3 - Mini Category
Vinyl Graphics > Die-Cut Stickers > Glitter,Glitter,https://signsny.com/wp-content/uploads/2024/12/glitter-vinyl-nyc.jpg,"Sparkly vinyl that adds shimmer and texture, perfect for festive or glamorous designs.",3 - Mini Category
Vinyl Graphics > Die-Cut Stickers > Permanent,Permanent,https://signsny.com/wp-content/uploads/2024/12/adhesive-permanent-nyc.jpg,"Strong, long-lasting adhesive that sticks firmly to most surfaces and is difficult to remove cleanly.",3 - Mini Category
Vinyl Graphics > Die-Cut Stickers > Low Tack (Removable),Low Tack (Removable),,"Easy to peel off without leaving residue, ideal for temporary use or repositioning.",3 - Mini Category
Vinyl Graphics > Die-Cut Stickers > High Tack,High Tack,,"Extra-strong hold for rough, textured, or challenging surfaces, ensuring stickers stay put.",3 - Mini Category
Vinyl Graphics > Die-Cut Stickers > Glossy,Glossy,https://signsny.com/wp-content/uploads/2024/12/glossy-finishes-nyc.jpg,"Shiny, smooth surface that enhances color vibrancy and gives a polished look.",3 - Mini Category
Vinyl Graphics > Die-Cut Stickers > Matte,Matte,https://signsny.com/wp-content/uploads/2024/12/matte-finishes-nyc.jpg,"Soft, non-reflective finish that reduces glare and gives a modern, elegant appearance.",3 - Mini Category
Vinyl Graphics > Elevator Wraps,Elevator Wraps,https://signsny.com/wp-content/uploads/2024/12/trendmill-clothing-company-mall-elevator-wrap-in-ny.jpg.webp,Full wraps for elevator doors and interiors.,2 - Sub Category
Vinyl Graphics > Floor Graphics,Floor Graphics,https://signsny.com/wp-content/uploads/2024/12/premium-floor-graphics-scaled.jpg.webp,Durable decals designed for floor advertising.,2 - Sub Category
Vinyl Graphics > Glitter Decals,Glitter Decals,https://signsny.com/wp-content/uploads/2025/05/maddie-glitter-decal-for-locker.jpg.webp,Sparkly vinyl decals that stand out.,2 - Sub Category
Vinyl Graphics > Glitter Decals > Solid Color Glitter Decals,Solid Color Glitter Decals,https://signsny.com/wp-content/uploads/2025/05/solid-color-glitter-decals-scaled.jpg,Single-color glitter designs for a sleek and consistent look.,3 - Mini Category
Vinyl Graphics > Glitter Decals > Multi-Color Glitter Decals,Multi-Color Glitter Decals,https://signsny.com/wp-content/uploads/2025/05/multi-color-custom-glitter-decals-scaled.jpg,Vibrant designs with a mix of glitter colors for a dazzling effect.,3 - Mini Category
Vinyl Graphics > Glitter Decals > Transparent Glitter Decals,Transparent Glitter Decals,https://signsny.com/wp-content/uploads/2025/05/transparent-glitter-decals-scaled.jpg,"Subtle glitter effects with a clear background, perfect for overlays.",3 - Mini Category
Vinyl Graphics > Glitter Decals > Textured Glitter Decals,Textured Glitter Decals,https://signsny.com/wp-content/uploads/2025/05/textured-glitter-decals-scaled.jpg,Bold designs with a noticeable glitter texture.,3 - Mini Category
Vinyl Graphics > Gold Leaf Lettering,Gold Leaf Lettering,https://signsny.com/wp-content/uploads/2025/05/gold-leaf-vinyl-lettering.jpg.webp,Premium vinyl lettering with a gold leaf finish.,2 - Sub Category
Vinyl Graphics > Holographic Decals,Holographic Decals,https://signsny.com/wp-content/uploads/2025/05/Die-Cut-Holographic-Decals.jpg.webp,Eye-catching holographic effect decals.,2 - Sub Category
Vinyl Graphics > Holographic Decals > Rainbow Holographic Decals,Rainbow Holographic Decals,https://signsny.com/wp-content/uploads/2025/05/Rainbow-Holographic-Decals.jpg,"Vibrant, multi-colored designs that shift hues based on lighting.",3 - Mini Category
Vinyl Graphics > Holographic Decals > Die-Cut Holographic Decals,Die-Cut Holographic Decals,https://signsny.com/wp-content/uploads/2025/05/Die-Cut-Holographic-Decals.jpg,Custom shapes tailored to your logo or specific design.,3 - Mini Category
Vinyl Graphics > Holographic Decals > Static Cling Holographic Decals,Static Cling Holographic Decals,https://signsny.com/wp-content/uploads/2025/05/Static-Cling-Holographic-Decals.jpg,Non-adhesive options for temporary displays.,3 - Mini Category
Vinyl Graphics > Holographic Decals > Patterned Holographic Decals,Patterned Holographic Decals,https://signsny.com/wp-content/uploads/2025/05/Patterned-Holographic-Decals.jpg,"Unique designs with textures like stripes, circles, or stars.",3 - Mini Category
Vinyl Graphics > Holographic Decals > Rainbow Holographic Decals,Rainbow Holographic Decals,https://signsny.com/wp-content/uploads/elementor/thumbs/Rainbow-Holographic-Decals-1-rix5fposlgbtru3e753v8e9ipahx00ogxyxln3g7n6.jpg,"Shiny, multi-colored vinyl that shifts hues with light and angle — bold and eye-catching.",3 - Mini Category
Vinyl Graphics > Holographic Decals > Patterned Holographic Decals,Patterned Holographic Decals,https://signsny.com/wp-content/uploads/elementor/thumbs/Patterned-Holographic-Decals-1-rix5fposlgbtru3e753v8e9ipahx00ogxyxln3g7n6.jpg,"Holographic vinyl with built-in textures like stars, stripes, or prisms for added depth and flair.",3 - Mini Category
Vinyl Graphics > Holographic Decals > Die-Cut,Die-Cut,https://signsny.com/wp-content/uploads/elementor/thumbs/die-cut-holographic-rix5ftg5csgz29xxl6qdidbd2tzdut3eahjjk7amya.jpg,"Cut precisely to your design’s shape (logo, icon, text) with no extra border.",3 - Mini Category
Vinyl Graphics > Holographic Decals > Kiss-Cut,Kiss-Cut,https://signsny.com/wp-content/uploads/elementor/thumbs/kiss-cut-holographic-rix5fx7i44m4cpsgz8cvscd7gdguplibn05hhb529e.jpg,"Only the top vinyl is cut, not the backing — easy to peel, great for sheets or packs.",3 - Mini Category
Vinyl Graphics > Holographic Decals > Transfer Tape Application,Transfer Tape Application,https://signsny.com/wp-content/uploads/elementor/thumbs/transper-tap-rix5g2uj94tuadka2asn7axz0op1zs4pns2ecywp82.jpg,Used for pre-spaced designs (like text or multiple parts). Keeps alignment perfect when applying vinyl lettering or logos.,3 - Mini Category
Vinyl Graphics > Kiss-Cut Stickers,Kiss-Cut Stickers,https://signsny.com/wp-content/uploads/2025/05/kiss-cut-stickers-scaled.jpg.webp,Easy-peel stickers on backing sheets.,2 - Sub Category
Vinyl Graphics > Kiss-Cut Stickers > Opaque Vinyl,Opaque Vinyl,https://signsny.com/wp-content/uploads/2024/12/opaque-vinyl-nyc.jpg,"A solid, non-transparent material that ensures vibrant print quality and completely hides the surface behind the sticker.",3 - Mini Category
Vinyl Graphics > Kiss-Cut Stickers > Clear Vinyl,Clear Vinyl,https://signsny.com/wp-content/uploads/2024/12/clear-vinyl-nyc.jpg,"A see-through option that blends into the surface, ideal for clean, borderless looks.",3 - Mini Category
Vinyl Graphics > Kiss-Cut Stickers > Holographic,Holographic,https://signsny.com/wp-content/uploads/elementor/thumbs/Rainbow-Holographic-Decals-rix5fposlgbtru3e753v8e9ipahx00ogxyxln3g7n6.jpg,"A prismatic finish that changes color with light, creating an eye-catching rainbow effect.",3 - Mini Category
Vinyl Graphics > Kiss-Cut Stickers > Glitter,Glitter,https://signsny.com/wp-content/uploads/2024/12/glitter-vinyl-nyc.jpg,"A sparkly surface that adds a festive, textured shine, perfect for playful or premium branding.",3 - Mini Category
Vinyl Graphics > Kiss-Cut Stickers > Permanent,Permanent,https://signsny.com/wp-content/uploads/2024/12/adhesive-permanent-nyc.jpg,Durable adhesive that sticks securely for long-term use and resists peeling.,3 - Mini Category
Vinyl Graphics > Kiss-Cut Stickers > Low Tack (Removable),Low Tack (Removable),,"Easy to peel off without residue, best for short-term promotions or temporary labels.",3 - Mini Category
Vinyl Graphics > Kiss-Cut Stickers > High Tack,High Tack,,"A stronger grip for difficult surfaces or outdoor conditions, offering long-lasting adhesion.",3 - Mini Category
Vinyl Graphics > Kiss-Cut Stickers > Glossy,Glossy,https://signsny.com/wp-content/uploads/2024/12/glossy-finishes-nyc.jpg,A shiny topcoat that enhances color vibrancy and visual appeal.,3 - Mini Category
Vinyl Graphics > Kiss-Cut Stickers > Matte,Matte,https://signsny.com/wp-content/uploads/2024/12/matte-finishes-nyc.jpg,"A smooth, glare-free surface for a sleek, modern look.",3 - Mini Category
Vinyl Graphics > Product Labels,Product Labels,https://signsny.com/wp-content/uploads/2025/05/best-custom-product-label.jpg.webp,Custom product packaging labels.,2 - Sub Category
Vinyl Graphics > Product Labels > Opaque Vinyl (White),Opaque Vinyl (White),https://signsny.com/wp-content/uploads/2024/12/opaque-vinyl-nyc.jpg,Great for packaging with colored surfaces — ensures your graphics pop with clarity.,3 - Mini Category
Vinyl Graphics > Product Labels > Clear Vinyl (Transparent),Clear Vinyl (Transparent),https://signsny.com/wp-content/uploads/2024/12/clear-vinyl-nyc.jpg,Perfect for glass jars or smooth containers where subtle branding is desired.,3 - Mini Category
Vinyl Graphics > Product Labels > Gloss Finish,Gloss Finish,https://signsny.com/wp-content/uploads/2024/12/glossy-finishes-nyc.jpg,"Reflective and eye-catching — ideal for retail, food, or beauty products.",3 - Mini Category
Vinyl Graphics > Product Labels > Matte Finish,Matte Finish,https://signsny.com/wp-content/uploads/2024/12/matte-finishes-nyc.jpg,"Non-glare, soft look that complements minimalist and high-end brands.",3 - Mini Category
Vinyl Graphics > Product Labels > Die Cut,Die Cut,https://signsny.com/wp-content/uploads/elementor/thumbs/Die-Cut-Holographic-Decals-rix5fposlgbtru3e753v8e9ipahx00ogxyxln3g7n6.jpg,"Shaped labels cut through vinyl and backing — great for direct application to jars, boxes, and containers.",3 - Mini Category
Vinyl Graphics > Product Labels > Kiss Cut,Kiss Cut,https://signsny.com/wp-content/uploads/elementor/thumbs/kiss-cut-holographic-rix5fx7i44m4cpsgz8cvscd7gdguplibn05hhb529e.jpg,"Vinyl is cut but the backing stays whole — ideal for kits, sets, or easy-peel label sheets.",3 - Mini Category
Vinyl Graphics > Roll Labels,Roll Labels,https://signsny.com/wp-content/uploads/2025/06/best-custom-roll-label-nyc.jpg.webp,Bulk-printed labels on rolls for easy application.,2 - Sub Category
Vinyl Graphics > Roll Labels > Opaque Vinyl (White),Opaque Vinyl (White),https://signsny.com/wp-content/uploads/2024/12/opaque-vinyl-nyc.jpg,"Strong, flexible material that delivers vivid colors and a clean finish — perfect for high-speed production lines.",3 - Mini Category
Vinyl Graphics > Roll Labels > Clear Vinyl (Transparent),Clear Vinyl (Transparent),https://signsny.com/wp-content/uploads/2024/12/clear-vinyl-nyc.jpg,"Allows the product or container to show through — a popular choice for cosmetics, health, or beverage items.",3 - Mini Category
Vinyl Graphics > Roll Labels > Gloss Finish,Gloss Finish,https://signsny.com/wp-content/uploads/2024/12/glossy-finishes-nyc.jpg,"Bright, crisp finish that draws attention on shelves.",3 - Mini Category
Vinyl Graphics > Roll Labels > Matte Finish,Matte Finish,https://signsny.com/wp-content/uploads/2024/12/matte-finishes-nyc.jpg,"Smooth, non-reflective surface ideal for soft-touch or natural product packaging.",3 - Mini Category
Vinyl Graphics > Roll Labels > Die Cut,Die Cut,https://signsny.com/wp-content/uploads/elementor/thumbs/die-cut-holographic-rix5ftg5csgz29xxl6qdidbd2tzdut3eahjjk7amya.jpg,Cut to shape and spaced for smooth machine or hand application. Ideal for high-volume use.,3 - Mini Category
Vinyl Graphics > Roll Labels > Kiss Cut,Kiss Cut,https://signsny.com/wp-content/uploads/elementor/thumbs/kiss-cut-holographic-rix5fx7i44m4cpsgz8cvscd7gdguplibn05hhb529e.jpg,Vinyl is cut without cutting the backing. Useful for grouped labels or manual application.,3 - Mini Category
Vinyl Graphics > Sticker Sheets,Sticker Sheets,https://signsny.com/wp-content/uploads/2025/07/custom-sticker-sheet-ny.jpg.webp,Multiple custom designs on a single sheet.,2 - Sub Category
Vinyl Graphics > Sticker Sheets > Opaque Vinyl,Opaque Vinyl,https://signsny.com/wp-content/uploads/2024/12/opaque-vinyl-nyc.jpg,"A solid, full-coverage material that makes designs pop and hides any background.",3 - Mini Category
Vinyl Graphics > Sticker Sheets > Clear Vinyl,Clear Vinyl,https://signsny.com/wp-content/uploads/2024/12/clear-vinyl-nyc.jpg,"Transparent base that lets your surface show through, ideal for clean and subtle looks.",3 - Mini Category
Vinyl Graphics > Sticker Sheets > Permanent,Permanent,https://signsny.com/wp-content/uploads/2024/12/adhesive-permanent-nyc.jpg,Strong and reliable for long-term use on most smooth surfaces.,3 - Mini Category
Vinyl Graphics > Sticker Sheets > Low Tack (Removable),Low Tack (Removable),,"Easy to remove without leaving residue, great for temporary use or repositionable labels.",3 - Mini Category
Vinyl Graphics > Sticker Sheets > Glossy,Glossy,https://signsny.com/wp-content/uploads/2024/12/glossy-finishes-nyc.jpg,"Adds a bright, reflective shine that makes colors stand out.",3 - Mini Category
Vinyl Graphics > Sticker Sheets > Matte,Matte,https://signsny.com/wp-content/uploads/2024/12/matte-finishes-nyc.jpg,"A flat, smooth surface that softens glare for a more refined appearance.",3 - Mini Category
Vinyl Graphics > Sticker Sheets > Holographic,Holographic,https://signsny.com/wp-content/uploads/2024/12/holographic-vinyl-nyc.jpg,"Reflective material that shifts colors with light, adding a striking, futuristic effect.",3 - Mini Category
Vinyl Graphics > Sticker Sheets > Glitter,Glitter,https://signsny.com/wp-content/uploads/2024/12/glitter-vinyl-nyc.jpg,"A sparkly, textured finish that draws attention and adds flair to your designs.",3 - Mini Category
Vinyl Graphics > Sticker Sheets > Premium Quality Printing:,Premium Quality Printing:,https://signsny.com/wp-content/uploads/2024/11/Layer-29.jpg,We use advanced printing technology to ensure that your stickers have vibrant colors and crisp designs.,3 - Mini Category
Vinyl Graphics > Sticker Sheets > Custom Designs:,Custom Designs:,https://signsny.com/wp-content/uploads/2024/11/Layer-30.jpg,"From unique shapes and sizes to full-color prints, our sticker sheets are fully customizable to meet your specific needs.",3 - Mini Category
Vinyl Graphics > Sticker Sheets > Durable Materials:,Durable Materials:,https://signsny.com/wp-content/uploads/2024/11/Layer-31.jpg,Choose from high-quality materials like vinyl to ensure your stickers are long-lasting and suitable for various applications.,3 - Mini Category
Vinyl Graphics > Sticker Sheets > Fast Turnaround Time:,Fast Turnaround Time:,https://signsny.com/wp-content/uploads/2024/11/Layer-32.png,We offer quick production and shipping to ensure that your stickers arrive when you need them.,3 - Mini Category
Vinyl Graphics > Sticker Sheets > Affordable Pricing:,Affordable Pricing:,https://signsny.com/wp-content/uploads/2024/11/Layer-29.jpg,"We offer competitive pricing without compromising on quality, so you can get high-quality custom sticker sheets within your budget.",3 - Mini Category
Vinyl Graphics > Sticker Sheets > Expert Support:,Expert Support:,https://signsny.com/wp-content/uploads/2024/11/Layer-30.jpg,Our team of experts is here to assist you in designing the perfect sticker sheets and ensuring your order is just right.,3 - Mini Category
Vinyl Graphics > Transfer Stickers,Transfer Stickers,https://signsny.com/wp-content/uploads/2025/06/customized-transfer-stickers-nyc.jpg.webp,Vinyl graphics with transfer tape for easy installation.,2 - Sub Category
Vinyl Graphics > Transfer Stickers > Solid Vinyl (Black or White),Solid Vinyl (Black or White),https://signsny.com/wp-content/uploads/2024/12/opaque-vinyl-nyc.jpg,"Durable, high-performance vinyl cut into shapes or letters without a printed background. Offered in classic black or white for bold contrast and clean visibility.",3 - Mini Category
Vinyl Graphics > Transfer Stickers > Permanent,Permanent,https://signsny.com/wp-content/uploads/2024/12/adhesive-permanent-nyc.jpg,"Long-lasting adhesive designed for smooth, clean applications that stay put over time.",3 - Mini Category
Vinyl Graphics > Transfer Stickers > High Tack,High Tack,,"Extra-strong grip, perfect for rough or textured surfaces.",3 - Mini Category
Vinyl Graphics > Wall Decals,Wall Decals,https://signsny.com/wp-content/uploads/2024/12/growth-wall-decals-scaled.jpg.webp,Decorative and promotional vinyl decals for walls.,2 - Sub Category
Vinyl Graphics > Window Decals,Window Decals,https://signsny.com/wp-content/uploads/2025/05/window-decal-for-happy-childrens-toys-shop.jpg.webp,Adhesive graphics for glass surfaces.,2 - Sub Category
Vinyl Graphics > Window Wraps,Window Wraps,https://signsny.com/wp-content/uploads/2025/06/fitness-club-perforated-window-wrap-with-athlete-silhouettes-and-bold-colors.jpg.webp,Full or partial vinyl wraps for storefront or vehicle windows.,2 - Sub Category
Vinyl Graphics > Perforated Window Wraps,Perforated Window Wraps,https://signsny.com/wp-content/uploads/2025/06/custom-perforated-window-wraps-nyc-scaled.jpg.webp,"One-way vision window graphics made with micro-perforated vinyl, allowing people inside to see out while displaying vibrant full-color graphics on the outside.",2 - Sub Category