Hierarchy Path,Section,Name,Image Link,Description
Indoor Signs,Main Category,Indoor Signs,,
Outdoor Signs,Main Category,Outdoor Signs,,
Construction Signs,Main Category,Construction Signs,,
Building Signs,Main Category,Building Signs,,
Event Signs,Main Category,Event Signs,,
Large Format Printing,Main Category,Large Format Printing,,
Rigid Signs,Main Category,Rigid Signs,,
Vehicle Wraps,Main Category,Vehicle Wraps,,
Vinyl Graphics,Main Category,Vinyl Graphics,,
Indoor Signs > Office Signs,Sub Category,Office Signs,https://signsny.com/wp-content/uploads/2025/07/Office-Signs.jpg.webp,"Professional signs that make your office easy to navigate and give every room a clear identity—ideal for nameplates, departments, and meeting rooms."
Indoor Signs > Metal Letters,Sub Category,Metal Letters,https://signsny.com/wp-content/uploads/2024/11/the-sports-center-chelsea-piers-metal-letters.jpg.webp,"Durable and sleek, metal letters add a polished look to your brand. Great for indoor lobbies or building exteriors where you want to stand out."
Indoor Signs > Metal Plaques,Sub Category,Metal Plaques,https://signsny.com/wp-content/uploads/2025/02/what-are-metal-plaques.jpg.webp,"Elegant and long-lasting, these plaques are perfect for commemorating achievements, marking offices, or giving your space a premium look."
Indoor Signs > Plastic Letters,Sub Category,Plastic Letters,https://signsny.com/wp-content/uploads/2024/12/school-of-rock-plastic-letters.jpg.webp,"Lightweight and versatile, plastic letters offer a clean, bold appearance—ideal for logos, business names, and eye-catching interior walls."
Indoor Signs > Standoff Signs,Sub Category,Standoff Signs,https://signsny.com/wp-content/uploads/2025/07/office-standoff-signs-nyc.jpg.webp,"Modern and stylish signs that literally stand off the wall, creating a floating effect. Perfect for businesses that want a contemporary feel."
Indoor Signs > Door Signs,Sub Category,Door Signs,https://signsny.com/wp-content/uploads/2025/02/door-sign-for-library-nyc.jpg.webp,"Simple yet effective signage to identify rooms, offices, and suites—keeping your space organized and professional."
Indoor Signs > Lobby Signs,Sub Category,Lobby Signs,https://signsny.com/wp-content/uploads/2024/12/best-accessory-group-lobby-sign-scaled.jpeg.webp,Make a great first impression with lobby signs that reflect your brand’s personality and welcome visitors the right way.
Indoor Signs > Magnetic Menu Boards,Sub Category,Magnetic Menu Boards,https://signsny.com/wp-content/uploads/2025/07/restaurant-magnetic-reception-menu-boards-nyc.jpg.webp,"An easy-to-update solution for cafes, restaurants, and food trucks. Switch out items anytime without needing to redesign your whole board."
Indoor Signs > Window Frosting,Sub Category,Window Frosting,https://signsny.com/wp-content/uploads/2024/11/window-frosting-for-business-nyc.jpg.webp,"Add privacy and a touch of elegance to your windows while still allowing light in. Great for offices, clinics, and storefronts."
Indoor Signs > Neon Signs,Sub Category,Neon Signs,https://signsny.com/wp-content/uploads/2025/02/neon-sign-for-imoveme.jpg.webp,Bring energy and retro flair to your business with glowing neon signs that turn heads—day or night.
Indoor Signs > ADA Signs,Sub Category,ADA Signs,https://signsny.com/wp-content/uploads/2024/12/custom-ada-signs-nyc-scaled.jpg.webp,"ADA-compliant signage designed for accessibility and inclusivity, ensuring your business meets federal standards."
Indoor Signs > Aisle Signs,Sub Category,Aisle Signs,https://signsny.com/wp-content/uploads/2025/02/aisle-signs-with-symbols-nyc.jpg.webp,"Directional signage with clear symbols and labels, helping customers and visitors navigate aisles with ease."
Indoor Signs > Directory Signs,Sub Category,Directory Signs,https://signsny.com/wp-content/uploads/2025/02/directory-signs-for-hospitals.jpg.webp,"Organized signage to display departments, suites, or room listings—commonly used in hospitals, offices, and malls."
Indoor Signs > Foam Letters,Sub Category,Foam Letters,https://signsny.com/wp-content/uploads/2024/12/game-foam-letters-nyc.jpg.webp,"Lightweight 3D letters that create bold, dimensional branding for walls, events, or promotions."
Indoor Signs > PVC Letters,Sub Category,PVC Letters,https://signsny.com/wp-content/uploads/2025/07/lightweight-pvc-letter-signs.jpg.webp,"Durable, lightweight PVC lettering ideal for indoor branding, displays, and wall-mounted designs."
Indoor Signs > SEG Light Box Signs,Sub Category,SEG Light Box Signs,https://signsny.com/wp-content/uploads/2024/12/premium-seg-light-box-signage-scaled.jpg.webp,Slim illuminated displays with stretch fabric graphics—great for retail and trade shows.
Indoor Signs > Regulatory Signs,Sub Category,Regulatory Signs,https://signsny.com/wp-content/uploads/2025/06/lane-closed-arrow-road-signs.jpg.webp,"Compliance-driven signs that display warnings, restrictions, and rules."
Outdoor Signs > Retractable Awnings,Sub Category,Retractable Awnings,https://signsny.com/wp-content/uploads/2025/04/retractable-awnings-for-business-nyc.jpg.webp,"Shade when you need it, sun when you don’t—ideal for storefronts, patios, and restaurants."
Outdoor Signs > Commercial Awnings,Sub Category,Commercial Awnings,https://signsny.com/wp-content/uploads/2023/10/commercial-awnings-business.jpg.webp,"Durable, stylish awnings that add coverage and branding to your business façade."
Outdoor Signs > Vestibules,Sub Category,Vestibules,https://signsny.com/wp-content/uploads/2025/04/outdoor-winte-vestibuel-for-raclette.jpg.webp,Seasonal or permanent structures that provide weather protection and create a welcoming entrance.
Outdoor Signs > Blade Signs,Sub Category,Blade Signs,https://signsny.com/wp-content/uploads/2024/12/beats-and-barres-blade-sign.jpg.webp,"Perpendicular signs that extend outward, grabbing attention from pedestrians and street traffic."
Outdoor Signs > Aluminum Metal Signs,Sub Category,Aluminum Metal Signs,https://signsny.com/wp-content/uploads/2024/12/custom-metal-business-signage.jpg.webp,"Strong, sleek aluminum signage that offers a modern, professional look for outdoor branding."
Outdoor Signs > Carved Signs,Sub Category,Carved Signs,https://signsny.com/wp-content/uploads/2025/04/welcome-carved-sign.jpg.webp,"Classic engraved signs with depth and character—perfect for traditional, timeless appeal."
Outdoor Signs > Channel Letters,Sub Category,Channel Letters,https://signsny.com/wp-content/uploads/2024/12/channel-letter-dream-town-real-estate-nyc.jpg.webp,"Illuminated 3D letters that shine brightly, day or night, for maximum visibility."
Outdoor Signs > Hand Painted Signs,Sub Category,Hand Painted Signs,https://signsny.com/wp-content/uploads/2024/12/cotton-candy-hand-painted-sign.jpg.webp,"Custom artistic signage with a personal, handcrafted touch for a vintage or boutique look."
Outdoor Signs > A Frame Signs,Sub Category,A Frame Signs,https://signsny.com/wp-content/uploads/2024/12/a-frame-sign-for-constuction-industry.jpg.webp,"Portable, foldable signs ideal for sidewalks, promotions, menus, or event advertising."
Outdoor Signs > Light Box Signs,Sub Category,Light Box Signs,https://signsny.com/wp-content/uploads/2024/12/we-buy-good-seg-light-box.jpg.webp,Backlit signs with vibrant graphics that stay visible even after dark.
Outdoor Signs > Lighted Signs,Sub Category,Lighted Signs,https://signsny.com/wp-content/uploads/2024/12/lighted-sign-by-retail-store-signages-nyc.jpg.webp,General illuminated signage designed to ensure your business is seen at all hours.
Outdoor Signs > Lollipop Signs,Sub Category,Lollipop Signs,https://signsny.com/wp-content/uploads/2025/05/rusty-anchor-pub-lolipop-sign-in-new-york-city.jpg.webp,"Round, pole-mounted signs that provide visibility at eye level—great for pubs, cafés, and shops."
Outdoor Signs > Real Estate Signs,Sub Category,Real Estate Signs,https://signsny.com/wp-content/uploads/2024/11/real-estate-signage-solutions.jpg.webp,"Durable, customizable signs for property listings, open houses, and real estate branding."
Outdoor Signs > Sidewalk Barriers,Sub Category,Sidewalk Barriers,https://signsny.com/wp-content/uploads/2024/12/best-sidewalk-cafe-barriers.jpg.webp,"Functional and branded barriers for outdoor cafés, restaurants, and crowd control."
Outdoor Signs > Wall Pan Signs,Sub Category,Wall Pan Signs,https://signsny.com/wp-content/uploads/2025/02/wall-pan-sign-for-lobby-area.jpg.webp,"Flat-panel wall-mounted signs that provide a sleek, professional look for building exteriors."
Outdoor Signs > Solaray Sequin Signs,Sub Category,Solaray Sequin Signs,https://signsny.com/wp-content/uploads/2025/07/hexagon-hardrock-cafe-sequin-signs.jpg.webp,Decorative sequin panel signs that shimmer and catch attention with movement and light.
Construction Signs > Work in Progress Signs,Sub Category,Work in Progress Signs,https://signsny.com/wp-content/uploads/2025/06/residental-work-in-progress-1.jpg.webp,Commercial signs for ongoing projects.
Construction Signs > Sidewalk Closed Signs,Sub Category,Sidewalk Closed Signs,https://signsny.com/wp-content/uploads/2025/04/walkway-sidewalk-closed-sign-ny.jpg.webp,Sidewalk closed ahead. Cross here.
Construction Signs > Road Closed Signs,Sub Category,Road Closed Signs,https://signsny.com/wp-content/uploads/2025/06/lane-closed-arrow-road-signs.jpg.webp,Lane closed ahead.
Construction Signs > Blueprints Printing,Sub Category,Blueprints Printing,https://signsny.com/wp-content/uploads/2025/06/architectural-blueprints-printing-services-ny.jpg.webp,"Site safety mandatory: Safety glasses, safety boots, hard hats, high visibility vests, ear protection, hand protection."
Construction Signs > Scaffolding Wraps,Sub Category,Scaffolding Wraps,https://signsny.com/wp-content/uploads/2025/04/scaffolding-wraps-nyc-company.jpg.webp,Custom wraps for scaffolding for branding and safety purposes.
Building Signs > Boiler Room Signs,Sub Category,Boiler Room Signs,https://signsny.com/wp-content/uploads/2025/06/residental-work-in-progress-1.jpg.webp,"Mandatory boiler room labels for safety, compliance, and restricted access."
Building Signs > HPD Signs,Sub Category,HPD Signs,https://signsny.com/wp-content/uploads/2023/01/hpd-boiler-room-keys-sign.jpg.webp,NYC Housing Preservation & Development–compliant signs for safety and legal requirements in residential and commercial buildings.
Building Signs > Video Surveillance Signs,Sub Category,Video Surveillance Signs,https://signsny.com/wp-content/uploads/2025/04/walkway-sidewalk-closed-sign-ny.jpg.webp,Warning signs indicating areas are under 24-hour CCTV monitoring.
Building Signs > Fire Safety Signs,Sub Category,Fire Safety Signs,https://signsny.com/wp-content/uploads/2025/06/lane-closed-arrow-road-signs.jpg.webp,Emergency and safety instructions for fire protection systems.
Building Signs > Safety Signs,Sub Category,Safety Signs,https://signsny.com/wp-content/uploads/2025/06/hard-hat-area-caution-safety-signs-new-york.jpg.webp,"General safety signage for hazards, protective equipment, and workplace compliance."
Event Signs > Kiosk Signs,Sub Category,Kiosk Signs,https://signsny.com/wp-content/uploads/2025/06/self-service-kiosk-signs-nyc-scaled.jpg.webp,"Branded signs for self-service kiosks, enhancing usability and visibility."
Event Signs > Podium Signs,Sub Category,Podium Signs,https://signsny.com/wp-content/uploads/2024/12/vinyl-decal-podium-signs-nyc.jpg.webp,"Professional signage for podiums at conferences, ceremonies, or events."
Event Signs > Standee and Cutouts,Sub Category,Standee and Cutouts,https://signsny.com/wp-content/uploads/2025/06/custom-standee-and-cutouts-ny.png.webp,"Life-size promotional cutouts and standees for events, retail, and exhibitions."
Large Format Printing > Backdrops,Sub Category,Backdrops,https://signsny.com/wp-content/uploads/2025/06/best-event-backdrops-scaled.jpg.webp,"Custom printed backdrops for events, stages, and photography."
Large Format Printing > Banner Stands,Sub Category,Banner Stands,https://signsny.com/wp-content/uploads/2025/06/Outdoor-Banner-Stand.jpg.webp,Portable banner displays for trade shows and promotions.
Large Format Printing > Billboard Printing,Sub Category,Billboard Printing,https://signsny.com/wp-content/uploads/2025/06/billboard-printing-for-high-visibility-marketing.jpg.webp,Large-format billboard graphics for outdoor advertising.
Large Format Printing > Canvas Printing,Sub Category,Canvas Printing,https://signsny.com/wp-content/uploads/2025/06/custom-canvas-prints-signs-nyc.jpg.webp,"High-quality canvas prints for décor, branding, or promotions."
Large Format Printing > Duratrans Printing,Sub Category,Duratrans Printing,https://signsny.com/wp-content/uploads/2023/01/storefront-duratrans-printing-new-york.jpg.webp,"Backlit film graphics for vivid, illuminated displays."
Large Format Printing > Mesh Banners,Sub Category,Mesh Banners,https://signsny.com/wp-content/uploads/2025/06/stadium-outdoor-mesh-banners.jpg.webp,Perforated outdoor banners designed to withstand wind.
Large Format Printing > Paper Poster Printing,Sub Category,Paper Poster Printing,https://signsny.com/wp-content/uploads/2025/06/menu-poster-printing.jpg.webp,Affordable printed posters for campaigns and promotions.
Large Format Printing > Pole Banners and Flags,Sub Category,Pole Banners and Flags,https://signsny.com/wp-content/uploads/2025/06/wall-mounted-pole-banners-and-flags.jpg.webp,"Vertical banners for poles, streets, and event branding."
Large Format Printing > Step and Repeat Banners,Sub Category,Step and Repeat Banners,https://signsny.com/wp-content/uploads/2024/12/custom-step-and-repeat-banners-nyc-scaled.jpg.webp,Photography backdrops with repeating logos/branding.
Large Format Printing > Tabletop Signs,Sub Category,Tabletop Signs,https://signsny.com/wp-content/uploads/2023/02/tabletop-signs.jpg.webp,"Compact, desk or counter-top signs for promotions and events."
Large Format Printing > Vinyl Banners,Sub Category,Vinyl Banners,https://signsny.com/wp-content/uploads/2024/11/vinyl-banners-for-bk-venues.jpg.webp,Durable vinyl banners suitable for indoor and outdoor advertising.
Rigid Signs > Coroplast Signs,Sub Category,Coroplast Signs,https://signsny.com/wp-content/uploads/2024/12/coroplast-sign.jpg.webp,Lightweight corrugated plastic signs for temporary use.
Rigid Signs > Dibond Signs,Sub Category,Dibond Signs,https://signsny.com/wp-content/uploads/2024/12/best-custom-dibond-signs.jpg.webp,"Aluminum composite signs, rigid and long-lasting."
Rigid Signs > Foam Board Signs,Sub Category,Foam Board Signs,https://signsny.com/wp-content/uploads/2024/12/golden-foam-board-printing-scaled.jpg.webp,Lightweight foam-core signs ideal for presentations and displays.
Rigid Signs > PVC Signs,Sub Category,PVC Signs,https://signsny.com/wp-content/uploads/2024/12/custom-pvc-signage.jpg.webp,Rigid PVC signs for indoor and outdoor use.
Rigid Signs > Yard Signs,Sub Category,Yard Signs,https://signsny.com/wp-content/uploads/2024/12/corrugated-plastic-yard-signs.jpg.webp,Full or partial wraps for buses with impactful branding.
Vehicle Wraps > Bus Wrapping,Sub Category,Bus Wrapping,https://signsny.com/wp-content/uploads/2025/04/bus-wraps-for-transportation-in-nyc.jpg.webp,This area is restricted to authorized personnel only for safety and security reasons.
Vehicle Wraps > Car Wrapping,Sub Category,Car Wrapping,https://signsny.com/wp-content/uploads/2024/12/full-car-wraps-nyc.jpg.webp,Complete or partial vehicle wraps for personal or commercial use.
Vehicle Wraps > Food Truck Wrapping,Sub Category,Food Truck Wrapping,https://signsny.com/wp-content/uploads/2024/12/best-custom-food-truck-wrap-new-york.jpg.webp,Custom wraps that turn food trucks into mobile billboards.
Vehicle Wraps > Magnetic Signs,Sub Category,Magnetic Signs,https://signsny.com/wp-content/uploads/2025/06/best-custom-magnetic-signs.jpg.webp,Removable magnetic car door signs for business use.
Vehicle Wraps > Trailer Wrapping,Sub Category,Trailer Wrapping,https://signsny.com/wp-content/uploads/2025/07/greg-slack-roofing-trailer-wrap.jpg.webp,Branding wraps for trailers of any size.
Vehicle Wraps > Truck Wrapping,Sub Category,Truck Wrapping,https://signsny.com/wp-content/uploads/2024/12/orange-box-truck-wrap-with-nyoj-logo.jpg.webp,Bold wraps for box trucks and delivery vehicles.
Vehicle Wraps > Van Wrapping,Sub Category,Van Wrapping,https://signsny.com/wp-content/uploads/2024/12/van-wrap-for-moretran-truck-parts-provider.jpg.webp,Professional vinyl wraps for vans and fleet vehicles.
Vehicle Wraps > Truck Lettering,Sub Category,Truck Lettering,https://signsny.com/wp-content/uploads/2025/04/vehicle-wrap-and-lettering-for-pheasant-nyc.jpg.webp,Vinyl-cut lettering and logos applied directly to vehicles.
Vinyl Graphics > Bottle Labels,Sub Category,Bottle Labels,https://signsny.com/wp-content/uploads/2024/12/mango-juice-bottle-label-nyc.jpg.webp,Custom printed adhesive labels for bottles and packaging.
Vinyl Graphics > Custom Decals,Sub Category,Custom Decals,https://signsny.com/wp-content/uploads/2023/01/custom-attractive-wall-decals-nyc.png.webp,"Versatile decals for walls, windows, and products."
Vinyl Graphics > Custom Wall Graphics,Sub Category,Custom Wall Graphics,https://signsny.com/wp-content/uploads/2024/12/custom-wall-wraps-and-graphics.jpg.webp,Large-format vinyl graphics for wall décor and branding.
Vinyl Graphics > Dance Floor Wraps,Sub Category,Dance Floor Wraps,https://signsny.com/wp-content/uploads/2025/05/dance-floor-wrap-made-for-bar-floor-in-new-york.jpg.webp,"Customized wraps for events, weddings, and parties."
Vinyl Graphics > Die-Cut Stickers,Sub Category,Die-Cut Stickers,https://signsny.com/wp-content/uploads/2025/05/die-cut-holographic.jpg.webp,Stickers cut precisely to custom shapes.
Vinyl Graphics > Elevator Wraps,Sub Category,Elevator Wraps,https://signsny.com/wp-content/uploads/2024/12/trendmill-clothing-company-mall-elevator-wrap-in-ny.jpg.webp,Full wraps for elevator doors and interiors.
Vinyl Graphics > Floor Graphics,Sub Category,Floor Graphics,https://signsny.com/wp-content/uploads/2024/12/premium-floor-graphics-scaled.jpg.webp,Durable decals designed for floor advertising.
Vinyl Graphics > Glitter Decals,Sub Category,Glitter Decals,https://signsny.com/wp-content/uploads/2025/05/maddie-glitter-decal-for-locker.jpg.webp,Sparkly vinyl decals that stand out.
Vinyl Graphics > Gold Leaf Lettering,Sub Category,Gold Leaf Lettering,https://signsny.com/wp-content/uploads/2025/05/gold-leaf-vinyl-lettering.jpg.webp,Premium vinyl lettering with a gold leaf finish.
Vinyl Graphics > Holographic Decals,Sub Category,Holographic Decals,https://signsny.com/wp-content/uploads/2025/05/Die-Cut-Holographic-Decals.jpg.webp,Eye-catching holographic effect decals.
Vinyl Graphics > Kiss-Cut Stickers,Sub Category,Kiss-Cut Stickers,https://signsny.com/wp-content/uploads/2025/05/kiss-cut-stickers-scaled.jpg.webp,Easy-peel stickers on backing sheets.
Vinyl Graphics > Product Labels,Sub Category,Product Labels,https://signsny.com/wp-content/uploads/2025/05/best-custom-product-label.jpg.webp,Custom product packaging labels.
Vinyl Graphics > Roll Labels,Sub Category,Roll Labels,https://signsny.com/wp-content/uploads/2025/06/best-custom-roll-label-nyc.jpg.webp,Bulk-printed labels on rolls for easy application.
Vinyl Graphics > Sticker Sheets,Sub Category,Sticker Sheets,https://signsny.com/wp-content/uploads/2025/07/custom-sticker-sheet-ny.jpg.webp,Multiple custom designs on a single sheet.
Vinyl Graphics > Transfer Stickers,Sub Category,Transfer Stickers,https://signsny.com/wp-content/uploads/2025/06/customized-transfer-stickers-nyc.jpg.webp,Vinyl graphics with transfer tape for easy installation.
Vinyl Graphics > Wall Decals,Sub Category,Wall Decals,https://signsny.com/wp-content/uploads/2024/12/growth-wall-decals-scaled.jpg.webp,Decorative and promotional vinyl decals for walls.
Vinyl Graphics > Window Decals,Sub Category,Window Decals,https://signsny.com/wp-content/uploads/2025/05/window-decal-for-happy-childrens-toys-shop.jpg.webp,Adhesive graphics for glass surfaces.
Vinyl Graphics > Window Wraps,Sub Category,Window Wraps,https://signsny.com/wp-content/uploads/2025/06/fitness-club-perforated-window-wrap-with-athlete-silhouettes-and-bold-colors.jpg.webp,Full or partial vinyl wraps for storefront or vehicle windows.
Vinyl Graphics > Perforated Window Wraps,Sub Category,Perforated Window Wraps,https://signsny.com/wp-content/uploads/2025/06/custom-perforated-window-wraps-nyc-scaled.jpg.webp,"One-way vision window graphics made with micro-perforated vinyl, allowing people inside to see out while displaying vibrant full-color graphics on the outside."
Indoor Signs > Metal Letters > Aluminum,Customization / Option,Aluminum,https://signsny.com/wp-content/uploads/2025/10/Aluminum.jpg,"Available thickness: 1/8"" - 3/16"" - 1/4"" - 3/8"" and thicker"
Indoor Signs > Metal Letters > Stainless Steel,Customization / Option,Stainless Steel,https://signsny.com/wp-content/uploads/2025/10/Stainless-Steel.jpg,"Available thickness: 1/8"" - 3/16"" - 1/4"" - 3/8"" and thicker"
Indoor Signs > Metal Letters > Brass,Customization / Option,Brass,https://signsny.com/wp-content/uploads/2025/10/Brass.jpg,"Available thickness: 1/8"" - 3/16"" - 1/4"" - 3/8"" and thicker"
Indoor Signs > Metal Letters > Bronze,Customization / Option,Bronze,https://signsny.com/wp-content/uploads/2025/10/Bronze.jpg,"Available thickness: 1/8"" - 3/16"" - 1/4"" - 3/8"" and thicker"
Indoor Signs > Metal Letters > Copper,Customization / Option,Copper,https://signsny.com/wp-content/uploads/2025/10/Copper.jpg,"Available thickness: 1/8"" - 3/16"" - 1/4"" - 3/8"" and thicker"
Indoor Signs > Metal Letters > Brushed Aluminum,Customization / Option,Brushed Aluminum,https://signsny.com/wp-content/uploads/2024/11/castmetal-aluminum-brushed.jpg,"Letter height: 1/2"" - 48"" Custom color option available"
Indoor Signs > Metal Letters > Polish Aluminum,Customization / Option,Polish Aluminum,https://signsny.com/wp-content/uploads/elementor/thumbs/polish-aluminum-rix5cuajpoeaaq9kywewm4ctcwnjhb9zvr66unpinm.jpg,"Letter height: 1/2"" - 48"" Custom color option available"
Indoor Signs > Metal Letters > Gold Anodized,Customization / Option,Gold Anodized,https://signsny.com/wp-content/uploads/2024/11/gold-anodized.jpg,"Letter height: 1/2"" - 48"" Custom color option available"
Indoor Signs > Metal Letters > Black Anodized,Customization / Option,Black Anodized,https://signsny.com/wp-content/uploads/2024/11/black-anodized.jpg,"Letter height: 1/2"" - 48"" Custom color option available"
Indoor Signs > Metal Letters > Clear Anodized,Customization / Option,Clear Anodized,https://signsny.com/wp-content/uploads/2024/11/faux-patina.jpg,"Letter height: 1/2"" - 48"" Custom color option available"
Indoor Signs > Metal Letters > Raceway mounts,Customization / Option,Raceway mounts,https://signsny.com/wp-content/uploads/2025/10/plain-mounting.jpg,
Indoor Signs > Metal Letters > Standoff,Customization / Option,Standoff,https://signsny.com/wp-content/uploads/2025/10/double-face-tape-mounting.jpg,
Indoor Signs > Metal Letters > Stud,Customization / Option,Stud,https://signsny.com/wp-content/uploads/2025/10/stud-w-block-mounting.jpg,
Indoor Signs > Metal Letters > Flush,Customization / Option,Flush,https://signsny.com/wp-content/uploads/2025/10/flush-stud-mounting.jpg,
Indoor Signs > Metal Plaques > Precision Plaques,Customization / Option,Precision Plaques,https://signsny.com/wp-content/uploads/2024/12/cast-and-precision-plaques.jpg,"Precision tooled plaques offer clean raised and recessed details with sharp edges and refined finishing. They are often used when the plaque needs a formal, dimensional look with controlled detail."
Indoor Signs > Metal Plaques > Cast Metal Plaques,Customization / Option,Cast Metal Plaques,https://signsny.com/wp-content/uploads/2026/07/cast-metal-plaques.jpg,"Cast plaques are made with raised lettering, borders and graphics with recessed background areas. They are a strong choice for memorial plaques, dedication plaques, historic plaques, building plaques and exterior markers."
Indoor Signs > Metal Plaques > Etched Metal Plaques,Customization / Option,Etched Metal Plaques,https://signsny.com/wp-content/uploads/2024/12/etched-metal-plaques.jpg,"Etched plaques are useful when the design includes fine text, detailed logos, line art, seals, portraits or donor information. Etching creates recessed details that can be filled with color for contrast and readability."
Indoor Signs > Metal Plaques > Bronze Plaques,Customization / Option,Bronze Plaques,https://signsny.com/wp-content/uploads/2025/02/r4-bronze.jpeg,"Traditional and formal, ideal for memorial, dedication and exterior plaques with raised lettering or borders."
Indoor Signs > Metal Plaques > Brass Plaques,Customization / Option,Brass Plaques,https://signsny.com/wp-content/uploads/2024/12/brass-standoff-signs.jpg,"Warm, classic finish for office, donor and award plaques. Polished, brushed, engraved or paint-filled."
Indoor Signs > Metal Plaques > Aluminum Plaques,Customization / Option,Aluminum Plaques,https://signsny.com/wp-content/uploads/2025/06/aluminum.jpg,"Lighter option for building plaques, directories and exterior signs. Corrosion-resistant with a durable finish."
Indoor Signs > Metal Plaques > Stainless Steel Plaques,Customization / Option,Stainless Steel Plaques,https://signsny.com/wp-content/uploads/2025/02/thin-etched-stainless-steel.jpeg,"Clean, modern look for corporate offices, medical facilities and lobbies. Durable and polished."
Indoor Signs > Plastic Letters > Pigmented Black,Customization / Option,Pigmented Black,https://signsny.com/wp-content/uploads/2025/10/Pigmented-Black.jpg,"Thickness ""1/8 , 3/16 , 1/4 , 3/8 , 1/2 , 3/4 , 1 & 1-1/2"""
Indoor Signs > Plastic Letters > Pigmented White,Customization / Option,Pigmented White,https://signsny.com/wp-content/uploads/2025/10/Pigmented-White.jpg,"Thickness ""1/8 , 3/16 , 1/4 , 3/8 , 1/2 , 3/4 , 1 & 1-1/2"""
Indoor Signs > Plastic Letters > Painted Standard Color,Customization / Option,Painted Standard Color,https://signsny.com/wp-content/uploads/2025/10/Painted-Standard-Color.jpg,"Thickness ""1/8 , 3/16 , 1/4 , 3/8 , 1/2 , 3/4 , 1 & 1-1/2"""
Indoor Signs > Plastic Letters > Clear,Customization / Option,Clear,https://signsny.com/wp-content/uploads/2025/10/Clear.jpg,"Thickness ""1/8 , 3/16 , 1/4 , 3/8 , 1/2 , 3/4 , 1 & 1-1/2"""
Indoor Signs > Plastic Letters > Textured Paint,Customization / Option,Textured Paint,https://signsny.com/wp-content/uploads/2025/10/Textured-Paint.jpg,"Thickness ""1/8 , 3/16 , 1/4 , 3/8 , 1/2 , 3/4 , 1 & 1-1/2"""
Indoor Signs > Plastic Letters > Choose Your Custom Color,Customization / Option,Choose Your Custom Color,https://signsny.com/wp-content/uploads/2025/10/custom-colors-for-plastic-letters.jpg,
Indoor Signs > Plastic Letters > Matte Finish,Customization / Option,Matte Finish,https://signsny.com/wp-content/uploads/2025/10/Matte-Finish.jpg,
Indoor Signs > Plastic Letters > Gloss Finish,Customization / Option,Gloss Finish,https://signsny.com/wp-content/uploads/2025/10/Gloss-Finish.jpg,
Indoor Signs > Plastic Letters > Metal Finish,Customization / Option,Metal Finish,https://signsny.com/wp-content/uploads/2025/10/Metal-Finish.jpg,
Indoor Signs > Plastic Letters > Brushed Finish,Customization / Option,Brushed Finish,https://signsny.com/wp-content/uploads/2025/10/Brushed-Finish.jpg,
Indoor Signs > Plastic Letters > Plain Mounting,Customization / Option,Plain Mounting,https://signsny.com/wp-content/uploads/2025/10/plain-mounting.jpg,
Indoor Signs > Plastic Letters > Double Face Tape Mounting,Customization / Option,Double Face Tape Mounting,https://signsny.com/wp-content/uploads/2025/10/double-face-tape-mounting.jpg,
Indoor Signs > Plastic Letters > Stud-w Block Mounting,Customization / Option,Stud-w Block Mounting,https://signsny.com/wp-content/uploads/2025/10/stud-w-block-mounting.jpg,
Indoor Signs > Plastic Letters > Flush Stud Mounting,Customization / Option,Flush Stud Mounting,https://signsny.com/wp-content/uploads/2025/10/flush-stud-mounting.jpg,
Indoor Signs > Door Signs > Brass,Customization / Option,Brass,https://signsny.com/wp-content/uploads/2024/12/brass-door-signs.jpg,"Make your door signs out of solid brass to set them apart from other forms of office signage. They have an ancient feel to them, which complements your interiors."
Indoor Signs > Door Signs > Acrylic,Customization / Option,Acrylic,https://signsny.com/wp-content/uploads/2024/12/acrylic-door-signs.jpg,"Acrylic material is durable and can have the same clear, smooth surface as glass while being considerably lighter, perfect for backing vinyl print office signs."
Indoor Signs > Door Signs > PVC,Customization / Option,PVC,https://signsny.com/wp-content/uploads/2024/12/pvc-door-signs.jpg,"Polyvinyl Chloride (PVC) is a strong and long-lasting sign material that is ideal for permanent interior office signs, nameplates, information panels, and notice boards."
Indoor Signs > Door Signs > Aluminum,Customization / Option,Aluminum,https://signsny.com/wp-content/uploads/2024/12/aluminum-door-signs.jpg,Aluminum is the most durable signage material to create customized and high-quality office signs that look flawlessly professional.
Indoor Signs > Door Signs > Design & Approval,Customization / Option,Design & Approval,,"We collaborate with you to create door sign designs that meet your specific needs, ensuring they align with your brand and functionality requirements before final approval."
Indoor Signs > Door Signs > Payment Quotation,Customization / Option,Payment Quotation,,"Receive a detailed and transparent quotation tailored to your project’s design, material, and scope."
Indoor Signs > Door Signs > Sign Production,Customization / Option,Sign Production,,"Our skilled team crafts your door signs using high-quality materials, ensuring durability and a professional finish."
Indoor Signs > Magnetic Menu Boards > PVC with Metal,Customization / Option,PVC with Metal,https://signsny.com/wp-content/uploads/2024/12/pvc-with-metal.jpg,"PVC is a lightweight material for menu boards that can be attached to walls with metal frames, it can be laminated with a matte or glossy finish."
Indoor Signs > Magnetic Menu Boards > Wood with Metal,Customization / Option,Wood with Metal,https://signsny.com/wp-content/uploads/2024/12/wood-with-metal.jpg,"Wood is the traditional material for menu boards, it is fixed with a rust-proof aluminum frame, you can customize the color combination to match your interior."
Indoor Signs > Magnetic Menu Boards > Styrene with Metal,Customization / Option,Styrene with Metal,https://signsny.com/wp-content/uploads/2024/12/styrene-with-metal.jpg,"Thinner styrene is best for metal-backed menu boards, styrene is a lightweight plastic that is flexible and perfect for indoor and outdoor menu displays."
Indoor Signs > Neon Signs > Light Box Signs,Customization / Option,Light Box Signs,https://signsny.com/wp-content/uploads/2024/12/we-buy-good-seg-light-box.jpg,"Light Box Signs are a great option as well, but are better for large storefront signs where detailed graphics are key. With the wide variety of customization options in terms of shape, size, color, images, and text font, a neon sign can fit in at nearly any type of business. They’re an easy way to set your brand apart and enhance your storefront."
Indoor Signs > Neon Signs > Led Lighted Signs,Customization / Option,Led Lighted Signs,https://signsny.com/wp-content/uploads/2023/01/commercial-illuminated-lighted-signs-nyc.jpg,"LED signs are much brighter than neon and can be seen more clearly from further away. They’re also a bit less complicated to repair if broken, since neon tubes involve gases that should only be handled by professional repair workers."
Indoor Signs > ADA Signs > Directional Signs,Customization / Option,Directional Signs,https://signsny.com/wp-content/uploads/2023/01/commercial-building-directional-signs-new-york.jpg,"Indicate exits, elevators, and emergency routes."
Indoor Signs > ADA Signs > Braille Restroom Signs,Customization / Option,Braille Restroom Signs,https://signsny.com/wp-content/uploads/2024/12/braille-restroom-sign.jpg,Clear and accessible restroom indicators.
Indoor Signs > ADA Signs > Wayfinding Signs,Customization / Option,Wayfinding Signs,https://signsny.com/wp-content/uploads/2023/01/office-wayfinding-directional-signs-nyc.jpg,Help visitors navigate your space with ease.
Indoor Signs > ADA Signs > Parking Signs,Customization / Option,Parking Signs,https://signsny.com/wp-content/uploads/2024/12/parking-sign-ny.jpg,ADA-compliant reserved parking spaces.
Indoor Signs > ADA Signs > Custom Solutions,Customization / Option,Custom Solutions,https://signsny.com/wp-content/uploads/2024/11/Layer-29.jpg,Designs that align with your branding while meeting ADA requirements.
Indoor Signs > ADA Signs > Quality Materials,Customization / Option,Quality Materials,https://signsny.com/wp-content/uploads/2024/11/Layer-30.jpg,Durable frames built to last in high-traffic environments.
Indoor Signs > ADA Signs > Expert Guidance,Customization / Option,Expert Guidance,https://signsny.com/wp-content/uploads/2024/11/Layer-31.jpg,Ensure full compliance with ADA regulations.
Indoor Signs > ADA Signs > Fast Turnaround,Customization / Option,Fast Turnaround,https://signsny.com/wp-content/uploads/2024/11/Layer-32.png,Reliable service to meet tight deadlines.
Indoor Signs > Aisle Signs > Ceiling-Mounted Aisle Signs,Customization / Option,Ceiling-Mounted Aisle Signs,,"Ideal for high-ceiling spaces, providing clear directional guidance from above."
Indoor Signs > Aisle Signs > Freestanding Aisle Signs,Customization / Option,Freestanding Aisle Signs,,Portable or fixed floor-standing signs ideal for flexible layouts and temporary section labeling.
Indoor Signs > Aisle Signs > Wall-Mounted Aisle Signs,Customization / Option,Wall-Mounted Aisle Signs,,"Installed directly on walls or endcaps to clearly identify aisles, sections, or categories."
Indoor Signs > Aisle Signs > Shelf Labels and Tags,Customization / Option,Shelf Labels and Tags,,"Compact markers placed on racks or shelving units to pinpoint specific bins, sections, or product SKUs."
Indoor Signs > Aisle Signs > Design & Approval,Customization / Option,Design & Approval,,We create custom aisle sign designs tailored to your space. Production begins only after your approval.
Indoor Signs > Aisle Signs > Payment Quotation,Customization / Option,Payment Quotation,,"Receive a clear, detailed quote based on your approved design and project scope."
Indoor Signs > Aisle Signs > Sign Production,Customization / Option,Sign Production,,"We use high-quality materials and modern techniques to produce durable, attractive aisle signs."
Indoor Signs > Aisle Signs > Tailored Solutions,Customization / Option,Tailored Solutions,https://signsny.com/wp-content/uploads/2024/11/Layer-29.jpg,Custom designs to fit your specific needs and branding.
Indoor Signs > Aisle Signs > Premium Materials,Customization / Option,Premium Materials,https://signsny.com/wp-content/uploads/2024/11/Layer-30.jpg,Durable and weather-resistant options for long-lasting use.
Indoor Signs > Aisle Signs > Advanced Technology,Customization / Option,Advanced Technology,https://signsny.com/wp-content/uploads/2024/11/Layer-31.jpg,We utilize cutting-edge tools like laser cutting and CNC routing for precision.
Indoor Signs > Aisle Signs > Fast Turnaround,Customization / Option,Fast Turnaround,https://signsny.com/wp-content/uploads/2024/11/Layer-32.png,Quick production times to meet your deadlines.
Indoor Signs > Foam Letters > Acrylic Finishes,Customization / Option,Acrylic Finishes,https://signsny.com/wp-content/uploads/2025/10/Matte-Finish.jpg,
Indoor Signs > Foam Letters > PVC Finishes,Customization / Option,PVC Finishes,https://signsny.com/wp-content/uploads/2025/10/Gloss-Finish.jpg,
Indoor Signs > Foam Letters > Metal Finishes,Customization / Option,Metal Finishes,https://signsny.com/wp-content/uploads/2025/10/Metal-Finish.jpg,
Indoor Signs > Foam Letters > Stud mounting (for wall installations),Customization / Option,Stud mounting (for wall installations),https://signsny.com/wp-content/uploads/2025/10/double-face-tape-mounting.jpg,
Indoor Signs > Foam Letters > Foam adhesive mounting,Customization / Option,Foam adhesive mounting,https://signsny.com/wp-content/uploads/2025/10/stud-w-block-mounting.jpg,
Indoor Signs > Foam Letters > Stand-off spacers for dimensional wall effects,Customization / Option,Stand-off spacers for dimensional wall effects,https://signsny.com/wp-content/uploads/2025/10/flush-stud-mounting.jpg,
Indoor Signs > SEG Light Box Signs > Single Sided Light Boxes,Customization / Option,Single Sided Light Boxes,https://signsny.com/wp-content/uploads/2024/12/seg-led-single-sided.jpg,
Indoor Signs > SEG Light Box Signs > Double Sided Light Boxes,Customization / Option,Double Sided Light Boxes,https://signsny.com/wp-content/uploads/2024/12/charisma-led-double-sided-light-box-xsd46fpmb-s-graphic-01.jpg,
Indoor Signs > SEG Light Box Signs > Slim Profile Light Boxes,Customization / Option,Slim Profile Light Boxes,https://signsny.com/wp-content/uploads/2024/12/seg-led-single-sided.jpg,
Indoor Signs > SEG Light Box Signs > Non-Lit Fabric Light Boxes,Customization / Option,Non-Lit Fabric Light Boxes,https://signsny.com/wp-content/uploads/2024/12/single-sided-fabric-light-box-1.jpg,"Classic and elegant, non-lit fabric light boxes offer a clean canvas to showcase graphics without illumination — perfect for creating subtle displays."
Indoor Signs > SEG Light Box Signs > Backlighting,Customization / Option,Backlighting,https://signsny.com/wp-content/uploads/2024/12/seg-fabric-paiting-backlighting.jpg,"Infuse life into visuals with backlighting, creating a captivating glow that adds depth and intrigue to graphics and messages."
Indoor Signs > SEG Light Box Signs > Sidelighting,Customization / Option,Sidelighting,https://signsny.com/wp-content/uploads/2024/12/seg-fabric-printing-frames.jpg,"Illuminate from the side to accentuate textures and patterns, casting striking shadows and creating a sense of dimension within your displays."
Indoor Signs > SEG Light Box Signs > MINI SINGLE-SIDED,Customization / Option,MINI SINGLE-SIDED,https://signsny.com/wp-content/uploads/2024/12/mini-single-sided-frame-profile-extrusion.jpeg,.625 in. FRAME PROFILE
Indoor Signs > SEG Light Box Signs > SINGLE-SIDED,Customization / Option,SINGLE-SIDED,https://signsny.com/wp-content/uploads/2024/12/single-sided-seg-frame-profile-assemble-installation.jpeg,1 in. FRAME PROFILE
Indoor Signs > SEG Light Box Signs > DOUBLE-SIDED,Customization / Option,DOUBLE-SIDED,https://signsny.com/wp-content/uploads/2024/12/double-sided-silicion-edge-graphics-frame-installation-assembly.jpeg,1.7 in. FRAME PROFILE
Indoor Signs > SEG Light Box Signs > RETRO FIT,Customization / Option,RETRO FIT,https://signsny.com/wp-content/uploads/2024/12/retro-fit-seg-frame-profile.jpeg,1.28 in. FRAME PROFILE
Indoor Signs > SEG Light Box Signs > Design & Approval,Customization / Option,Design & Approval,,Our team works closely with you to craft custom silicone edge graphic designs that bring your vision to life. Your approval is our priority before moving forward.
Indoor Signs > SEG Light Box Signs > Payment Quotation,Customization / Option,Payment Quotation,,"We provide a clear and detailed quotation tailored to your design and project needs, ensuring complete transparency throughout the process."
Indoor Signs > SEG Light Box Signs > Sign Production,Customization / Option,Sign Production,,"Using premium materials and advanced technology, we manufacture high-quality SEG light box signs with sharp, vibrant visuals and durable craftsmanship."
Indoor Signs > SEG Light Box Signs > Wall Mounted,Customization / Option,Wall Mounted,https://signsny.com/wp-content/uploads/2024/12/wal-mounted-seg-frame.jpeg,
Indoor Signs > SEG Light Box Signs > Ceiling Suspended,Customization / Option,Ceiling Suspended,https://signsny.com/wp-content/uploads/2024/12/ceiling-suspended-seg-frame.jpeg,
Indoor Signs > SEG Light Box Signs > Freestanding,Customization / Option,Freestanding,https://signsny.com/wp-content/uploads/2024/12/Freestanding-seg-frames.jpeg,
Indoor Signs > Regulatory Signs > Stairwells,Customization / Option,Stairwells,https://signsny.com/wp-content/uploads/2025/09/custom-regulatory-signage-ny.jpg,Stairwell signs guide people to safe exit routes and improve navigation during emergencies. Clear labeling ensures compliance and easy identification.
Indoor Signs > Regulatory Signs > Elevators,Customization / Option,Elevators,https://signsny.com/wp-content/uploads/2025/09/custom-regulatory-signs-ny.jpg,"Elevator signs display rules, capacities, and accessibility details, keeping usage safe and organized for tenants and visitors."
Indoor Signs > Regulatory Signs > Fire exits,Customization / Option,Fire exits,https://signsny.com/wp-content/uploads/2025/09/custom-regulatory-signage-1.jpg,"Fire exit signs provide clear directions during emergencies, ensuring safe evacuation and compliance with safety standards."
Indoor Signs > Regulatory Signs > Entryways,Customization / Option,Entryways,https://signsny.com/wp-content/uploads/2025/09/best-custom-regulatory-signage-2.jpg,"Entryway signs mark access points, control building flow, and enhance both security and professionalism."
Outdoor Signs > Retractable Awnings > Full Cassette,Customization / Option,Full Cassette,https://signsny.com/wp-content/uploads/2024/12/full-cassette-awning.jpg,"In these awnings, when the awning cover is retracted or pulled back, the fabric along with the awning arms sweeps inside the metal cassette completely. It protects the fabric and arms from weather when not in use."
Outdoor Signs > Retractable Awnings > Semi Cassette,Customization / Option,Semi Cassette,https://signsny.com/wp-content/uploads/2024/12/semi-cassette-awning.jpg,"In these awnings, the fabric and awning arms are just partially covered by the metal cassette. It is between full cassette and open awning. It is a good choice for somewhat more sheltered areas."
Outdoor Signs > Retractable Awnings > Motorized Awnings,Customization / Option,Motorized Awnings,https://signsny.com/wp-content/uploads/2023/01/motorized-retractable-awnings-new-york.jpg,These are easy to use as they have a motor attached to them which operates when connected to electricity. It gives you options to retract the awning either with a switch or remote control. These are mostly used for commercial purposes especially by big open-area restaurants.
Outdoor Signs > Retractable Awnings > Open,Customization / Option,Open,https://signsny.com/wp-content/uploads/2024/12/opn-awning.jpg,It doesn’t have any metal cassette enclosure to protect the fabric when not in use. It is a good option for sheltered areas or areas where weather isn’t that harsh.
Outdoor Signs > Retractable Awnings > Manual,Customization / Option,Manual,https://signsny.com/wp-content/uploads/2024/12/manual-awning.jpg,"You can retract the cover manually by hand. For this purpose, there are winding handles attached to the metal bar of the awnings. You wind them and the cover gets retracted to the cassette."
Outdoor Signs > Retractable Awnings > Vinyl Coated Polyester,Customization / Option,Vinyl Coated Polyester,https://signsny.com/wp-content/uploads/2024/12/vinyl-coated-polyester.jpg,"This composite of vinyl and polyester is really light-weighted and flexible. These features make it a good choice for retractable awnings. This is not only weatherproof but also UV and mildew resistant. However, it has color limitations. You can’t have it in all colors."
Outdoor Signs > Retractable Awnings > Avery Dennison,Customization / Option,Avery Dennison,https://signsny.com/wp-content/uploads/2024/12/vinyl-laminated-polyester.jpg,"This is also polyester and vinyl composite but instead of being coated, vinyl is laminated on the both sides of the polyester. It gives it some extra strength. Moreover, it is antifungal and UV resistant too. This material is highly used for commercial applications especially for outdoor umbrellas."
Outdoor Signs > Retractable Awnings > Acrylic Coated Polyester,Customization / Option,Acrylic Coated Polyester,https://signsny.com/wp-content/uploads/2024/12/acrylic-coated-polyester.jpg,"This composite of acrylics and polyesters is highly durable and breathable. It is weather resistant but not 100% waterproof. However, it’s considered a good choice for homes located in humid areas."
Outdoor Signs > Retractable Awnings > Solution-Dyed Acrylics,Customization / Option,Solution-Dyed Acrylics,https://signsny.com/wp-content/uploads/2024/12/solution-dyed-acrylics.jpg,It is made of fabric dyed with acrylic pigments that give it some added strength and strong colors which don’t fade easily. It is considered a good choice for outdoor awnings because of the strength of the fabric to withstand all types of extreme weathers.
Outdoor Signs > Retractable Awnings > Customization,Customization / Option,Customization,,"You can have them in your customized patterns. We know how important your brand is, that’s why we also offer awnings with company logos to help you grow your business."
Outdoor Signs > Retractable Awnings > Good Quality,Customization / Option,Good Quality,,We never compromise on the quality of the awning material. We provide you with high-quality fabric that can go a long way. The fabric can stay functional for 5-15 years depending upon its material.
Outdoor Signs > Retractable Awnings > Installation,Customization / Option,Installation,,Our professional installation ensures your awning is securely mounted for long-lasting performance. We handle all site measurements and mounting options to fit your space perfectly.
Outdoor Signs > Retractable Awnings > Protection from UV Radiations,Customization / Option,Protection from UV Radiations,https://signsny.com/wp-content/uploads/2024/11/Layer-29.jpg,They provide protection from UVA and UVB radiations which are really harmful for skin and can even lead to skin cancer. These awnings act as a shade and after installing them you can easily enjoy the weather without worrying by sun exposure.
Outdoor Signs > Retractable Awnings > Adjustable Metal Arms,Customization / Option,Adjustable Metal Arms,https://signsny.com/wp-content/uploads/2024/11/Layer-30.jpg,The unique thing about retractable awning is that you can easily readjust their metal arms. It gives you the liberty to control the amount of sunlight entering your place and enjoy the perfect amount of sun or shade as per your choice. You can also change the pitch/angle according to your need.
Outdoor Signs > Retractable Awnings > Ease of Use,Customization / Option,Ease of Use,https://signsny.com/wp-content/uploads/2024/11/Layer-31.jpg,Motorized retractable awnings are really easy to use. You can extend or retract their covers just by using a switch or remote control. It couldn’t get any simpler. You can readjust the cover with greater ease.
Outdoor Signs > Retractable Awnings > Long-Lasting,Customization / Option,Long-Lasting,https://signsny.com/wp-content/uploads/2024/11/Layer-32.png,"Because their metal arms and covers can be covered when not in use, it protects the awning material from harsh weather and saves it from damage. It increases the longevity of the awning and also saves money that is spent on maintenance."
Outdoor Signs > Commercial Awnings > Custom Design and Branding,Customization / Option,Custom Design and Branding,,Offering tailored awning solutions and personalized branding to meet the unique aesthetics and requirements of each business.
Outdoor Signs > Commercial Awnings > Survey and Site Analysis,Customization / Option,Survey and Site Analysis,,"Our experts conduct thorough site evaluations to determine the best awning solutions, considering factors like architecture, sun exposure, and local weather conditions."
Outdoor Signs > Commercial Awnings > Weatherproofing,Customization / Option,Weatherproofing,,"Providing awnings that are resilient to various weather conditions, including rain, wind, and sun, ensuring they remain in prime condition throughout the seasons."
Outdoor Signs > Commercial Awnings > Emergency Repairs,Customization / Option,Emergency Repairs,,"Swift response to any awning damages or malfunctions, ensuring the safety and aesthetics of your storefront are maintained"
Outdoor Signs > Commercial Awnings > Permit and Regulation,Customization / Option,Permit and Regulation,,Guiding businesses through the necessary permits and regulations associated with awning installation in different localities.
Outdoor Signs > Commercial Awnings > Awning Designing & Fabrication,Customization / Option,Awning Designing & Fabrication,https://signsny.com/wp-content/uploads/2024/12/awning-designing-and-fabrication.jpg,Turn your vision into reality with our bespoke awning design services.
Outdoor Signs > Commercial Awnings > Awning Removal And Installation,Customization / Option,Awning Removal And Installation,https://signsny.com/wp-content/uploads/2024/12/awning-removal-and-installation.jpg,"Our team is well-equipped to install various types of awnings, ensuring durability, safety, and optimal performance."
Outdoor Signs > Commercial Awnings > Refacing Of Old Awning Recover / Re-Skining,Customization / Option,Refacing Of Old Awning Recover / Re-Skining,https://signsny.com/wp-content/uploads/2024/12/refacing-of-old-awning.jpg,"From replacement of fabric, name, or graphics. Our team is ready to take on your call."
Outdoor Signs > Commercial Awnings > Awning Lighting Repair,Customization / Option,Awning Lighting Repair,https://signsny.com/wp-content/uploads/2024/12/awning-lighting-repair.jpg,Our awning lighting repair services ensure your awning remains brilliantly illuminated.
Outdoor Signs > Commercial Awnings > Sunbrella Fabrics,Customization / Option,Sunbrella Fabrics,https://signsny.com/wp-content/uploads/2024/12/sunbrella-fabrics-commercial-awnings-nyc.jpg,"Sunbrella fabrics offer premium durability with a soft, upscale look. They resist fading, mold, and mildew perfect for year-round weather protection with low maintenance."
Outdoor Signs > Commercial Awnings > Vinyl,Customization / Option,Vinyl,https://signsny.com/wp-content/uploads/2024/12/vinyl-commercial-awnings.jpg,"Vinyl awnings are strong, waterproof, and easy to clean. Ideal for busy storefronts, they combine durability with a sleek, modern appearance."
Outdoor Signs > Commercial Awnings > Backlit Awning / Vinyl,Customization / Option,Backlit Awning / Vinyl,https://signsny.com/wp-content/uploads/2024/12/backlit-awning-vinyl-nyc.jpg,Backlit vinyl awnings enhance visibility day and night. The illuminated surface highlights your branding while providing reliable weather protection.
Outdoor Signs > Blade Signs > Scroll / Ornamental,Customization / Option,Scroll / Ornamental,https://signsny.com/wp-content/uploads/2026/04/Scroll-_-Ornamental.jpg,"Wrought-iron or powder-coated steel with decorative scrollwork. Classic for boutiques in Park Slope, cafes in the West Village, and historic neighborhoods throughout NYC and NJ. Black, bronze, gold, or custom finishes."
Outdoor Signs > Blade Signs > Straight-Arm / Minimal,Customization / Option,Straight-Arm / Minimal,https://signsny.com/wp-content/uploads/2026/04/Straight-Arm-_-Minimal.jpg,"Clean horizontal arm. Modern, architectural. Suited for corporate offices in Midtown, tech companies in DUMBO, hotels, and contemporary retail. Steel or aluminum with matte or brushed finish."
Outdoor Signs > Blade Signs > Pole-Mounted,Customization / Option,Pole-Mounted,https://signsny.com/wp-content/uploads/2026/04/Pole-Mounted.jpg,"Hangs from a vertical pole extending from the facade or freestanding post. Common in strip malls across New Jersey, multi-tenant buildings, and mixed-use developments. Easy sign changes in shared configurations."
Outdoor Signs > Blade Signs > Flush Wall-Mount + Standoff,Customization / Option,Flush Wall-Mount + Standoff,https://signsny.com/wp-content/uploads/2026/04/Flush-Wall-Mount-and-Standoff-blade-sign.jpg,"Short arm holds sign parallel to wall but pushed out 6–12"". A hybrid between flat wall sign and full projecting blade. Good for buildings with limited sidewalk clearance — common on narrow Manhattan side streets."
Outdoor Signs > Blade Signs > Ceiling-Hung / Interior Projecting,Customization / Option,Ceiling-Hung / Interior Projecting,https://signsny.com/wp-content/uploads/2026/04/Ceiling-Hung-_-Interior-Projecting.jpg,"Suspended from ceiling or mounted perpendicular to interior walls. For shopping centers, food halls like Urbanspace or Gotham West Market, office building lobbies, and hotel corridors. Used for wayfinding and tenant identification in multi-story or multi-unit buildings throughout NYC and NJ."
Outdoor Signs > Aluminum Metal Signs > Flat Sign Without Frame,Customization / Option,Flat Sign Without Frame,https://signsny.com/wp-content/uploads/2024/12/flat-signs-without-frame.jpg,"Sleek, unbordered signage option that offers a modern, minimalistic look, directly mounted onto a surface."
Outdoor Signs > Aluminum Metal Signs > Flat Sign with Frame,Customization / Option,Flat Sign with Frame,https://signsny.com/wp-content/uploads/2024/12/flat-sign-with-frame.jpg,"Incorporates a border around the signage, enhancing its visual appeal and structure, and often aids in durability and installation."
Outdoor Signs > Aluminum Metal Signs > Tin Signs,Customization / Option,Tin Signs,https://signsny.com/wp-content/uploads/2024/12/tin-metal-signs-nyc.jpg,These signs are evocative of retro signs. You can get them in custom different designs and colors. You can also get them painted.
Outdoor Signs > Aluminum Metal Signs > Indoor Signs,Customization / Option,Indoor Signs,https://signsny.com/wp-content/uploads/2023/01/kershner-trading-group-acrylic-standoff-lobby-sign.jpg,"Custom Indoor Signs: Tailored for Offices, Hospitals, Schools, and Government Buildings. Indoor signs are important for these places, making them look good and easy to find your way around. Check out our custom indoor sign options:"
Outdoor Signs > Aluminum Metal Signs > Outdoor Signs,Customization / Option,Outdoor Signs,https://signsny.com/wp-content/uploads/2024/12/swinging-blade-sign.jpg,"Ideal for Restaurants, Stores, and Shopping Malls. Outdoor signs are a must for these places, making them stand out and easy to find. Discover our custom outdoor sign options:"
Outdoor Signs > Aluminum Metal Signs > Large Format Printing,Customization / Option,Large Format Printing,https://signsny.com/wp-content/uploads/2025/06/stadium-outdoor-mesh-banners.jpg,"Large format printing creates eye-catching visuals. From business promotions to events, our high-resolution prints make messages stand out, ensuring your content captures attention effectively and memorably:"
Outdoor Signs > Aluminum Metal Signs > Design & Approval,Customization / Option,Design & Approval,,Our team works closely with you to create custom metal sign designs that reflect your brand’s identity. We ensure every detail meets your expectations before moving forward.
Outdoor Signs > Aluminum Metal Signs > Payment Quotation,Customization / Option,Payment Quotation,,"Receive a clear and detailed quotation based on your design and project specifications, ensuring transparency at every stage."
Outdoor Signs > Aluminum Metal Signs > Sign Production,Customization / Option,Sign Production,,"Using premium metals and precision manufacturing techniques, we craft durable and visually striking metal signs tailored to your needs."
Outdoor Signs > Carved Signs > Sandblasting,Customization / Option,Sandblasting,https://signsny.com/wp-content/uploads/2024/12/carved-signs-sandblasting.png,Sandblasting can accentuate the wood grain of your natural wood sign or add texture to the background of your HDU sign.
Outdoor Signs > Carved Signs > Hand Painting,Customization / Option,Hand Painting,https://signsny.com/wp-content/uploads/2024/12/carved-signs-hand-painting.png,"If you want to add some extra color to your sign, we offer both hand and machine painting. If you need us to use a specific color to match a logo or company theme, we can do that as well."
Outdoor Signs > Carved Signs > Gold Leaf,Customization / Option,Gold Leaf,https://signsny.com/wp-content/uploads/2024/12/carved-signs-gold-leaf.png,"A touch of gold on your sign adds sophistication and a sense of high-end glamor to it and your business. Often added to lettering, it can also be applied to simple graphics, logos, and anything else you include in your design."
Outdoor Signs > Carved Signs > 3D Lettering,Customization / Option,3D Lettering,https://signsny.com/wp-content/uploads/2024/12/carved-signs-3d-lettering.png,"Add a visually arresting, dimensional quality to your sign with letters that stand apart from the rest of the sign. This not only elevates the overall design, it makes it easier to read, and informs passersby and potential customers of your location from a greater distance."
Outdoor Signs > Carved Signs > Wood,Customization / Option,Wood,https://signsny.com/wp-content/uploads/elementor/thumbs/wood-material-rix5f50cf3jioexfjw62pjhdmtbuaoedj4kx30avg2.jpg,"Wood is the traditional material used for high density carved signs, we make customized hand-made carved wood signs that are perfect for a unique look."
Outdoor Signs > Carved Signs > HDU,Customization / Option,HDU,https://signsny.com/wp-content/uploads/elementor/thumbs/high-density-urethane-for-crestwood-mill-nyc-scaled-rix5dzng2dywhkli9eahntx3huzovzu6pfvjyu071u.jpg,"High-density urethane, known as HDU is a material in the market used in carved wood signs which has closed-cells. It is highly water-proof and it is sealed to all the oil-based diluters."
Outdoor Signs > Carved Signs > Komacel™,Customization / Option,Komacel™,https://signsny.com/wp-content/uploads/elementor/thumbs/Komacel™-rj01ypumvdlj0y4bw7yrrbcfu54l60jon42ziq07ua.jpg,Komacel™ is an integral skin foam PVC sheets which helps to make custom carved signs because of their easy customization qualities and engaging appearance.
Outdoor Signs > Carved Signs > LusterBoard™,Customization / Option,LusterBoard™,https://signsny.com/wp-content/uploads/elementor/thumbs/LusterBoard™-rj01yqsh27mtck2yqqdebt3wfizydpnez8qgzzyto2.jpg,"LusterBoard™ is a collection of a premium, exterior furniture-grade plywood material easily customizable material to create a durable, high-quality custom carved wood signs."
Outdoor Signs > Carved Signs > Design & Approval,Customization / Option,Design & Approval,,Our team works closely with you to create a custom carved sign that reflects your vision. We ensure your complete satisfaction before moving forward.
Outdoor Signs > Carved Signs > Payment Quotation,Customization / Option,Payment Quotation,,"Receive a detailed and transparent quotation tailored to your carved sign’s design, materials, and project requirements."
Outdoor Signs > Carved Signs > Sign Production,Customization / Option,Sign Production,,"Using high-quality materials like wood, HDU, or metal, our skilled artisans meticulously carve and finish your sign for a timeless and durable result."
Outdoor Signs > Channel Letters > Front-Lit Channel Letters,Customization / Option,Front-Lit Channel Letters,https://signsny.com/wp-content/uploads/2024/12/yellow-channel-letters.jpg,"The most popular option, featuring illumination from the front face for vibrant visibility."
Outdoor Signs > Channel Letters > Back-Lit Channel Letters,Customization / Option,Back-Lit Channel Letters,https://signsny.com/wp-content/uploads/2024/12/claires-channel-letter-nyc.jpg,"Also known as halo-lit signs, these create a soft, glowing effect behind each letter for a sophisticated look."
Outdoor Signs > Channel Letters > Combination-Lit Channel Letters,Customization / Option,Combination-Lit Channel Letters,https://signsny.com/wp-content/uploads/2024/12/commercial-channel-letters.jpg,A mix of front and back-lit illumination for maximum impact and creativity.
Outdoor Signs > Channel Letters > Open Face Channel Letters,Customization / Option,Open Face Channel Letters,https://signsny.com/wp-content/uploads/2025/07/dream-town-real-estate-backlit-channel-letter.jpg,"These expose the internal lighting, typically neon or LEDs, for a retro or striking appearance."
Outdoor Signs > Channel Letters > Design & Approval,Customization / Option,Design & Approval,,"Our team works with you to create custom channel letter designs that reflect your brand and vision, ensuring complete satisfaction before production."
Outdoor Signs > Channel Letters > Payment Quotation,Customization / Option,Payment Quotation,,"Receive a clear and detailed quote based on your design, materials, and project scope for full transparency."
Outdoor Signs > Channel Letters > Sign Production,Customization / Option,Sign Production,,"Using premium materials and advanced fabrication techniques, we craft durable, high-impact channel letters built to last."
Outdoor Signs > Hand Painted Signs > Design & Approval,Customization / Option,Design & Approval,,"Our artists work closely with you to develop custom hand-painted designs that align with your vision, ensuring your satisfaction before moving forward."
Outdoor Signs > Hand Painted Signs > Payment Quotation,Customization / Option,Payment Quotation,,"Receive a clear and detailed quote based on your design, size, and project specifications for complete transparency."
Outdoor Signs > Hand Painted Signs > Hand-Painting Process,Customization / Option,Hand-Painting Process,,"Our skilled painters use high-quality paints and expert techniques to create vibrant, long-lasting signage with meticulous attention to detail."
Outdoor Signs > Hand Painted Signs > Final Installation,Customization / Option,Final Installation,,"Our team ensures your hand-painted sign is carefully positioned for maximum impact, whether on walls, windows, or other surfaces."
"Outdoor Signs > A Frame Signs > Plastic A-Frame - 24"" x 36""",Customization / Option,"Plastic A-Frame - 24"" x 36""",,"Durable and versatile, this A-frame sign is perfect for advertising in high-traffic areas. Its weather-resistant design ensures your message remains clear and impactful."
"Outdoor Signs > A Frame Signs > Billboard - 36"" x 48""",Customization / Option,"Billboard - 36"" x 48""",,"With its bold, large display, the Signicade Billboard offers maximum visibility for your promotions. Its sturdy build makes it ideal for both indoor and outdoor use."
"Outdoor Signs > A Frame Signs > Metal A-Frame - 24"" x 36""",Customization / Option,"Metal A-Frame - 24"" x 36""",,Showcase your real estate listings professionally with this spacious and durable frame. It’s lightweight and easy to transport for on-the-go property promotions.
"Outdoor Signs > A Frame Signs > Realtor A-Frame 18"" x 24""",Customization / Option,"Realtor A-Frame 18"" x 24""",,"Perfect for customizable messages, these A-frames allow you to change content daily with ease. Their stylish design adds a creative touch to any setting."
Outdoor Signs > A Frame Signs > Wind-Resistant A-Frames,Customization / Option,Wind-Resistant A-Frames,,"Designed to endure tough weather conditions, these frames ensure your message stays visible. Their weighted base provides extra stability for outdoor use."
Outdoor Signs > Light Box Signs > Standard Light Box Signs,Customization / Option,Standard Light Box Signs,https://signsny.com/wp-content/uploads/2024/12/standard-light-box-signs.jpeg,"These are the typical front-lit light boxes with a translucent panel and internal lighting, usually LED or fluorescent, that illuminates the sign face for easy visibility."
Outdoor Signs > Light Box Signs > Free Standing Light Box Signs,Customization / Option,Free Standing Light Box Signs,https://signsny.com/wp-content/uploads/2024/12/free-standing-light-box-signs.jpeg,"Free-standing lightbox signs are independent structures that are affixed directly to the floor or ground, with this style you can stand out and make a statement in any situation."
Outdoor Signs > Light Box Signs > Double-Sided Light Boxes,Customization / Option,Double-Sided Light Boxes,https://signsny.com/wp-content/uploads/2024/12/double-sided-light-box-signs.jpeg,"Ideal for hanging or standing out from a building, these signs are visible from both sides, often used in shopping malls, airports, or as street signage."
Outdoor Signs > Light Box Signs > Slim Profile Light Boxes,Customization / Option,Slim Profile Light Boxes,https://signsny.com/wp-content/uploads/2024/12/slim-profile-light-box-signs.jpeg,"known for their sleek profile, they are used where space is at a premium or a more subtle sign is needed. They're popular for indoor displays, menus, and retail advertising."
Outdoor Signs > Light Box Signs > Wall Blade Light Box Signs,Customization / Option,Wall Blade Light Box Signs,https://signsny.com/wp-content/uploads/2024/12/wall-blade-light-box-signs.jpeg,The wall blade option is one of the most common mountings for lightbox signage. The sign is mounted to the wall using a metallic structure just like a blade sign.
Outdoor Signs > Light Box Signs > Outdoor Light Boxes,Customization / Option,Outdoor Light Boxes,https://signsny.com/wp-content/uploads/2024/12/outdoor-light-box-signs-nyc.jpeg,"Specifically designed to withstand the elements, these are robust and often have waterproofing and durable materials suitable for exterior use."
Outdoor Signs > Light Box Signs > Installations,Customization / Option,Installations,,Start by sharing your design files or images to convey your vision.
Outdoor Signs > Light Box Signs > Quotations,Customization / Option,Quotations,,Simply upload your design files to start quotation process.
Outdoor Signs > Light Box Signs > Sign Gets Fabricated,Customization / Option,Sign Gets Fabricated,,"Once your design is finalized, we move to meticulously crafting your sign with precision and quality"
Outdoor Signs > Light Box Signs > Pickup & Delivery,Customization / Option,Pickup & Delivery,,"You can request pickup, delivery or we can install."
Outdoor Signs > Light Box Signs > High Visibility,Customization / Option,High Visibility,https://signsny.com/wp-content/uploads/2024/11/Layer-29.jpg,"The illumination from light box signs ensures that your message is visible both day and night, catching the eye of passersby more effectively than non-illuminated signs."
Outdoor Signs > Light Box Signs > Professional Appearance,Customization / Option,Professional Appearance,https://signsny.com/wp-content/uploads/2024/11/Layer-30.jpg,"Light box signs have a sleek, professional look that can elevate your brand's perceived value and make a positive impression on potential customers."
Outdoor Signs > Light Box Signs > Customizable,Customization / Option,Customizable,https://signsny.com/wp-content/uploads/2024/11/Layer-31.jpg,"They can be customized in various shapes, sizes, and colors to fit your brand's specific needs and aesthetic, ensuring a unique and tailored look."
Outdoor Signs > Light Box Signs > Energy Efficient,Customization / Option,Energy Efficient,https://signsny.com/wp-content/uploads/2024/11/Layer-32.png,"Many light box signs use LED lighting, which is more energy-efficient and cost-effective than traditional lighting, reducing your long-term energy costs."
Outdoor Signs > Light Box Signs > Durability,Customization / Option,Durability,https://signsny.com/wp-content/uploads/2024/11/Layer-29.jpg,"Designed for longevity, light box signs are often made with robust materials that can withstand various weather conditions, making them suitable for both indoor and outdoor use.a"
Outdoor Signs > Light Box Signs > Cost-Effective,Customization / Option,Cost-Effective,https://signsny.com/wp-content/uploads/2024/11/Layer-29.jpg,"With modern LED technology, light box signs are a cost-effective advertising solution due to their low maintenance and energy costs."
Outdoor Signs > Light Box Signs > Enhances Nighttime Visibility,Customization / Option,Enhances Nighttime Visibility,https://signsny.com/wp-content/uploads/2024/11/Layer-29.jpg,"Particularly beneficial for businesses open in the evenings, light box signs ensure that your storefront is bright and inviting, even after dark."
Outdoor Signs > Lighted Signs > Design & Approval,Customization / Option,Design & Approval,,"Work closely with our team to create a custom illuminated sign that aligns with your brand, ensuring your vision is perfectly captured."
Outdoor Signs > Lighted Signs > Payment Quotation,Customization / Option,Payment Quotation,,"Receive a clear and detailed quote based on your design, materials, and project scope for complete transparency."
Outdoor Signs > Lighted Signs > Sign Production,Customization / Option,Sign Production,,"Using premium materials and cutting-edge lighting technology, we craft durable and visually striking lighted signs."
Outdoor Signs > Lighted Signs > Custom Designs,Customization / Option,Custom Designs,https://signsny.com/wp-content/uploads/2024/11/Layer-29.jpg.webp,Tailored to your brand’s unique style and message.
Outdoor Signs > Lighted Signs > Durable Materials,Customization / Option,Durable Materials,https://signsny.com/wp-content/uploads/2024/11/Layer-31.jpg.webp,"Built to withstand weather and wear, ensuring longevity."
Outdoor Signs > Lighted Signs > Energy-Efficient Solutions,Customization / Option,Energy-Efficient Solutions,https://signsny.com/wp-content/uploads/2024/11/Layer-30.jpg.webp,Offering eco-friendly LED technology for long-lasting impact.
Outdoor Signs > Lighted Signs > Experienced Team,Customization / Option,Experienced Team,https://signsny.com/wp-content/uploads/2024/11/Layer-32.png.webp,Decades of expertise in creating stunning illuminated signage.
Outdoor Signs > Wall Pan Signs > Memorable Visual Impact,Customization / Option,Memorable Visual Impact,,Welcome visitors with striking wall pan signs that create a memorable first impression.
Outdoor Signs > Wall Pan Signs > Enhanced Brand Visibility,Customization / Option,Enhanced Brand Visibility,,Boost your brand's presence with eye-catching wall pan signs that reinforce recognition.
Outdoor Signs > Wall Pan Signs > Professional Elegance,Customization / Option,Professional Elegance,,Showcase professionalism and attention to detail with sleek wall pan signs that make a statement.
Outdoor Signs > Wall Pan Signs > Effortless Navigation,Customization / Option,Effortless Navigation,,Guide guests seamlessly with clear and informative wall pan signs that enhance their experience.
Outdoor Signs > Wall Pan Signs > Compelling Visual Storytelling,Customization / Option,Compelling Visual Storytelling,,Share your brand's story through beautifully crafted wall pan signs that engage and inform.
Outdoor Signs > Wall Pan Signs > Long-lasting Appeal,Customization / Option,Long-lasting Appeal,,Leave a lasting mark with durable wall pan signs that foster meaningful connections beyond the initial encounter.
Outdoor Signs > Solaray Sequin Signs > Custom Design,Customization / Option,Custom Design,https://signsny.com/wp-content/uploads/2024/12/aurora-luxe-co.-custom-design-in-nyc.jpg,"Our talented design team works closely with clients to bring their vision to life. Whether it's a corporate logo, an intricate pattern, or a mesmerizing image, we transform ideas into stunning Sequin Signs."
Outdoor Signs > Solaray Sequin Signs > Event Signage,Customization / Option,Event Signage,https://signsny.com/wp-content/uploads/2024/12/event-signage-for-elysian-events-in-nyc.jpg,Make your events truly unforgettable with our Sequin Signs. Our signs are designed to make a statement from weddings and galas to product launches and brand activations.
Outdoor Signs > Solaray Sequin Signs > Retail Enhancements,Customization / Option,Retail Enhancements,https://signsny.com/wp-content/uploads/2024/12/retail-enhancement-for-chroma-lane-in-nyc.jpg,Elevate your retail space with eye-catching Sequin Signs that draw customers in and provide a unique shopping experience.
Outdoor Signs > Solaray Sequin Signs > Trade Shows and Exhibitions,Customization / Option,Trade Shows and Exhibitions,https://signsny.com/wp-content/uploads/2024/12/trade-shows-and-exhibition-for-nexora-tech-in-nyc.jpg,"Stand out in the competitive world of trade shows with signage that sparkles, entertains, and effectively communicates your brand message."
Outdoor Signs > Solaray Sequin Signs > Design & Approval,Customization / Option,Design & Approval,,We work with you to craft unique sequin sign designs that align with your vision and brand. Your approval ensures every detail is perfect before production begins.
Outdoor Signs > Solaray Sequin Signs > Payment Quotation,Customization / Option,Payment Quotation,,"Receive a transparent and detailed quote tailored to your design, materials, and project requirements for complete clarity."
Outdoor Signs > Solaray Sequin Signs > Sign Production,Customization / Option,Sign Production,,"Our team uses premium materials and advanced techniques to meticulously create sequin signs that are durable, vibrant, and captivating."
Outdoor Signs > Solaray Sequin Signs > Custom Finishes,Customization / Option,Custom Finishes,https://signsny.com/wp-content/uploads/2024/11/Layer-29.jpg,"We provide custom-colored sequins with vibrant, reflective metallic finishes."
Outdoor Signs > Solaray Sequin Signs > Diverse Options,Customization / Option,Diverse Options,https://signsny.com/wp-content/uploads/2024/11/Layer-30.jpg,Our sequin signs offer tailored graphic printing in a variety of shapes and colors.
Outdoor Signs > Solaray Sequin Signs > Durable Panel,Customization / Option,Durable Panel,https://signsny.com/wp-content/uploads/2024/11/Layer-31.jpg,Each panel measures over 12 inches and is built to withstand high winds and harsh weather.
Outdoor Signs > Solaray Sequin Signs > Weather-Resistant,Customization / Option,Weather-Resistant,https://signsny.com/wp-content/uploads/2024/11/Layer-32.png,"Our signs resist UV rays, oxidation, and water, ensuring lasting brilliance."
Construction Signs > Sidewalk Closed Signs > Sidewalk Closed Sign,Customization / Option,Sidewalk Closed Sign,https://signsny.com/wp-content/uploads/2025/06/sidewalk-closed-sign-nyc.jpg,"These signs notify pedestrians of approaching sidewalk or crosswalk closures and advise them to a safe crossing point, they should comply with MUTCD standards."
Construction Signs > Sidewalk Closed Signs > Cross Here sign,Customization / Option,Cross Here sign,https://signsny.com/wp-content/uploads/2025/06/cross-here-signs-new-york-city.jpg,"The Cross Here sign is excellent for keeping your construction sites safe, with clear and strong wording, this sign guides pedestrians to a safe path."
Construction Signs > Sidewalk Closed Signs > Pedestrian Crosswalk Signs,Customization / Option,Pedestrian Crosswalk Signs,https://signsny.com/wp-content/uploads/2025/06/best-pedestrian-crosswalk-signs-nyc.webp,Available thickness: 1/8″ – 3/16″ – 1/4″ – 3/8″ and thicker Letter height: 1/2″ – 48″ Custom color option available
Construction Signs > Sidewalk Closed Signs > Use Other Side Sign,Customization / Option,Use Other Side Sign,https://signsny.com/wp-content/uploads/2025/06/use-other-side-signs-nyc.jpg,These signs are made with retro-reflective diamond grade sheeting to meet MUTCD criteria and guides people to the other side of the street because the sidewalk is closed.
Construction Signs > Sidewalk Closed Signs > Use Walkway Sign,Customization / Option,Use Walkway Sign,https://signsny.com/wp-content/uploads/2025/06/use-walkway-signs-nyc.webp,"The official ANSI headers on a Walkway Closed Use Open Walkways Sign ensure safety procedure and compliance, it is useful for protecting personnel’s safety."
Construction Signs > Sidewalk Closed Signs > Aluminum,Customization / Option,Aluminum,https://signsny.com/wp-content/uploads/2025/06/aluminum.jpg,Aluminum is the most durable signage material to create customized and high-quality sidewalk closed signs in NYC that meet MUTCD standards.
Construction Signs > Sidewalk Closed Signs > Dibond,Customization / Option,Dibond,https://signsny.com/wp-content/uploads/2025/06/dibond.jpg,"Dibond or aluminum composite material, made from two 0.012"" aluminum sheets that are bonded to a polyethylene core is durable outdoors signage material."
Construction Signs > Road Closed Signs > Mutch Reflective Signs,Customization / Option,Mutch Reflective Signs,https://signsny.com/wp-content/uploads/2025/06/road-under-construction-bike-lane-signs-nyc.jpg,"Reflective signage is easily seen at night. MUTCH reflective signs are perhaps some of the most visible, with bright material that shines with only minimal lighting."
Construction Signs > Road Closed Signs > Utility Worker Signs,Customization / Option,Utility Worker Signs,https://signsny.com/wp-content/uploads/2025/06/utility-workers-ahead-closed-signs.jpg,Warning drivers that workers are nearby and that they’re working on potentially critical infrastructure is important. Signs NYC can help you create these signs.
Construction Signs > Road Closed Signs > Road Closed Signs with Dates,Customization / Option,Road Closed Signs with Dates,https://signsny.com/wp-content/uploads/2025/06/road-closed-information-signs.jpg,Often it’s important to help motorists prepare for their commutes. Road closed signs with dates tell those passing by when to expect the roads will be closed and open.
Construction Signs > Road Closed Signs > Use Walkway Signs,Customization / Option,Use Walkway Signs,https://signsny.com/wp-content/uploads/2025/06/road-informational-safety-signs.jpg,Letting others know when to use a walkway – or when a walkway is closed – is critical for keeping unprotected bikers and pedestrians safe.
Construction Signs > Road Closed Signs > Lane Closed Signs and Merge Signs,Customization / Option,Lane Closed Signs and Merge Signs,https://signsny.com/wp-content/uploads/2025/06/lane-closed-arrow-road-signs.jpg,"For the safety of both construction workers and motorists, having clear and detailed lane closed signs and merge signs helps keep drivers away from work areas."
Construction Signs > Blueprints Printing > Mounting and Laminating,Customization / Option,Mounting and Laminating,,"For blueprints that require additional durability, we offer mounting on foam board and lamination services. These options are ideal for presentations and long-term display."
Construction Signs > Blueprints Printing > Plotting and CAD Printing,Customization / Option,Plotting and CAD Printing,,"In addition to blueprints, we specialize in plotting and CAD printing. Whether you need technical drawings or large-scale maps, we can handle it all with precision."
Construction Signs > Blueprints Printing > Reprographic Services,Customization / Option,Reprographic Services,,"Our reprographic services allow you to produce multiple copies of your blueprints quickly and cost-effectively, ensuring that your entire team has access to the latest plans."
Building Signs > Boiler Room Signs > Boiler Room Door Sign,Customization / Option,Boiler Room Door Sign,https://signsny.com/wp-content/uploads/2025/06/boiler-room-sign.jpg,Mark the Boiler Room door with a bold and vibrant sign that is highly visible and is a simple and effective way to alert people about safety.
Building Signs > Boiler Room Signs > Oil Tank Capacity Sign,Customization / Option,Oil Tank Capacity Sign,https://signsny.com/wp-content/uploads/2025/06/boiler-room-oil-tank-capacity-sign.jpg,Oil Tank capacity signs are critical to display the required information about the capacity of the tank so that the workers are well aware of it.
Building Signs > Boiler Room Signs > Boiler Manufacturer Sign,Customization / Option,Boiler Manufacturer Sign,https://signsny.com/wp-content/uploads/2025/06/boiler-manufacturer-sign.jpg,The boiler manufacturer signs are usually used to display the name of the boiler manufacturer and the type and model of the boiler.
Building Signs > Boiler Room Signs > Keys To Boiler Room,Customization / Option,Keys To Boiler Room,https://signsny.com/wp-content/uploads/2025/06/remote-control-for-oil-burner-sign.jpg,"A sign that displays the information about the person with the boiler room key is required at two locations, one near the door, and one near the boiler room."
Building Signs > Boiler Room Signs > Shut-Off Switch,Customization / Option,Shut-Off Switch,https://signsny.com/wp-content/uploads/2025/06/main-electrical-shut-off-sign.jpg,The shut-off switch sign is very necessary in a high-risk zone so in case of emergency the people could easily locate the shut-off switch.
Building Signs > Boiler Room Signs > Keep Authorized Personnel Sign,Customization / Option,Keep Authorized Personnel Sign,https://signsny.com/wp-content/uploads/2025/06/Boiler-Room-Door-Sign.jpg,Use this sign to keep unauthorized visitors out of the area as they are visible and extremely effective for complying with state laws.
Building Signs > Boiler Room Signs > Acrylic,Customization / Option,Acrylic,https://signsny.com/wp-content/uploads/2025/06/acrylic.jpg,"This material acrylic can have the same crystal, glossy finish as glass for fire safety signs, but is much more lightweight and stable."
Building Signs > Boiler Room Signs > Aluminum,Customization / Option,Aluminum,https://signsny.com/wp-content/uploads/2025/06/aluminum.jpg,"Aluminum is a high-yielding and easily custom-make material to create a durable, high-quality custom fire safety signs by combining cutting-edge technology with various methods."
Building Signs > Boiler Room Signs > Aluminum Composite,Customization / Option,Aluminum Composite,https://signsny.com/wp-content/uploads/2025/06/aluminum-composite-materials-acm.jpg,Aluminum composite material for fire safety signs provides the benefits of both aluminum and stable polyethylene cores that give additional rigidity and lightness.
Building Signs > Boiler Room Signs > Styrene,Customization / Option,Styrene,https://signsny.com/wp-content/uploads/2025/06/styrene.jpg,"Styrene material is a lightweight plastic that can be both flexible and stable, it has perfect durability and customization qualities for fire safety signs."
Building Signs > Boiler Room Signs > Plastic (PVC),Customization / Option,Plastic (PVC),https://signsny.com/wp-content/uploads/2025/06/plastic-pvc.jpg,Plastic or acrylic material is used to make custom fire safety signs by reason of their easy customization qualities and qualified and engaging appearance.
Building Signs > HPD Signs > Gas Leak Notice,Customization / Option,Gas Leak Notice,https://signsny.com/wp-content/uploads/2025/07/gass-leak-notice-sign-nyc.jpg,"Owners of dwellings are mandated to furnish tenants with a notice on procedures for suspected gas leaks. This notice must be provided to each tenant and prospective tenant during lease issuance or renewal, encompassing all tenant-occupied units within 1- and 2-family homes, and be displayed in a common area of the building."
Building Signs > HPD Signs > Carbon Monoxide Sign,Customization / Option,Carbon Monoxide Sign,https://signsny.com/wp-content/uploads/2025/07/carbon-monoxide-sign-nyc.jpg,"In accordance with HMC § 27-2046.1, property owners are obligated to exhibit an HPD-approved Carbon Monoxide Detecting Device Requirement Notice within a common area of the building. The specific stipulations regarding this mandate are delineated in Section 12-12.1 of Chapter 12 of the Rules of the City of New York."
Building Signs > HPD Signs > Smoke Detector Notice Sign,Customization / Option,Smoke Detector Notice Sign,https://signsny.com/wp-content/uploads/2025/07/smoke-detector-notice-sign.jpg,"Owners of Class A multiple dwellings are mandated to post a Smoke Detecting Devices Notice, approved by HPD, at or near the mailboxes as per 28 RCNY § 12-01. Alternatively, owners may opt to post a combined notice for Smoke and Carbon Monoxide Detecting Devices alongside Gas Leak Procedures."
Building Signs > HPD Signs > Fire Safety Notice,Customization / Option,Fire Safety Notice,https://signsny.com/wp-content/uploads/2025/07/fire-safety-notice.jpg,Owners of apartment buildings with three or more apartments are mandated to post an Emergency Preparedness Notice on the interior of all apartment entrance doors and in the lobby or common area. Notices should be tailored based on the building’s construction type: Non-combustible Fireproof Building Sample Notice Combustible Non-fireproof Building Sample Notice.
Building Signs > HPD Signs > Housing Information Guide,Customization / Option,Housing Information Guide,,"In line with NYC Administrative Code § 26-1103, a notice regarding the availability of a Housing Information Guide for Tenants and Owners, titled the ABCs of Housing, must be posted in a conspicuous location within the multiple dwelling, specifically in the area where mail is delivered."
Building Signs > HPD Signs > Building Registration Number Sign,Customization / Option,Building Registration Number Sign,,"An HPD building registration number sign displaying the serial number assigned to the building by HPD is required to be posted in the entrance hall of the building. This serial number signage HMC § 27-2107 should also include the building’s street address, and information about the superintendent, janitor, or housekeeper."
Building Signs > HPD Signs > Garbage Collection,Customization / Option,Garbage Collection,,"Owners are required to post a sign in the building lobby indicating the current hours and method of garbage collection when there is no 24-hour dumbwaiter service, with the sign being enclosed in plastic or a frame to prevent vandalism or tampering, as stipulated by HMC § 27-2022."
Building Signs > HPD Signs > Janitor Name/Address Sign,Customization / Option,Janitor Name/Address Sign,,"A sign containing the name, address, apartment number, and telephone number of the janitor or housekeeper must be posted at the entrance of the building, as stipulated by HMC § 27-2053."
Building Signs > HPD Signs > Shut the Door Signs,Customization / Option,Shut the Door Signs,,"The “Shut the Door” notice, as directed by Local Law 115, requires owners of multiple dwellings to post a notice in conspicuous locations, advising individuals to close all doors behind them during a fire evacuation to contain the fire and limit smoke spread. Any missing or damaged notices must be promptly replaced."
Building Signs > HPD Signs > Inspection Visit Frame,Customization / Option,Inspection Visit Frame,,"As per the law (Reference: MDL § 329), owners must provide a frame for a 6″ x 9″ inspection visit card, positioned 48-62 inches above the floor, preferably near the mailbox or in a suitable location within the vestibule or entrance. The HPD inspector will supply the inspection card, with owners required to complete any incomplete sections."
Building Signs > HPD Signs > Boiler Room / Heating System Sign,Customization / Option,Boiler Room / Heating System Sign,,"An owner is required to display the name and location of the individual possessing the boiler room key on notices approved by HPD, designated as HPD heating system signs. One notice should be prominently placed in the lobby, and another on the boiler room’s entrance door, as mandated by HMC § 27-2033."
Building Signs > HPD Signs > Floor Number Sign,Customization / Option,Floor Number Sign,,"DOB and HPD require owners to install floor and apartment number signs to assist first responders and guests in identifying their location within the building, especially in larger structures. These signs are mandatory for all HPD properties and new constructions by DOB. As per HMC § 27-2048, owners must either paint or post a sign indicating the floor number on each floor."
Building Signs > HPD Signs > Street Number on Dwelling,Customization / Option,Street Number on Dwelling,,"Owners are required to post and maintain a visible street number on the front of the building, as per HMC § 27-2049. The street number must be discernible from the sidewalk."
Building Signs > HPD Signs > Maximum Occupancy in Rooms,Customization / Option,Maximum Occupancy in Rooms,,"In compliance with HMC § 27-2075, rooms in Hotels and Class B rooming units must have a sign posted inside, indicating the maximum occupancy."
Building Signs > HPD Signs > Disaster Response Signage,Customization / Option,Disaster Response Signage,,"Owners of residential dwellings, wherein at least one unit is not occupied by the owner, are required to post an Emergency Notification under the following circumstances: prior to a weather emergency, post-natural disaster, and upon being informed of a utility outage expected to last more than 24 hours. This requirement is stipulated by HMC § 27-2005 (Local Law 47 of 2015).bv"
Building Signs > HPD Signs > Interruption of Service Notice,Customization / Option,Interruption of Service Notice,,"As stipulated by HMC § 27-2005 (Local Law 47 of 2015), owners of a multiple dwelling are required to display a Notice of Interruption of Services at least twenty-four hours before undertaking repairs or other work that will disrupt heat, hot water, cold water, gas, or electricity service for a duration of two or more hours."
Building Signs > HPD Signs > Bedbug Annual Filling Recepit,Customization / Option,Bedbug Annual Filling Recepit,,"Property owners are mandated to post the Bedbug Annual Filing Receipt in a prominent location or distribute it to tenants upon commencement of a new lease or with each lease renewal, notifying tenants of the bedbug infestation history of the building, as stipulated by HMC § 27-2005 (Local Law 47 of 2015)."
Building Signs > HPD Signs > Safe Construction Bill of Rights,Customization / Option,Safe Construction Bill of Rights,,"Property owners of multiple dwellings are required to distribute and post a Safe Construction Bill of Rights notice: upon application for a work permit not relating to minor alterations or ordinary repairs; concurrently with the owner’s notification to the department regarding an emergency work permit; or, for new buildings, immediately upon application for a temporary certificate of occupancy."
Building Signs > Video Surveillance Signs > Aluminum,Customization / Option,Aluminum,https://signsny.com/wp-content/uploads/2025/06/pvc-with-metal.jpg,"There are many different types of metal used for video surveillance signs. Aluminum is one of the most popular, durable metals for outdoor customized signs."
Building Signs > Video Surveillance Signs > Corrugated Plastic,Customization / Option,Corrugated Plastic,https://signsny.com/wp-content/uploads/2025/06/corrugated-plastic.jpg,Corrugated plastic material is a rigid plastic usually used for manufacturing lightweight and long-lasting video surveillance signs that work well outdoors.
Building Signs > Fire Safety Signs > Fire Extinguisher,Customization / Option,Fire Extinguisher,https://signsny.com/wp-content/uploads/2025/06/fire-extinguisher-signs-new-york.jpg,These often feature a directional arrow for even easier navigation.
Building Signs > Fire Safety Signs > Sprinkler System,Customization / Option,Sprinkler System,https://signsny.com/wp-content/uploads/2025/06/building-sprinkler-system-fire-safety-signs.jpg,"Most buildings are also required to have a sprinkler system to curb fires more quickly. These signs can let people know if that system is automatic, have an automatic shut off, if there is no sprinkler system, and more."
Building Signs > Fire Safety Signs > Emergency Exits,Customization / Option,Emergency Exits,https://signsny.com/wp-content/uploads/2025/06/emergency-exit-fire-safety-signs.jpg,"Posted on the doors of emergency exits, these signs keep people from exiting unless it’s an emergency like a fire and/or inform them of an alarm that will go off if it’s opened."
Building Signs > Fire Safety Signs > Fire Hose/Fire Pump Room,Customization / Option,Fire Hose/Fire Pump Room,https://signsny.com/wp-content/uploads/2025/06/fire-pump-room-safety-signs.jpg,"These let emergency personnel know where a fire hose is to begin addressing the fire and where the sprinkler system’s water supply is, respectively."
Building Signs > Fire Safety Signs > Fire Door,Customization / Option,Fire Door,https://signsny.com/wp-content/uploads/2025/06/fire-door-closed-safety-signs.jpg,"Certain doors between building floors are usually kept closed when not being moved through, to prevent the rapid spread of fire. This sign keeps people from propping it open."
Building Signs > Fire Safety Signs > Smoke Detector,Customization / Option,Smoke Detector,https://signsny.com/wp-content/uploads/2025/06/smoke-detector-safety-signs-new-york.jpg,This sign assures room occupants that smoke detectors are installed and in good working order in designated locations.
Building Signs > Fire Safety Signs > Acrylic,Customization / Option,Acrylic,https://signsny.com/wp-content/uploads/2024/11/castmetal-aluminum-brushed.jpg,"This material acrylic can have the same crystal, glossy finish as glass for fire safety signs, but is much more lightweight and stable."
Building Signs > Fire Safety Signs > Aluminum,Customization / Option,Aluminum,https://geminimade.com/wp-content/uploads/steel-brushed-165x165.jpg,"Aluminum is a high-yielding and easily custom-make material to create a durable, high-quality custom fire safety signs by combining cutting-edge technology with various methods."
Building Signs > Fire Safety Signs > Aluminum Composite,Customization / Option,Aluminum Composite,https://signsny.com/wp-content/uploads/elementor/thumbs/polish-aluminum-rix5cuajpoeaaq9kywewm4ctcwnjhb9zvr66unpinm.jpg,Aluminum composite material for fire safety signs provides the benefits of both aluminum and stable polyethylene cores that give additional rigidity and lightness.
Building Signs > Fire Safety Signs > Styrene,Customization / Option,Styrene,https://signsny.com/wp-content/uploads/2024/11/gold-anodized.jpg,"Styrene material is a lightweight plastic that can be both flexible and stable, it has perfect durability and customization qualities for fire safety signs."
Building Signs > Fire Safety Signs > Plastic (PVC),Customization / Option,Plastic (PVC),https://signsny.com/wp-content/uploads/2024/11/gold-anodized.jpg,Plastic or acrylic material is used to make custom fire safety signs by reason of their easy customization qualities and qualified and engaging appearance.
Building Signs > Safety Signs > No Trespassing Signs,Customization / Option,No Trespassing Signs,https://signsny.com/wp-content/uploads/2025/06/no-trespassing-construction-site-warning-signs.jpg,"The site safety rules imply putting up these signs as a useful tool for protecting personnel’s health and safety, it warns about an unauthorized entry in an area."
Building Signs > Safety Signs > Hard Hat area sign,Customization / Option,Hard Hat area sign,https://signsny.com/wp-content/uploads/2025/06/hard-hat-area-caution-safety-signs-new-york.jpg,"A Hard Hat area sign is a useful tool for protecting workers’ health and safety, it is an OSHA compliance sign that must be present on a job site."
Building Signs > Safety Signs > No Smoking Signs (For Flammable Materials),Customization / Option,No Smoking Signs (For Flammable Materials),https://signsny.com/wp-content/uploads/2025/06/no-smoking-construction-safety-signs.jpg,"The words on a Prohibition sign for no-smoking signs are useful in addressing property policy and safety concerns, especially near flammable materials."
Building Signs > Safety Signs > Caution Signs,Customization / Option,Caution Signs,https://signsny.com/wp-content/uploads/2025/06/osha-safety-signs-new-york-city.jpg,"For presenting the most effective messages at your facility, use a customized caution sign for warnings regarding dangerous places to keep your staff safe."
Building Signs > Safety Signs > Aluminum,Customization / Option,Aluminum,https://signsny.com/wp-content/uploads/2025/06/aluminum.jpg,"Aluminum is a durable material to create high-quality safety signs that meet OSHA standards, they stay rust-free and reflective aluminum is used for night visibility."
Building Signs > Safety Signs > Hard Corrugated Plastic,Customization / Option,Hard Corrugated Plastic,https://signsny.com/wp-content/uploads/2025/06/corrugated-plastic.jpg,Corrugated plastic material is a rigid plastic usually used for manufacturing lightweight and long-lasting job site safety signs that are durable outdoors.
Building Signs > Safety Signs > Vinyl,Customization / Option,Vinyl,https://signsny.com/wp-content/uploads/2024/12/vinyl-coated-polyester.jpg,Vinyl is printed with a sticky back coating that allows it to cling to flat non-porous surfaces and they are backed with a strong base material.
Event Signs > Kiosk Signs > Illuminated Signs,Customization / Option,Illuminated Signs,https://signsny.com/wp-content/uploads/2025/06/illuminated-kiosk-signs-nyc-scaled.jpg,Backlit panels that shine in low-light conditions.
Event Signs > Kiosk Signs > Wayfinding Kiosk Signs,Customization / Option,Wayfinding Kiosk Signs,https://signsny.com/wp-content/uploads/2025/06/wayfinding-kiosk-sign-nyc.jpg,"Help visitors navigate malls, events, and campuses."
Event Signs > Kiosk Signs > Promotional Kiosk Signs,Customization / Option,Promotional Kiosk Signs,https://signsny.com/wp-content/uploads/2025/06/Promotional-Kiosk-Signs.jpg,Showcase products or services with vibrant graphics.
Event Signs > Kiosk Signs > Self-Service Kiosk Signs,Customization / Option,Self-Service Kiosk Signs,https://signsny.com/wp-content/uploads/2025/06/self-service-kiosk-signs-nyc-scaled.jpg,Showcase products or services with vibrant graphics.
Event Signs > Kiosk Signs > Custom Designs,Customization / Option,Custom Designs,https://signsny.com/wp-content/uploads/2024/11/Layer-29.jpg,"Unique, brand-focused solutions for any type of kiosk."
Event Signs > Kiosk Signs > Premium Materials,Customization / Option,Premium Materials,https://signsny.com/wp-content/uploads/2024/11/Layer-30.jpg,Long-lasting and durable signage built for busy environments.
Event Signs > Kiosk Signs > Modern Technology,Customization / Option,Modern Technology,https://signsny.com/wp-content/uploads/2024/11/Layer-31.jpg,Expertise in both traditional and digital signage solutions.
Event Signs > Kiosk Signs > Full-Service Solutions,Customization / Option,Full-Service Solutions,https://signsny.com/wp-content/uploads/2024/11/Layer-32.png,"From concept to installation, we handle it all."
Event Signs > Podium Signs > Acrylic Podium Signs,Customization / Option,Acrylic Podium Signs,https://signsny.com/wp-content/uploads/2024/12/acrylic-podium-sign-nyc.jpg,"Durable and elegant, acrylic signs provide a modern and sleek look, perfect for corporate and formal events."
Event Signs > Podium Signs > Wooden Podium Signs,Customization / Option,Wooden Podium Signs,https://signsny.com/wp-content/uploads/2024/12/wooden-podium-sign-nyc.jpg,"Add a classic touch with wooden podium signs, ideal for traditional or rustic-themed events."
Event Signs > Podium Signs > Metal Podium Signs,Customization / Option,Metal Podium Signs,https://signsny.com/wp-content/uploads/2024/12/metal-podium-sign-nyc.jpg,"Durable and weather-resistant, metal podium signs offer a sophisticated and professional finish."
Event Signs > Podium Signs > Vinyl Decal Signs,Customization / Option,Vinyl Decal Signs,https://signsny.com/wp-content/uploads/2024/12/vinyl-decal-podium-signs-nyc.jpg,"Affordable and versatile, vinyl decals can be easily applied and removed, offering flexibility for various events."
Event Signs > Podium Signs > Custom Designs,Customization / Option,Custom Designs,https://signsny.com/wp-content/uploads/2024/11/Layer-29.jpg,We work closely with you to create a podium sign that aligns with your brand and event theme.
Event Signs > Podium Signs > High-Quality Materials,Customization / Option,High-Quality Materials,https://signsny.com/wp-content/uploads/2024/11/Layer-30.jpg,Our podium signs are made with durable materials to ensure long-lasting quality and professional appeal.
Event Signs > Podium Signs > Fast Turnaround,Customization / Option,Fast Turnaround,https://signsny.com/wp-content/uploads/2024/11/Layer-31.jpg,We understand the importance of deadlines and deliver your podium signs promptly without compromising on quality.
Event Signs > Podium Signs > Advanced Techniques,Customization / Option,Advanced Techniques,https://signsny.com/wp-content/uploads/2024/11/Layer-32.png,"Using state-of-the-art printing and engraving technology, we ensure precision and clarity in every sign."
Event Signs > Standee and Cutouts > Life-Sized Cutouts,Customization / Option,Life-Sized Cutouts,https://signsny.com/wp-content/uploads/2025/06/cut-out-standee.jpg,"Full-scale replicas of people, mascots, or products."
Event Signs > Standee and Cutouts > Pop-Up Standees,Customization / Option,Pop-Up Standees,https://signsny.com/wp-content/uploads/2025/06/pop-up-standee-1.jpg,Foldable displays for easy transport and setup.
Event Signs > Standee and Cutouts > Thematic Cutouts,Customization / Option,Thematic Cutouts,https://signsny.com/wp-content/uploads/2025/06/thematic-cutout.jpg,Designed to match seasonal or event-specific themes.
Event Signs > Standee and Cutouts > Custom Designs,Customization / Option,Custom Designs,https://signsny.com/wp-content/uploads/2024/11/Layer-29.jpg,"Unique shapes, sizes, and graphics tailored to your brand."
Event Signs > Standee and Cutouts > High-Quality Materials,Customization / Option,High-Quality Materials,https://signsny.com/wp-content/uploads/2024/11/Layer-30.jpg,Durable displays that withstand frequent use.
Event Signs > Standee and Cutouts > Fast Turnaround,Customization / Option,Fast Turnaround,https://signsny.com/wp-content/uploads/2024/11/Layer-31.jpg,Reliable production to meet tight deadlines.
Event Signs > Standee and Cutouts > Full-Service Support,Customization / Option,Full-Service Support,https://signsny.com/wp-content/uploads/2024/11/Layer-32.png,"From design to delivery, we handle every step."
Large Format Printing > Backdrops > Photography Backdrop,Customization / Option,Photography Backdrop,https://signsny.com/wp-content/uploads/2023/01/what-size-photo-backdrop-should-i-choose.jpg,"Photography backdrops can be a solid blank color, including white black backdrops, to block out a background. They can also be images that create an imaginary background. Photographers use them to take pictures of models in their studios."
Large Format Printing > Backdrops > Step and Repeat Backdrops,Customization / Option,Step and Repeat Backdrops,https://signsny.com/wp-content/uploads/2025/06/best-event-backdrops-scaled.jpg,"Step and Repeat can be placed at gathering points for guests to share photos of the event. Logos can be printed in an offset platform for a branded background, or entire graphic designs can be used as decoration for more visually stunning photos."
Large Format Printing > Backdrops > 5' x 8',Customization / Option,5' x 8',https://signsny.com/wp-content/uploads/2025/06/5-by-8-mini-backdrop-display.jpg,5’ x 8’ stands are typically placed above the ground for a top-shot of the guests. They can fit as many as 5 to 6 people in front at a time.
Large Format Printing > Backdrops > 8' x 8',Customization / Option,8' x 8',https://signsny.com/wp-content/uploads/2025/06/standard-8-by-8-backdrop-signs-nyc.jpg,"Our most popular size, the 8’ x 8’ square can fit 3-5 people in front, and allow full body shots for all heights."
Large Format Printing > Backdrops > 8' x 10',Customization / Option,8' x 10',https://signsny.com/wp-content/uploads/2025/06/8-10-step-and-repeat-backdrop-nyc.jpg,"Adding 2’ to the width of the backdrop allows photographers to fit approximately double the number of people, from 6-7 total."
Large Format Printing > Banner Stands > Vinyl,Customization / Option,Vinyl,https://signsny.com/wp-content/uploads/elementor/thumbs/vinyl-material-rix5glnb1tjkqksz0ix6l676we4e9q7ced43yi4trm.jpg,"One of the most popular materials, vinyl is durable and provides vibrant, sharp graphics. It's ideal for both indoor and outdoor locations."
Large Format Printing > Banner Stands > Fabric,Customization / Option,Fabric,https://signsny.com/wp-content/uploads/elementor/thumbs/fabric-material-rix5ge4lj59a5p3w8fo6183i5b5gk5dhpbw84afz5e.jpg,Fabric banners offer a softer look and are generally used for indoor displays. They are washable and less likely to crease or wrinkle compared to vinyl.
Large Format Printing > Banner Stands > Polyester,Customization / Option,Polyester,https://signsny.com/wp-content/uploads/elementor/thumbs/polyester-material-rix5ghvyahefg4yfmhaob75ciumxexsf1ui61eaegi.jpg,Polyester materials are durable and can be used indoors and outdoors. They offer excellent print quality and are often used for roll-up or retractable banner stands.
Large Format Printing > Banner Stands > Mesh,Customization / Option,Mesh,https://signsny.com/wp-content/uploads/elementor/thumbs/mesh-material-rix5gg09wtbusx15xghf67mfc2w6zjkydl772ud6sy.jpg,"Mesh materials are commonly used for outdoor events where wind could be a factor. The material allows air to flow through, reducing the wind resistance."
Large Format Printing > Canvas Printing > Gallery-Wrapped Canvas Prints,Customization / Option,Gallery-Wrapped Canvas Prints,https://signsny.com/wp-content/uploads/2025/06/gallery-wrapped-canvas-prints.jpg,"Canvas stretched over a wooden frame for a sleek, frameless look."
Large Format Printing > Canvas Printing > Framed Canvas Prints,Customization / Option,Framed Canvas Prints,https://signsny.com/wp-content/uploads/2025/06/Framed-Canvas-Prints.jpg,Adds a classic touch with custom wood or metal frames.
Large Format Printing > Canvas Printing > Split Canvas Print,Customization / Option,Split Canvas Print,https://signsny.com/wp-content/uploads/2025/06/Split-Canvas-Print.jpg,Breaks a single image into multiple panels for a modern display.
Large Format Printing > Canvas Printing > Panoramic Canvas Prints,Customization / Option,Panoramic Canvas Prints,https://signsny.com/wp-content/uploads/2025/06/Panoramic-Canvas-Prints.jpg,Panoramas are extremely creative canvas prints that are typically mounted and displayed over your sofa in the living room.
Large Format Printing > Mesh Banners > Exceptional Quality,Customization / Option,Exceptional Quality,https://signsny.com/wp-content/uploads/2024/11/Layer-29.jpg,Our mesh banners are crafted from premium materials to guarantee long-lasting performance and vibrant visuals.
Large Format Printing > Mesh Banners > Custom Solutions,Customization / Option,Custom Solutions,https://signsny.com/wp-content/uploads/2024/11/Layer-30.jpg,"We tailor each banner to your specifications, ensuring it perfectly fits your advertising space and objectives."
Large Format Printing > Mesh Banners > Reliable Performance,Customization / Option,Reliable Performance,https://signsny.com/wp-content/uploads/2024/11/Layer-31.jpg,"Our banners are built to withstand various weather conditions, maintaining their appearance and functionality over time."
Large Format Printing > Mesh Banners > Customer Satisfaction,Customization / Option,Customer Satisfaction,https://signsny.com/wp-content/uploads/2024/11/Layer-32.png,We prioritize your satisfaction by offering excellent service and support throughout your project.
Large Format Printing > Pole Banners and Flags > Vertical Pole Banners,Customization / Option,Vertical Pole Banners,https://signsny.com/wp-content/uploads/2025/06/vertical-pole-banner-nyc.jpg,"Rectangular banners that hang from poles for striking, vertical visibility."
Large Format Printing > Pole Banners and Flags > Feather Flags,Customization / Option,Feather Flags,https://signsny.com/wp-content/uploads/2025/06/feather-flags-in-new-york-city.jpg,"Tall, sleek flags that sway with the wind, perfect for attention-grabbing designs."
Large Format Printing > Pole Banners and Flags > Blade Flags,Customization / Option,Blade Flags,https://signsny.com/wp-content/uploads/2025/06/blade-flags-signs-in-ny.jpg,"Narrow flags with a streamlined shape, ideal for tight spaces or focused visibility."
Large Format Printing > Pole Banners and Flags > Banner Flags,Customization / Option,Banner Flags,https://signsny.com/wp-content/uploads/2025/06/banner-flags-signs-in-nyc.jpg,"Horizontal flags for outdoor events, festivals, and street-level promotion."
Large Format Printing > Step and Repeat Banners > Increase Brand Visibility,Customization / Option,Increase Brand Visibility,,"Shine like a Broadway star with step and repeat banners that guarantee your brand steals the spotlight, leaving a lasting imprint"
Large Format Printing > Step and Repeat Banners > Event Branding,Customization / Option,Event Branding,,"Elevate your event's allure and let your brand shine in every snapshot, as step and repeat banners transform ordinary occasions into extraordinary experiences."
Large Format Printing > Step and Repeat Banners > Photo Opportunities,Customization / Option,Photo Opportunities,,"Capture unforgettable memories against stunning step and repeat backdrops that turn every click into a cherished keepsake, perfect for social media sharing."
Large Format Printing > Step and Repeat Banners > Promotional Signage,Customization / Option,Promotional Signage,,"From the red carpet to trade show halls, step and repeat banners amplify your message, grabbing attention and propelling your brand to new heights of exposure."
Large Format Printing > Tabletop Signs > Expertise and Experience,Customization / Option,Expertise and Experience,https://signsny.com/wp-content/uploads/2024/11/Layer-29.jpg,"With years of industry experience, our team of skilled professionals brings a wealth of knowledge to each project. We understand the nuances of design, fabrication, and installation, ensuring your tabletop signs are crafted to perfection."
Large Format Printing > Tabletop Signs > High-Quality Materials,Customization / Option,High-Quality Materials,https://signsny.com/wp-content/uploads/2024/11/Layer-30.jpg,"We use only the finest materials to create our tabletop signs, ensuring they are durable and long-lasting. Our commitment to quality means your signs will withstand frequent handling and maintain their pristine appearance over time."
Large Format Printing > Tabletop Signs > Innovative Design,Customization / Option,Innovative Design,https://signsny.com/wp-content/uploads/2024/11/Layer-31.jpg,"Our design team stays ahead of industry trends to provide you with innovative and visually appealing signage solutions. We combine creativity with practicality, resulting in signs that not only look great but also effectively communicate your message."
Large Format Printing > Tabletop Signs > Competitive Pricing,Customization / Option,Competitive Pricing,https://signsny.com/wp-content/uploads/2024/11/Layer-32.png,"Quality doesn’t have to come at a high price. We offer competitive pricing on all our tabletop signs, providing excellent value for money. Our solutions are designed to fit various budgets without sacrificing excellence."
Large Format Printing > Tabletop Signs > Quick Turnaround,Customization / Option,Quick Turnaround,https://signsny.com/wp-content/uploads/2024/11/Layer-29.jpg,"We understand the importance of timely delivery. Our efficient processes and dedicated team ensure that your tabletop signs are produced and delivered within the agreed timeframe, without compromising on quality."
Large Format Printing > Vinyl Banners > Standard Vinyl Banners,Customization / Option,Standard Vinyl Banners,https://signsny.com/wp-content/uploads/2023/01/standard-vinyl-outdoor-banners-nyc.png,Everyday use for storefronts and announcements.
Large Format Printing > Vinyl Banners > Mesh Banners,Customization / Option,Mesh Banners,https://signsny.com/wp-content/uploads/2025/06/stadium-outdoor-mesh-banners.jpg,Wind-permeable and ideal for fences or scaffolding.
Large Format Printing > Vinyl Banners > Double-Sided Banners,Customization / Option,Double-Sided Banners,https://signsny.com/wp-content/uploads/2025/06/best-custom-pole-banners-and-flags-signag-nyc-scaled.jpg,Messaging on both sides for maximum visibility.
Large Format Printing > Vinyl Banners > Pole Pocket Banners,Customization / Option,Pole Pocket Banners,https://signsny.com/wp-content/uploads/2024/11/pole-pocket-finishing-nyc.jpg,Perfect for pole mounts and hanging displays.
Large Format Printing > Vinyl Banners > Street & Fence Banners,Customization / Option,Street & Fence Banners,https://signsny.com/wp-content/uploads/2023/01/nyc-construction-fence-mesh-banners.png,Designed for outdoor placement and compliance.
Large Format Printing > Vinyl Banners > Hemming and Grommets,Customization / Option,Hemming and Grommets,https://signsny.com/wp-content/uploads/2024/11/hemming-and-grommets-finish-nyc.jpg,"Hemming reinforces the edges, while grommets are metal rings for easy hanging. Both enhance banner durability and display convenience."
Large Format Printing > Vinyl Banners > Flush Cut,Customization / Option,Flush Cut,https://signsny.com/wp-content/uploads/2024/11/flush-cut-finishing.jpg,"A flush cut banner is a type of banner with no additional finishing or hemming, resulting in a clean, straight edge appearance."
Large Format Printing > Vinyl Banners > Pole Pockets,Customization / Option,Pole Pockets,https://signsny.com/wp-content/uploads/2024/11/pole-pocket-finishing-nyc.jpg,"A banner pole pocket is a sleeve or pocket sewn into the banner to allow for inserting poles or rods, enabling easy display and installation."
Large Format Printing > Vinyl Banners > Double-Reinforced,Customization / Option,Double-Reinforced,https://signsny.com/wp-content/uploads/2024/11/double-reinforced-nyc.jpg,"A double reinforced banner has extra layers of material or stitching, providing enhanced durability and strength, making it suitable for more challenging outdoor conditions and extended use."
Large Format Printing > Vinyl Banners > Permitting (For Public Installations Only),Customization / Option,Permitting (For Public Installations Only),,"If your banner will be installed in public or city-regulated areas (like street poles or fences), we’ll help with permits and local code compliance."
Large Format Printing > Vinyl Banners > Production & Scheduling,Customization / Option,Production & Scheduling,,"Your custom vinyl banner is printed using weather-resistant UV inks and finished with the selected mounting options (grommets, pole pockets, etc.). Installation is scheduled at your convenience."
Large Format Printing > Vinyl Banners > Installation & Final Check,Customization / Option,Installation & Final Check,,"Our team securely installs your banner on-site—whether it’s on a storefront, scaffold, fence, or pole—and performs a final check for tension, alignment, and visibility."
Vehicle Wraps > Food Truck Wrapping > Food Truck Wraps,Customization / Option,Food Truck Wraps,https://signsny.com/wp-content/uploads/2024/12/best-custom-food-truck-wrap-new-york.jpg,Mobile kitchens on wheels Wrapped designs boost their meal deals.
Vehicle Wraps > Food Truck Wrapping > Food Cart Wraps,Customization / Option,Food Cart Wraps,https://signsny.com/wp-content/uploads/2024/12/food-cart-wraps.jpg,"Smaller than trucks, they stand still Graphics enhance their curb appeal."
Vehicle Wraps > Food Truck Wrapping > Food Trailer Wraps,Customization / Option,Food Trailer Wraps,https://signsny.com/wp-content/uploads/2025/10/custom-food-trailer-nyc.jpg,"Towed behind vehicles, they serve and goTheir decorative skins make their menu show."
Vinyl Graphics > Bottle Labels > Vinyl Bottle Labels,Customization / Option,Vinyl Bottle Labels,,"Vinyl labels are durable, water-resistant, and perfect for beverages or products that will be stored in humid or wet environments."
Vinyl Graphics > Bottle Labels > Paper Bottle Labels,Customization / Option,Paper Bottle Labels,,"Available in a variety of finishes, including matte, gloss, and satin, paper labels are a cost-effective solution for businesses that need attractive, high-quality labels for their bottles."
Vinyl Graphics > Bottle Labels > Waterproof Labels,Customization / Option,Waterproof Labels,,Waterproof bottle labels are designed to withstand moisture and remain intact even when exposed to water or condensation. These labels are ideal for beverages and cosmetic products that may come into contact with water during use.
Vinyl Graphics > Bottle Labels > Die-Cut Bottle Labels,Customization / Option,Die-Cut Bottle Labels,,Die-cut labels can be customized in unique shapes to fit your brand’s specific design requirements. They add an extra layer of visual appeal and are ideal for brands looking to stand out on the shelf.
Vinyl Graphics > Bottle Labels > Opaque Vinyl (White),Customization / Option,Opaque Vinyl (White),https://signsny.com/wp-content/uploads/2024/12/opaque-vinyl-nyc.jpg,"Durable, waterproof material that blocks the background and brings your design to life with high color contrast."
Vinyl Graphics > Bottle Labels > Clear Vinyl (Transparent),Customization / Option,Clear Vinyl (Transparent),https://signsny.com/wp-content/uploads/2024/12/clear-vinyl-nyc.jpg,"Ideal for a sleek, no-label look. Commonly used on cosmetic or beverage bottles where the product visibility matters."
Vinyl Graphics > Bottle Labels > Gloss Finish,Customization / Option,Gloss Finish,https://signsny.com/wp-content/uploads/2024/12/glossy-finishes-nyc.jpg,"Adds shine and vibrancy — great for personal care, drinks, or promotional packaging."
Vinyl Graphics > Bottle Labels > Matte Finish,Customization / Option,Matte Finish,https://signsny.com/wp-content/uploads/2024/12/matte-finishes-nyc.jpg,"Offers a soft, non-reflective surface with a clean, modern feel — perfect for premium or organic product lines."
Vinyl Graphics > Bottle Labels > Die Cut,Customization / Option,Die Cut,https://signsny.com/wp-content/uploads/elementor/thumbs/Die-Cut-Holographic-Decals-rix5fposlgbtru3e753v8e9ipahx00ogxyxln3g7n6.jpg,"Cut through both vinyl and backing, ideal for individual bottle labels with custom shapes. Easy to peel and apply."
Vinyl Graphics > Bottle Labels > Kiss Cut,Customization / Option,Kiss Cut,https://signsny.com/wp-content/uploads/elementor/thumbs/kiss-cut-holographic-rix5fx7i44m4cpsgz8cvscd7gdguplibn05hhb529e.jpg,"Only the vinyl is cut, backing remains intact. Useful for sets or kits, though less common for curved surfaces."
Vinyl Graphics > Bottle Labels > Top-Quality Printing,Customization / Option,Top-Quality Printing,https://signsny.com/wp-content/uploads/2024/11/Layer-29.jpg,"We use advanced printing techniques to ensure your labels have vibrant colors and sharp details that enhance your product’s appearance. No matter the design, our printing process ensures a crisp, professional result every time."
Vinyl Graphics > Bottle Labels > Custom Design Options,Customization / Option,Custom Design Options,https://signsny.com/wp-content/uploads/2024/11/Layer-30.jpg,"We offer full customization to ensure that your bottle labels match your brand’s identity. From material choices to finishes and size, you can tailor every aspect of your label to suit your product’s requirements."
Vinyl Graphics > Bottle Labels > Durability and Resilience,Customization / Option,Durability and Resilience,https://signsny.com/wp-content/uploads/2024/11/Layer-31.jpg,"Our labels are made to last. Whether your products are exposed to moisture, UV rays, or general wear and tear, our custom bottle labels are designed to stay intact and maintain their quality."
Vinyl Graphics > Bottle Labels > Quick Turnaround,Customization / Option,Quick Turnaround,https://signsny.com/wp-content/uploads/2024/11/Layer-32.png,"We understand the importance of deadlines, which is why we provide fast and reliable delivery to ensure your custom bottle labels arrive on time, every time."
Vinyl Graphics > Bottle Labels > Competitive Pricing,Customization / Option,Competitive Pricing,https://signsny.com/wp-content/uploads/2024/11/Layer-29.jpg,"We offer affordable pricing without sacrificing quality. Whether you need a small batch or a large order, Signs NYC offers flexible pricing options that fit your budget."
Vinyl Graphics > Bottle Labels > Expert Support,Customization / Option,Expert Support,https://signsny.com/wp-content/uploads/2024/11/Layer-30.jpg,Our team is here to assist you with everything from design to production. We work with you every step of the way to ensure your bottle labels meet your expectations and help elevate your product’s branding.
Vinyl Graphics > Die-Cut Stickers > Opaque Vinyl,Customization / Option,Opaque Vinyl,https://signsny.com/wp-content/uploads/2024/12/opaque-vinyl-nyc.jpg,"A bright, opaque base that makes colors pop, ideal for bold designs on any background."
Vinyl Graphics > Die-Cut Stickers > Clear Vinyl,Customization / Option,Clear Vinyl,https://signsny.com/wp-content/uploads/2024/12/clear-vinyl-nyc.jpg,"Transparent base that blends seamlessly onto surfaces, great for minimalist or no-background looks."
Vinyl Graphics > Die-Cut Stickers > Holographic,Customization / Option,Holographic,https://signsny.com/wp-content/uploads/2024/12/holographic-vinyl-nyc.jpg,"Reflective material that shifts colors under light, creating a rainbow-like, eye-catching effect."
Vinyl Graphics > Die-Cut Stickers > Glitter,Customization / Option,Glitter,https://signsny.com/wp-content/uploads/2024/12/glitter-vinyl-nyc.jpg,"Sparkly vinyl that adds shimmer and texture, perfect for festive or glamorous designs."
Vinyl Graphics > Die-Cut Stickers > Permanent,Customization / Option,Permanent,https://signsny.com/wp-content/uploads/2024/12/adhesive-permanent-nyc.jpg,"Strong, long-lasting adhesive that sticks firmly to most surfaces and is difficult to remove cleanly."
Vinyl Graphics > Die-Cut Stickers > Low Tack (Removable),Customization / Option,Low Tack (Removable),,"Easy to peel off without leaving residue, ideal for temporary use or repositioning."
Vinyl Graphics > Die-Cut Stickers > High Tack,Customization / Option,High Tack,,"Extra-strong hold for rough, textured, or challenging surfaces, ensuring stickers stay put."
Vinyl Graphics > Die-Cut Stickers > Glossy,Customization / Option,Glossy,https://signsny.com/wp-content/uploads/2024/12/glossy-finishes-nyc.jpg,"Shiny, smooth surface that enhances color vibrancy and gives a polished look."
Vinyl Graphics > Die-Cut Stickers > Matte,Customization / Option,Matte,https://signsny.com/wp-content/uploads/2024/12/matte-finishes-nyc.jpg,"Soft, non-reflective finish that reduces glare and gives a modern, elegant appearance."
Vinyl Graphics > Glitter Decals > Solid Color Glitter Decals,Customization / Option,Solid Color Glitter Decals,https://signsny.com/wp-content/uploads/2025/05/solid-color-glitter-decals-scaled.jpg,Single-color glitter designs for a sleek and consistent look.
Vinyl Graphics > Glitter Decals > Multi-Color Glitter Decals,Customization / Option,Multi-Color Glitter Decals,https://signsny.com/wp-content/uploads/2025/05/multi-color-custom-glitter-decals-scaled.jpg,Vibrant designs with a mix of glitter colors for a dazzling effect.
Vinyl Graphics > Glitter Decals > Transparent Glitter Decals,Customization / Option,Transparent Glitter Decals,https://signsny.com/wp-content/uploads/2025/05/transparent-glitter-decals-scaled.jpg,"Subtle glitter effects with a clear background, perfect for overlays."
Vinyl Graphics > Glitter Decals > Textured Glitter Decals,Customization / Option,Textured Glitter Decals,https://signsny.com/wp-content/uploads/2025/05/textured-glitter-decals-scaled.jpg,Bold designs with a noticeable glitter texture.
Vinyl Graphics > Holographic Decals > Rainbow Holographic Decals,Customization / Option,Rainbow Holographic Decals,https://signsny.com/wp-content/uploads/2025/05/Rainbow-Holographic-Decals.jpg,"Vibrant, multi-colored designs that shift hues based on lighting."
Vinyl Graphics > Holographic Decals > Die-Cut Holographic Decals,Customization / Option,Die-Cut Holographic Decals,https://signsny.com/wp-content/uploads/2025/05/Die-Cut-Holographic-Decals.jpg,Custom shapes tailored to your logo or specific design.
Vinyl Graphics > Holographic Decals > Static Cling Holographic Decals,Customization / Option,Static Cling Holographic Decals,https://signsny.com/wp-content/uploads/2025/05/Static-Cling-Holographic-Decals.jpg,Non-adhesive options for temporary displays.
Vinyl Graphics > Holographic Decals > Patterned Holographic Decals,Customization / Option,Patterned Holographic Decals,https://signsny.com/wp-content/uploads/2025/05/Patterned-Holographic-Decals.jpg,"Unique designs with textures like stripes, circles, or stars."
Vinyl Graphics > Holographic Decals > Rainbow Holographic Decals,Customization / Option,Rainbow Holographic Decals,https://signsny.com/wp-content/uploads/elementor/thumbs/Rainbow-Holographic-Decals-1-rix5fposlgbtru3e753v8e9ipahx00ogxyxln3g7n6.jpg,"Shiny, multi-colored vinyl that shifts hues with light and angle — bold and eye-catching."
Vinyl Graphics > Holographic Decals > Patterned Holographic Decals,Customization / Option,Patterned Holographic Decals,https://signsny.com/wp-content/uploads/elementor/thumbs/Patterned-Holographic-Decals-1-rix5fposlgbtru3e753v8e9ipahx00ogxyxln3g7n6.jpg,"Holographic vinyl with built-in textures like stars, stripes, or prisms for added depth and flair."
Vinyl Graphics > Holographic Decals > Die-Cut,Customization / Option,Die-Cut,https://signsny.com/wp-content/uploads/elementor/thumbs/die-cut-holographic-rix5ftg5csgz29xxl6qdidbd2tzdut3eahjjk7amya.jpg,"Cut precisely to your design’s shape (logo, icon, text) with no extra border."
Vinyl Graphics > Holographic Decals > Kiss-Cut,Customization / Option,Kiss-Cut,https://signsny.com/wp-content/uploads/elementor/thumbs/kiss-cut-holographic-rix5fx7i44m4cpsgz8cvscd7gdguplibn05hhb529e.jpg,"Only the top vinyl is cut, not the backing — easy to peel, great for sheets or packs."
Vinyl Graphics > Holographic Decals > Transfer Tape Application,Customization / Option,Transfer Tape Application,https://signsny.com/wp-content/uploads/elementor/thumbs/transper-tap-rix5g2uj94tuadka2asn7axz0op1zs4pns2ecywp82.jpg,Used for pre-spaced designs (like text or multiple parts). Keeps alignment perfect when applying vinyl lettering or logos.
Vinyl Graphics > Kiss-Cut Stickers > Opaque Vinyl,Customization / Option,Opaque Vinyl,https://signsny.com/wp-content/uploads/2024/12/opaque-vinyl-nyc.jpg,"A solid, non-transparent material that ensures vibrant print quality and completely hides the surface behind the sticker."
Vinyl Graphics > Kiss-Cut Stickers > Clear Vinyl,Customization / Option,Clear Vinyl,https://signsny.com/wp-content/uploads/2024/12/clear-vinyl-nyc.jpg,"A see-through option that blends into the surface, ideal for clean, borderless looks."
Vinyl Graphics > Kiss-Cut Stickers > Holographic,Customization / Option,Holographic,https://signsny.com/wp-content/uploads/elementor/thumbs/Rainbow-Holographic-Decals-rix5fposlgbtru3e753v8e9ipahx00ogxyxln3g7n6.jpg,"A prismatic finish that changes color with light, creating an eye-catching rainbow effect."
Vinyl Graphics > Kiss-Cut Stickers > Glitter,Customization / Option,Glitter,https://signsny.com/wp-content/uploads/2024/12/glitter-vinyl-nyc.jpg,"A sparkly surface that adds a festive, textured shine, perfect for playful or premium branding."
Vinyl Graphics > Kiss-Cut Stickers > Permanent,Customization / Option,Permanent,https://signsny.com/wp-content/uploads/2024/12/adhesive-permanent-nyc.jpg,Durable adhesive that sticks securely for long-term use and resists peeling.
Vinyl Graphics > Kiss-Cut Stickers > Low Tack (Removable),Customization / Option,Low Tack (Removable),,"Easy to peel off without residue, best for short-term promotions or temporary labels."
Vinyl Graphics > Kiss-Cut Stickers > High Tack,Customization / Option,High Tack,,"A stronger grip for difficult surfaces or outdoor conditions, offering long-lasting adhesion."
Vinyl Graphics > Kiss-Cut Stickers > Glossy,Customization / Option,Glossy,https://signsny.com/wp-content/uploads/2024/12/glossy-finishes-nyc.jpg,A shiny topcoat that enhances color vibrancy and visual appeal.
Vinyl Graphics > Kiss-Cut Stickers > Matte,Customization / Option,Matte,https://signsny.com/wp-content/uploads/2024/12/matte-finishes-nyc.jpg,"A smooth, glare-free surface for a sleek, modern look."
Vinyl Graphics > Product Labels > Opaque Vinyl (White),Customization / Option,Opaque Vinyl (White),https://signsny.com/wp-content/uploads/2024/12/opaque-vinyl-nyc.jpg,Great for packaging with colored surfaces — ensures your graphics pop with clarity.
Vinyl Graphics > Product Labels > Clear Vinyl (Transparent),Customization / Option,Clear Vinyl (Transparent),https://signsny.com/wp-content/uploads/2024/12/clear-vinyl-nyc.jpg,Perfect for glass jars or smooth containers where subtle branding is desired.
Vinyl Graphics > Product Labels > Gloss Finish,Customization / Option,Gloss Finish,https://signsny.com/wp-content/uploads/2024/12/glossy-finishes-nyc.jpg,"Reflective and eye-catching — ideal for retail, food, or beauty products."
Vinyl Graphics > Product Labels > Matte Finish,Customization / Option,Matte Finish,https://signsny.com/wp-content/uploads/2024/12/matte-finishes-nyc.jpg,"Non-glare, soft look that complements minimalist and high-end brands."
Vinyl Graphics > Product Labels > Die Cut,Customization / Option,Die Cut,https://signsny.com/wp-content/uploads/elementor/thumbs/Die-Cut-Holographic-Decals-rix5fposlgbtru3e753v8e9ipahx00ogxyxln3g7n6.jpg,"Shaped labels cut through vinyl and backing — great for direct application to jars, boxes, and containers."
Vinyl Graphics > Product Labels > Kiss Cut,Customization / Option,Kiss Cut,https://signsny.com/wp-content/uploads/elementor/thumbs/kiss-cut-holographic-rix5fx7i44m4cpsgz8cvscd7gdguplibn05hhb529e.jpg,"Vinyl is cut but the backing stays whole — ideal for kits, sets, or easy-peel label sheets."
Vinyl Graphics > Roll Labels > Opaque Vinyl (White),Customization / Option,Opaque Vinyl (White),https://signsny.com/wp-content/uploads/2024/12/opaque-vinyl-nyc.jpg,"Strong, flexible material that delivers vivid colors and a clean finish — perfect for high-speed production lines."
Vinyl Graphics > Roll Labels > Clear Vinyl (Transparent),Customization / Option,Clear Vinyl (Transparent),https://signsny.com/wp-content/uploads/2024/12/clear-vinyl-nyc.jpg,"Allows the product or container to show through — a popular choice for cosmetics, health, or beverage items."
Vinyl Graphics > Roll Labels > Gloss Finish,Customization / Option,Gloss Finish,https://signsny.com/wp-content/uploads/2024/12/glossy-finishes-nyc.jpg,"Bright, crisp finish that draws attention on shelves."
Vinyl Graphics > Roll Labels > Matte Finish,Customization / Option,Matte Finish,https://signsny.com/wp-content/uploads/2024/12/matte-finishes-nyc.jpg,"Smooth, non-reflective surface ideal for soft-touch or natural product packaging."
Vinyl Graphics > Roll Labels > Die Cut,Customization / Option,Die Cut,https://signsny.com/wp-content/uploads/elementor/thumbs/die-cut-holographic-rix5ftg5csgz29xxl6qdidbd2tzdut3eahjjk7amya.jpg,Cut to shape and spaced for smooth machine or hand application. Ideal for high-volume use.
Vinyl Graphics > Roll Labels > Kiss Cut,Customization / Option,Kiss Cut,https://signsny.com/wp-content/uploads/elementor/thumbs/kiss-cut-holographic-rix5fx7i44m4cpsgz8cvscd7gdguplibn05hhb529e.jpg,Vinyl is cut without cutting the backing. Useful for grouped labels or manual application.
Vinyl Graphics > Sticker Sheets > Opaque Vinyl,Customization / Option,Opaque Vinyl,https://signsny.com/wp-content/uploads/2024/12/opaque-vinyl-nyc.jpg,"A solid, full-coverage material that makes designs pop and hides any background."
Vinyl Graphics > Sticker Sheets > Clear Vinyl,Customization / Option,Clear Vinyl,https://signsny.com/wp-content/uploads/2024/12/clear-vinyl-nyc.jpg,"Transparent base that lets your surface show through, ideal for clean and subtle looks."
Vinyl Graphics > Sticker Sheets > Permanent,Customization / Option,Permanent,https://signsny.com/wp-content/uploads/2024/12/adhesive-permanent-nyc.jpg,Strong and reliable for long-term use on most smooth surfaces.
Vinyl Graphics > Sticker Sheets > Low Tack (Removable),Customization / Option,Low Tack (Removable),,"Easy to remove without leaving residue, great for temporary use or repositionable labels."
Vinyl Graphics > Sticker Sheets > Glossy,Customization / Option,Glossy,https://signsny.com/wp-content/uploads/2024/12/glossy-finishes-nyc.jpg,"Adds a bright, reflective shine that makes colors stand out."
Vinyl Graphics > Sticker Sheets > Matte,Customization / Option,Matte,https://signsny.com/wp-content/uploads/2024/12/matte-finishes-nyc.jpg,"A flat, smooth surface that softens glare for a more refined appearance."
Vinyl Graphics > Sticker Sheets > Holographic,Customization / Option,Holographic,https://signsny.com/wp-content/uploads/2024/12/holographic-vinyl-nyc.jpg,"Reflective material that shifts colors with light, adding a striking, futuristic effect."
Vinyl Graphics > Sticker Sheets > Glitter,Customization / Option,Glitter,https://signsny.com/wp-content/uploads/2024/12/glitter-vinyl-nyc.jpg,"A sparkly, textured finish that draws attention and adds flair to your designs."
Vinyl Graphics > Sticker Sheets > Premium Quality Printing:,Customization / Option,Premium Quality Printing:,https://signsny.com/wp-content/uploads/2024/11/Layer-29.jpg,We use advanced printing technology to ensure that your stickers have vibrant colors and crisp designs.
Vinyl Graphics > Sticker Sheets > Custom Designs:,Customization / Option,Custom Designs:,https://signsny.com/wp-content/uploads/2024/11/Layer-30.jpg,"From unique shapes and sizes to full-color prints, our sticker sheets are fully customizable to meet your specific needs."
Vinyl Graphics > Sticker Sheets > Durable Materials:,Customization / Option,Durable Materials:,https://signsny.com/wp-content/uploads/2024/11/Layer-31.jpg,Choose from high-quality materials like vinyl to ensure your stickers are long-lasting and suitable for various applications.
Vinyl Graphics > Sticker Sheets > Fast Turnaround Time:,Customization / Option,Fast Turnaround Time:,https://signsny.com/wp-content/uploads/2024/11/Layer-32.png,We offer quick production and shipping to ensure that your stickers arrive when you need them.
Vinyl Graphics > Sticker Sheets > Affordable Pricing:,Customization / Option,Affordable Pricing:,https://signsny.com/wp-content/uploads/2024/11/Layer-29.jpg,"We offer competitive pricing without compromising on quality, so you can get high-quality custom sticker sheets within your budget."
Vinyl Graphics > Sticker Sheets > Expert Support:,Customization / Option,Expert Support:,https://signsny.com/wp-content/uploads/2024/11/Layer-30.jpg,Our team of experts is here to assist you in designing the perfect sticker sheets and ensuring your order is just right.
Vinyl Graphics > Transfer Stickers > Solid Vinyl (Black or White),Customization / Option,Solid Vinyl (Black or White),https://signsny.com/wp-content/uploads/2024/12/opaque-vinyl-nyc.jpg,"Durable, high-performance vinyl cut into shapes or letters without a printed background. Offered in classic black or white for bold contrast and clean visibility."
Vinyl Graphics > Transfer Stickers > Permanent,Customization / Option,Permanent,https://signsny.com/wp-content/uploads/2024/12/adhesive-permanent-nyc.jpg,"Long-lasting adhesive designed for smooth, clean applications that stay put over time."
Vinyl Graphics > Transfer Stickers > High Tack,Customization / Option,High Tack,,"Extra-strong grip, perfect for rough or textured surfaces."
Indoor Signs > Office Signs > Types > Identification Signs,Type,Identification Signs,https://signsny.com/wp-content/uploads/2025/09/custom-identification-signage.jpg.webp,"Room nameplates, door plaques, desk and cubicle tags, suite numbers, and ADA Braille room IDs that make every space easy to recognize."
Indoor Signs > Office Signs > Types > Informational Signs,Type,Informational Signs,https://signsny.com/wp-content/uploads/2025/09/custom-identification-sign-nyc.jpg.webp,
Indoor Signs > Office Signs > Types > Regulatory Signs,Type,Regulatory Signs,https://signsny.com/wp-content/uploads/2025/09/custom-regulatory-signage-nyc-1.jpg.webp,
Indoor Signs > Office Signs > Types > Wayfinding Signs,Type,Wayfinding Signs,https://signsny.com/wp-content/uploads/2025/02/custom-outdoor-wayfinding-signage-nyc-scaled.jpg.webp,
Indoor Signs > Office Signs > Types > Directory Signs,Type,Directory Signs,https://signsny.com/wp-content/uploads/2025/09/custom-lobby-signage-nyc.jpg.webp,
Indoor Signs > Office Signs > Types > Lobby & Reception Signs,Type,Lobby & Reception Signs,https://signsny.com/wp-content/uploads/2025/09/custom-pvc-signage-nyc-scaled.jpg.webp,
Indoor Signs > Office Signs > Designs > custom identification signage,Design,custom identification signage,https://signsny.com/wp-content/uploads/2025/09/custom-identification-signage.jpg.webp,Design showcase image from Office Signs
Indoor Signs > Office Signs > Designs > custom office door signage ny,Design,custom office door signage ny,https://signsny.com/wp-content/uploads/2024/12/custom-office-door-signage-ny.jpg.webp,Design showcase image from Office Signs
Indoor Signs > Office Signs > Designs > custom office signs ny,Design,custom office signs ny,https://signsny.com/wp-content/uploads/2024/12/custom-office-signs-ny.jpeg.webp,Design showcase image from Office Signs
Indoor Signs > Office Signs > Designs > custom office door signage,Design,custom office door signage,https://signsny.com/wp-content/uploads/2024/12/custom-office-door-signage.jpeg.webp,Design showcase image from Office Signs
Indoor Signs > Office Signs > Designs > best custom regulatory signs,Design,best custom regulatory signs,https://signsny.com/wp-content/uploads/2025/09/best-custom-regulatory-signs.jpg.webp,Design showcase image from Office Signs
Indoor Signs > Office Signs > Designs > custom office door signs,Design,custom office door signs,https://signsny.com/wp-content/uploads/2024/12/custom-office-door-signs.jpg.webp,Design showcase image from Office Signs
Indoor Signs > Metal Letters > Types > Flat Cut Metal,Type,Flat Cut Metal,https://signsny.com/wp-content/uploads/2025/10/Flat-Cut-Metal.jpg,
Indoor Signs > Metal Letters > Types > Cast Metal,Type,Cast Metal,https://signsny.com/wp-content/uploads/2025/10/Cast-Metal.jpg,"Solid letters formed from molten metal, offering a durable, high-end, and dimensional look."
Indoor Signs > Metal Letters > Types > Fabricated Metal,Type,Fabricated Metal,https://signsny.com/wp-content/uploads/2025/10/Fabricated-Metal.jpg,"Multi-piece letters welded together for custom depth, shape, and premium architectural appeal."
Indoor Signs > Metal Letters > Designs > metal letters 11,Design,metal letters 11,https://signsny.com/wp-content/uploads/2024/11/metal-letters-11.jpg,Design showcase image from Metal Letters
Indoor Signs > Metal Letters > Designs > custom metal letters nyc,Design,custom metal letters nyc,https://signsny.com/wp-content/uploads/2025/09/custom-metal-letters-nyc.jpg,Design showcase image from Metal Letters
Indoor Signs > Metal Letters > Designs > citi medal metal letters sign,Design,citi medal metal letters sign,https://signsny.com/wp-content/uploads/2024/11/citi-medal-metal-letters-sign.jpg,Design showcase image from Metal Letters
Indoor Signs > Metal Letters > Designs > custom metal letters ny,Design,custom metal letters ny,https://signsny.com/wp-content/uploads/2025/10/custom-metal-letters-ny.jpg,Design showcase image from Metal Letters
Indoor Signs > Metal Letters > Designs > custom metal lettering nyc,Design,custom metal lettering nyc,https://signsny.com/wp-content/uploads/2025/10/custom-metal-lettering-nyc.jpg,Design showcase image from Metal Letters
Indoor Signs > Metal Letters > Designs > custom metal lettering for walls nyc,Design,custom metal lettering for walls nyc,https://signsny.com/wp-content/uploads/2025/10/custom-metal-lettering-for-walls-nyc.jpg,Design showcase image from Metal Letters
Indoor Signs > Metal Letters > Designs > custom metal letters for wall nyc,Design,custom metal letters for wall nyc,https://signsny.com/wp-content/uploads/2025/10/custom-metal-letters-for-wall-nyc.jpg,Design showcase image from Metal Letters
Indoor Signs > Metal Letters > Designs > flushing oral surgery metal letters signs new york,Design,flushing oral surgery metal letters signs new york,https://signsny.com/wp-content/uploads/2025/06/flushing-oral-surgery-metal-letters-signs-new-york.jpg,Design showcase image from Metal Letters
Indoor Signs > Metal Letters > Designs > feedvisor metal letters,Design,feedvisor metal letters,https://signsny.com/wp-content/uploads/2024/11/feedvisor-metal-letters.jpg,Design showcase image from Metal Letters
Indoor Signs > Plastic Letters > Types > Flat Cut Acrylic,Type,Flat Cut Acrylic,https://signsny.com/wp-content/uploads/2025/10/custom-flat-cut-nyc.jpg,
Indoor Signs > Plastic Letters > Types > Formed Plastic,Type,Formed Plastic,https://signsny.com/wp-content/uploads/2025/10/custom-formed-plastic-nyc.jpg,"Created by molding plastic into 3D shapes with smooth, rounded edges, these letters provide a bold, dimensional look that adds depth and visual interest. Ideal for reception areas, corporate logos, and storefronts, they combine aesthetic appeal with long-lasting performance."
Indoor Signs > Plastic Letters > Types > Injection Molded,Type,Injection Molded,https://signsny.com/wp-content/uploads/2025/10/custom-injection-molded-nyc.jpg,"Manufactured through high-pressure injection molding, these letters are solid, extremely durable, and weather-resistant, making them perfect for high-traffic areas, outdoor signage, and long-term installations. Their consistent quality and strength ensure your brand signage remains pristine over time."
Indoor Signs > Plastic Letters > Designs > plastic-acrylic-letters-for-lancaster.jpg,Design,plastic-acrylic-letters-for-lancaster.jpg,https://signsny.com/wp-content/uploads/2025/07/plastic-acrylic-letters-for-lancaster.jpg,Design showcase image from Plastic Letters
Indoor Signs > Plastic Letters > Designs > custom molded plastic lettering nyc,Design,custom molded plastic lettering nyc,https://signsny.com/wp-content/uploads/2025/10/custom-molded-plastic-lettering-nyc.jpg,Design showcase image from Plastic Letters
Indoor Signs > Plastic Letters > Designs > best custom plastic letters,Design,best custom plastic letters,https://signsny.com/wp-content/uploads/2024/12/best-custom-plastic-letters.jpg,Design showcase image from Plastic Letters
Indoor Signs > Plastic Letters > Designs > custom molded plastic lettering ny,Design,custom molded plastic lettering ny,https://signsny.com/wp-content/uploads/2025/10/custom-molded-plastic-lettering-ny.jpg,Design showcase image from Plastic Letters
Indoor Signs > Plastic Letters > Designs > custom acrylic letters signs ny,Design,custom acrylic letters signs ny,https://signsny.com/wp-content/uploads/2025/10/custom-acrylic-letters-signs-ny.jpg,Design showcase image from Plastic Letters
Indoor Signs > Plastic Letters > Designs > Custom 3d Dimentional signages nyc,Design,Custom 3d Dimentional signages nyc,https://signsny.com/wp-content/uploads/2025/10/Custom-3d-Dimentional-signages-nyc.jpg,Design showcase image from Plastic Letters
Indoor Signs > Plastic Letters > Designs > business plastic letters nyc,Design,business plastic letters nyc,https://signsny.com/wp-content/uploads/2024/12/business-plastic-letters-nyc.jpg,Design showcase image from Plastic Letters
Indoor Signs > Plastic Letters > Designs > best custom plastic letters nyc,Design,best custom plastic letters nyc,https://signsny.com/wp-content/uploads/2025/10/best-custom-plastic-letters-nyc.jpg,Design showcase image from Plastic Letters
Indoor Signs > Plastic Letters > Designs > custom injection molded plastic letters nyc,Design,custom injection molded plastic letters nyc,https://signsny.com/wp-content/uploads/2025/10/custom-injection-molded-plastic-letters-nyc.jpg,Design showcase image from Plastic Letters
Indoor Signs > Neon Signs > Types > Open Face Neon Signs,Type,Open Face Neon Signs,https://signsny.com/wp-content/uploads/2024/12/open-face-neon-signs.jpg,"Whether as part of a channel letter or forming the letters and words itself, the neon tubes in this style of sign are visible, not covered by acrylic or any other material on the sign."
Indoor Signs > Neon Signs > Types > On Glass Neon Signs,Type,On Glass Neon Signs,https://signsny.com/wp-content/uploads/2024/12/on-glass-neon-signs.jpg,
Indoor Signs > Neon Signs > Types > Swinging Neon Signs,Type,Swinging Neon Signs,https://signsny.com/wp-content/uploads/2024/12/swinging-neon-signs.jpg,
Indoor Signs > Neon Signs > Types > Neon Letter Signs,Type,Neon Letter Signs,https://signsny.com/wp-content/uploads/2024/12/neon-letter-signs.jpg,
Indoor Signs > Neon Signs > Types > Custom Neon Signs,Type,Custom Neon Signs,https://signsny.com/wp-content/uploads/2024/12/custom-neon-signs.jpg,
Indoor Signs > Neon Signs > Types > Retro Neon Signs,Type,Retro Neon Signs,https://signsny.com/wp-content/uploads/2024/12/retro-neon-signs.jpg,"If you know what you want your NYC neon sign to look like, we can make it for you. We have experience in making all kinds of signs for businesses in all kinds of industries."
Indoor Signs > ADA Signs > Types > Directional Signs,Type,Directional Signs,https://signsny.com/wp-content/uploads/2023/01/commercial-building-directional-signs-new-york.jpg,"Indicate exits, elevators, and emergency routes."
Indoor Signs > ADA Signs > Types > Braille Restroom Signs,Type,Braille Restroom Signs,https://signsny.com/wp-content/uploads/2024/12/braille-restroom-sign.jpg,Clear and accessible restroom indicators.
Indoor Signs > ADA Signs > Types > Wayfinding Signs,Type,Wayfinding Signs,https://signsny.com/wp-content/uploads/2023/01/office-wayfinding-directional-signs-nyc.jpg,Help visitors navigate your space with ease.
Indoor Signs > ADA Signs > Types > Parking Signs,Type,Parking Signs,https://signsny.com/wp-content/uploads/2024/12/parking-sign-ny.jpg,ADA-compliant reserved parking spaces.
Indoor Signs > Aisle Signs > Types > Ceiling-Mounted Aisle Signs,Type,Ceiling-Mounted Aisle Signs,https://signsny.com/wp-content/uploads/2024/12/grocery-store-aisle-signs.jpg,"Retail, Market and Warehouse Signs"
Indoor Signs > Aisle Signs > Types > Freestanding Aisle Signs,Type,Freestanding Aisle Signs,https://signsny.com/wp-content/uploads/2024/12/grocery-store-aisle-signs.jpg,"Retail, Market and Warehouse Signs"
Indoor Signs > Aisle Signs > Types > Wall-Mounted Aisle Signs,Type,Wall-Mounted Aisle Signs,https://signsny.com/wp-content/uploads/2024/12/grocery-store-aisle-signs.jpg,"Retail, Market and Warehouse Signs"
Indoor Signs > Aisle Signs > Types > Shelf Labels and Tags,Type,Shelf Labels and Tags,https://signsny.com/wp-content/uploads/2024/12/grocery-store-aisle-signs.jpg,"Retail, Market and Warehouse Signs"
Indoor Signs > Directory Signs > Designs > next level wayfinding sign nyc,Design,next level wayfinding sign nyc,https://signsny.com/wp-content/uploads/2025/02/next-level-wayfinding-sign-nyc.jpg,Design showcase image from Directory Signs
Indoor Signs > Directory Signs > Designs > building wayfinding signs new york city,Design,building wayfinding signs new york city,https://signsny.com/wp-content/uploads/2023/01/building-wayfinding-signs-new-york-city.jpg,Design showcase image from Directory Signs
Indoor Signs > Directory Signs > Designs > office wayfinding signage nyc,Design,office wayfinding signage nyc,https://signsny.com/wp-content/uploads/2023/01/office-wayfinding-signage-nyc.jpg,Design showcase image from Directory Signs
Indoor Signs > Directory Signs > Designs > building floor number wayfinding sign,Design,building floor number wayfinding sign,https://signsny.com/wp-content/uploads/2023/01/building-floor-number-wayfinding-sign.jpg,Design showcase image from Directory Signs
Indoor Signs > Directory Signs > Designs > office wayfinding and directional signs new york city,Design,office wayfinding and directional signs new york city,https://signsny.com/wp-content/uploads/2023/01/office-wayfinding-directional-signs-nyc.jpg,Design showcase image from Directory Signs
Indoor Signs > Directory Signs > Designs > wayfinding signage guide nyc,Design,wayfinding signage guide nyc,https://signsny.com/wp-content/uploads/2023/01/wayfinding-signage-guide-new-york.png,Design showcase image from Directory Signs
Indoor Signs > Foam Letters > Types > Laminated Foam Letters,Type,Laminated Foam Letters,https://signsny.com/wp-content/uploads/2025/10/custom-laminated-foam-letters-nyc.jpg,"Foam letters finished with a protective laminated face, offering a smooth, professional look with added strength."
Indoor Signs > Foam Letters > Types > Acrylic Laminated Foam Letters,Type,Acrylic Laminated Foam Letters,https://signsny.com/wp-content/uploads/2025/10/custom-acrylic-laminated-foam-letters.jpg,
Indoor Signs > Foam Letters > Types > Metal Foil Laminated Foam Letters,Type,Metal Foil Laminated Foam Letters,https://signsny.com/wp-content/uploads/2025/10/custom-metal-foil-laminated-foam-letters.jpg,Foam letters laminated with a thin metal foil to achieve a metallic appearance without the weight of solid metal.
Indoor Signs > Foam Letters > Designs > best custom foam letters near me,Design,best custom foam letters near me,https://signsny.com/wp-content/uploads/2025/10/best-custom-foam-letters-near-me.jpg,Design showcase image from Foam Letters
Indoor Signs > Foam Letters > Designs > best custom foam letters nyc,Design,best custom foam letters nyc,https://signsny.com/wp-content/uploads/2025/10/best-custom-foam-letters-nyc-1.jpg,Design showcase image from Foam Letters
Indoor Signs > Foam Letters > Designs > best custom foam letters signs near me,Design,best custom foam letters signs near me,https://signsny.com/wp-content/uploads/2025/10/best-custom-foam-letters-signs-near-me.jpg,Design showcase image from Foam Letters
Indoor Signs > Foam Letters > Designs > custom foam letters near me,Design,custom foam letters near me,https://signsny.com/wp-content/uploads/2025/10/custom-foam-letters-near-me.jpg,Design showcase image from Foam Letters
Indoor Signs > Foam Letters > Designs > custom foam letters signage near me,Design,custom foam letters signage near me,https://signsny.com/wp-content/uploads/2025/10/custom-foam-letters-signage-near-me.jpg,Design showcase image from Foam Letters
Indoor Signs > Foam Letters > Designs > custom foam letters signage ny,Design,custom foam letters signage ny,https://signsny.com/wp-content/uploads/2025/10/custom-foam-letters-signage-ny.jpg,Design showcase image from Foam Letters
Indoor Signs > Foam Letters > Designs > custom foam letters signage nyc,Design,custom foam letters signage nyc,https://signsny.com/wp-content/uploads/2025/10/custom-foam-letters-signage-nyc.jpg,Design showcase image from Foam Letters
Indoor Signs > Foam Letters > Designs > foam letters new york city company,Design,foam letters new york city company,https://signsny.com/wp-content/uploads/2024/12/foam-letters-new-york-city-company.jpg,Design showcase image from Foam Letters
Indoor Signs > Foam Letters > Designs > Design 09,Design,Design 09,https://signsny.com/wp-content/uploads/2025/10/custom-foam-letters-signs.jpg,Design showcase image from Foam Letters
Indoor Signs > PVC Letters > Designs > best custom pvc letters nyc,Design,best custom pvc letters nyc,https://signsny.com/wp-content/uploads/2025/10/best-custom-pvc-letters-nyc.jpg.webp,Design showcase image from PVC Letters
Indoor Signs > PVC Letters > Designs > best custom pvc signage ny,Design,best custom pvc signage ny,https://signsny.com/wp-content/uploads/2025/10/best-custom-pvc-signage-ny.jpg.webp,Design showcase image from PVC Letters
Indoor Signs > PVC Letters > Designs > best custom pvc signage nyc,Design,best custom pvc signage nyc,https://signsny.com/wp-content/uploads/2025/10/best-custom-pvc-signage-nyc.jpg.webp,Design showcase image from PVC Letters
Indoor Signs > PVC Letters > Designs > custom pvc lettering ny,Design,custom pvc lettering ny,https://signsny.com/wp-content/uploads/2025/10/custom-pvc-lettering-ny.jpg.webp,Design showcase image from PVC Letters
Indoor Signs > PVC Letters > Designs > custom pvc lettering nyc,Design,custom pvc lettering nyc,https://signsny.com/wp-content/uploads/2025/10/custom-pvc-lettering-nyc.jpg.webp,Design showcase image from PVC Letters
Indoor Signs > PVC Letters > Designs > Design 06,Design,Design 06,https://signsny.com/wp-content/uploads/2025/10/custom-pvc-letters-near-me.jpg.webp,Design showcase image from PVC Letters
Indoor Signs > Regulatory Signs > Types > Stairwells,Type,Stairwells,https://signsny.com/wp-content/uploads/2025/09/custom-regulatory-signage-ny.jpg,Stairwell signs guide people to safe exit routes and improve navigation during emergencies. Clear labeling ensures compliance and easy identification.
Indoor Signs > Regulatory Signs > Types > Elevators,Type,Elevators,https://signsny.com/wp-content/uploads/2025/09/custom-regulatory-signs-ny.jpg,"Elevator signs display rules, capacities, and accessibility details, keeping usage safe and organized for tenants and visitors."
Indoor Signs > Regulatory Signs > Types > Fire exits,Type,Fire exits,https://signsny.com/wp-content/uploads/2025/09/custom-regulatory-signage-1.jpg,"Fire exit signs provide clear directions during emergencies, ensuring safe evacuation and compliance with safety standards."
Indoor Signs > Regulatory Signs > Types > Entryways,Type,Entryways,https://signsny.com/wp-content/uploads/2025/09/best-custom-regulatory-signage-2.jpg,"Entryway signs mark access points, control building flow, and enhance both security and professionalism."
Indoor Signs > Regulatory Signs > Designs > custom regulatory signs nyc,Design,custom regulatory signs nyc,https://signsny.com/wp-content/uploads/2025/09/custom-regulatory-signs-nyc.jpg,Design showcase image from Regulatory Signs
Indoor Signs > Regulatory Signs > Designs > custom regulatory signs ny,Design,custom regulatory signs ny,https://signsny.com/wp-content/uploads/2025/09/custom-regulatory-signs-ny.jpg,Design showcase image from Regulatory Signs
Indoor Signs > Regulatory Signs > Designs > custom regulatory signage,Design,custom regulatory signage,https://signsny.com/wp-content/uploads/2025/09/custom-regulatory-signage-1.jpg,Design showcase image from Regulatory Signs
Indoor Signs > Regulatory Signs > Designs > custom regulatory signage nyc,Design,custom regulatory signage nyc,https://signsny.com/wp-content/uploads/2025/09/custom-regulatory-signage-nyc-1.jpg,Design showcase image from Regulatory Signs
Indoor Signs > Regulatory Signs > Designs > custom regulatory signage ny,Design,custom regulatory signage ny,https://signsny.com/wp-content/uploads/2025/09/custom-regulatory-signage-ny.jpg,Design showcase image from Regulatory Signs
Indoor Signs > Regulatory Signs > Designs > best custom regulatory signs,Design,best custom regulatory signs,https://signsny.com/wp-content/uploads/2025/09/best-custom-regulatory-signs-1.jpg,Design showcase image from Regulatory Signs
Indoor Signs > Regulatory Signs > Designs > best custom regulatory signs nyc,Design,best custom regulatory signs nyc,https://signsny.com/wp-content/uploads/2025/09/best-custom-regulatory-signs-nyc-1.jpg,Design showcase image from Regulatory Signs
Indoor Signs > Regulatory Signs > Designs > best custom regulatory signs ny,Design,best custom regulatory signs ny,https://signsny.com/wp-content/uploads/2025/09/best-custom-regulatory-signs-ny-1.jpg,Design showcase image from Regulatory Signs
Indoor Signs > Regulatory Signs > Designs > best custom regulatory signage,Design,best custom regulatory signage,https://signsny.com/wp-content/uploads/2025/09/best-custom-regulatory-signage-2.jpg,Design showcase image from Regulatory Signs
Outdoor Signs > Retractable Awnings > Types > Full Cassette,Type,Full Cassette,https://signsny.com/wp-content/uploads/2024/12/full-cassette-awning.jpg,"In these awnings, when the awning cover is retracted or pulled back, the fabric along with the awning arms sweeps inside the metal cassette completely. It protects the fabric and arms from weather when not in use."
Outdoor Signs > Retractable Awnings > Types > Semi Cassette,Type,Semi Cassette,https://signsny.com/wp-content/uploads/2024/12/semi-cassette-awning.jpg,"In these awnings, the fabric and awning arms are just partially covered by the metal cassette. It is between full cassette and open awning. It is a good choice for somewhat more sheltered areas."
Outdoor Signs > Retractable Awnings > Types > Motorized Awnings,Type,Motorized Awnings,https://signsny.com/wp-content/uploads/2023/01/motorized-retractable-awnings-new-york.jpg,These are easy to use as they have a motor attached to them which operates when connected to electricity. It gives you options to retract the awning either with a switch or remote control. These are mostly used for commercial purposes especially by big open-area restaurants.
Outdoor Signs > Retractable Awnings > Types > Open,Type,Open,https://signsny.com/wp-content/uploads/2024/12/opn-awning.jpg,It doesn’t have any metal cassette enclosure to protect the fabric when not in use. It is a good option for sheltered areas or areas where weather isn’t that harsh.
Outdoor Signs > Retractable Awnings > Types > Manual,Type,Manual,https://signsny.com/wp-content/uploads/2024/12/manual-awning.jpg,"You can retract the cover manually by hand. For this purpose, there are winding handles attached to the metal bar of the awnings. You wind them and the cover gets retracted to the cassette."
Outdoor Signs > Vestibules > Designs > commercial winter vestibules for businesses,Design,commercial winter vestibules for businesses,https://signsny.com/wp-content/uploads/2025/04/commercial-winter-vestibules-for-businesses.jpg,Design showcase image from Vestibules
Outdoor Signs > Vestibules > Designs > vestibule pink new jersey,Design,vestibule pink new jersey,https://signsny.com/wp-content/uploads/2025/04/vestibule-pink-new-jersey.jpg,Design showcase image from Vestibules
Outdoor Signs > Vestibules > Designs > vestibules building and installation,Design,vestibules building and installation,https://signsny.com/wp-content/uploads/2025/04/vestibules-building-and-installation.jpg,Design showcase image from Vestibules
Outdoor Signs > Vestibules > Designs > outdoor winter vestibule for raclette,Design,outdoor winter vestibule for raclette,https://signsny.com/wp-content/uploads/2025/04/outdoor-winte-vestibuel-for-raclette.jpg,Design showcase image from Vestibules
Outdoor Signs > Vestibules > Designs > best vestibules in newyork,Design,best vestibules in newyork,https://signsny.com/wp-content/uploads/2025/06/best-vestibules-in-newyork.jpg,Design showcase image from Vestibules
Outdoor Signs > Vestibules > Designs > outdoor-vestibule-for-dentistry.jpg,Design,outdoor-vestibule-for-dentistry.jpg,https://signsny.com/wp-content/uploads/2025/04/outdoor-vestibule-for-dentistry.jpg,Design showcase image from Vestibules
Outdoor Signs > Vestibules > Designs > social justice vestibules in newyork,Design,social justice vestibules in newyork,https://signsny.com/wp-content/uploads/2025/06/social-justice-vestibules-in-newyork.jpg,Design showcase image from Vestibules
Outdoor Signs > Vestibules > Designs > Blue temporary vestibule in nyc,Design,Blue temporary vestibule in nyc,https://signsny.com/wp-content/uploads/2025/11/Blue-temporary-vestibule-in-nyc.jpg,Design showcase image from Vestibules
Outdoor Signs > Vestibules > Designs > winter entrance enclosure for restaurant nyc,Design,winter entrance enclosure for restaurant nyc,https://signsny.com/wp-content/uploads/2025/11/winter-entrance-enclosure-for-restaurant-nyc.jpg,Design showcase image from Vestibules
Outdoor Signs > Blade Signs > Designs > outdoor square blade signs,Design,outdoor square blade signs,https://signsny.com/wp-content/uploads/2026/04/outdoor-square-blade-signs.jpg,Design showcase image from Blade Signs
Outdoor Signs > Blade Signs > Designs > Flat Panel Blade Signs,Design,Flat Panel Blade Signs,https://signsny.com/wp-content/uploads/2026/04/Flat-Panel-Blade-Signs.jpg,Design showcase image from Blade Signs
Outdoor Signs > Blade Signs > Designs > Custom Die-Cut Aluminum blade signs,Design,Custom Die-Cut Aluminum blade signs,https://signsny.com/wp-content/uploads/2026/04/Custom-Die-Cut-Aluminum-blade-signs.jpg,Design showcase image from Blade Signs
Outdoor Signs > Blade Signs > Designs > Non illuminated Blade signs,Design,Non illuminated Blade signs,https://signsny.com/wp-content/uploads/2026/04/Non-illuminated-Blade-signs.jpg,Design showcase image from Blade Signs
Outdoor Signs > Blade Signs > Designs > illuminated blade signs nyc,Design,illuminated blade signs nyc,https://signsny.com/wp-content/uploads/2026/04/illuminated-blade-signs-nyc-1.jpg,Design showcase image from Blade Signs
Outdoor Signs > Blade Signs > Designs > Dimensional Letter Blade signs,Design,Dimensional Letter Blade signs,https://signsny.com/wp-content/uploads/2026/04/Dimensional-Letter-Blade-signs.jpg,Design showcase image from Blade Signs
Outdoor Signs > Blade Signs > Designs > outdoor blade swinging sign in manhattan,Design,outdoor blade swinging sign in manhattan,https://signsny.com/wp-content/uploads/2026/03/custom-blade-signage-for-jewelry-shops.jpg,Design showcase image from Blade Signs
Outdoor Signs > Blade Signs > Designs > custom blade signs ny,Design,custom blade signs ny,https://signsny.com/wp-content/uploads/2025/11/custom-blade-signs-ny.jpg,Design showcase image from Blade Signs
Outdoor Signs > Aluminum Metal Signs > Types > Flat Sign Without Frame,Type,Flat Sign Without Frame,https://signsny.com/wp-content/uploads/2024/12/flat-signs-without-frame.jpg,"Sleek, unbordered signage option that offers a modern, minimalistic look, directly mounted onto a surface."
Outdoor Signs > Aluminum Metal Signs > Types > Flat Sign with Frame,Type,Flat Sign with Frame,https://signsny.com/wp-content/uploads/2024/12/flat-sign-with-frame.jpg,"Incorporates a border around the signage, enhancing its visual appeal and structure, and often aids in durability and installation."
Outdoor Signs > Aluminum Metal Signs > Types > Tin Signs,Type,Tin Signs,https://signsny.com/wp-content/uploads/2024/12/tin-metal-signs-nyc.jpg,These signs are evocative of retro signs. You can get them in custom different designs and colors. You can also get them painted.
Outdoor Signs > Channel Letters > Types > Front-Lit Channel Letters,Type,Front-Lit Channel Letters,https://signsny.com/wp-content/uploads/2024/12/yellow-channel-letters.jpg,"The most popular option, featuring illumination from the front face for vibrant visibility."
Outdoor Signs > Channel Letters > Types > Back-Lit Channel Letters,Type,Back-Lit Channel Letters,https://signsny.com/wp-content/uploads/2024/12/claires-channel-letter-nyc.jpg,"Also known as halo-lit signs, these create a soft, glowing effect behind each letter for a sophisticated look."
Outdoor Signs > Channel Letters > Types > Combination-Lit Channel Letters,Type,Combination-Lit Channel Letters,https://signsny.com/wp-content/uploads/2024/12/commercial-channel-letters.jpg,A mix of front and back-lit illumination for maximum impact and creativity.
Outdoor Signs > Channel Letters > Types > Open Face Channel Letters,Type,Open Face Channel Letters,https://signsny.com/wp-content/uploads/2025/07/dream-town-real-estate-backlit-channel-letter.jpg,"These expose the internal lighting, typically neon or LEDs, for a retro or striking appearance."
Outdoor Signs > Lollipop Signs > Types > Circular Handheld Paddle,Type,Circular Handheld Paddle,https://signsny.com/wp-content/uploads/2024/12/custom-lollipop-sign-nyc.jpeg,Round paddles designed for visibility in traffic and event settings.
Outdoor Signs > Lollipop Signs > Types > Ergonomic Handheld Paddle,Type,Ergonomic Handheld Paddle,https://signsny.com/wp-content/uploads/2024/12/Stop-lollipop-signs-nyc.png,Comfortable grip paddles for extended use in busy environments.Size: 11 in x 16 inAvailable in Stock
Outdoor Signs > Lollipop Signs > Types > Oval Hand Paddles,Type,Oval Hand Paddles,https://signsny.com/wp-content/uploads/2024/12/gilded-ritual-lollipop-sign-nyc.png,"Elegant oval paddles for clear, stylish communication and branding.Size: 11 in x 14 inAvailable in Stock"
Outdoor Signs > Lollipop Signs > Types > Hand Held Square Paddle,Type,Hand Held Square Paddle,https://signsny.com/wp-content/uploads/2024/12/fast-forward-lollipop-sign-nyc.png,Versatile square paddles for traffic control and promotional events.Size: 11 in x 12 inAvailable in Stock
Outdoor Signs > Lollipop Signs > Types > Oblong Handheld Paddle,Type,Oblong Handheld Paddle,https://signsny.com/wp-content/uploads/2024/12/handheld-lollipop-sign-nyc.png,Sleek oblong paddles perfect for directional and safety messaging.Size: 10 in x 12 inAvailable in Stock
Outdoor Signs > Lollipop Signs > Types > Long Hand Held Signs,Type,Long Hand Held Signs,https://signsny.com/wp-content/uploads/2024/12/brooklyn-kura-lollipop-sign.png,Elongated signs offering high visibility for messages and directions.Size: 8.5 in x 25 inAvailable in Stock
Outdoor Signs > Sidewalk Barriers > Designs > sidewalk cafe barriers nyc,Design,sidewalk cafe barriers nyc,https://signsny.com/wp-content/uploads/2026/05/sidewalk-cafe-barriers-nyc.jpg,Design showcase image from Sidewalk Barriers
Outdoor Signs > Sidewalk Barriers > Designs > sidewalk cafe barriers ny,Design,sidewalk cafe barriers ny,https://signsny.com/wp-content/uploads/2026/05/sidewalk-cafe-barriers-ny.jpg,Design showcase image from Sidewalk Barriers
Outdoor Signs > Sidewalk Barriers > Designs > restaurant sidewalk barriers nyc,Design,restaurant sidewalk barriers nyc,https://signsny.com/wp-content/uploads/2026/05/restaurant-sidewalk-barriers-nyc.jpg,Design showcase image from Sidewalk Barriers
Outdoor Signs > Sidewalk Barriers > Designs > restaurant sidewalk barriers ny,Design,restaurant sidewalk barriers ny,https://signsny.com/wp-content/uploads/2026/05/restaurant-sidewalk-barriers-ny.jpg,Design showcase image from Sidewalk Barriers
Outdoor Signs > Sidewalk Barriers > Designs > custom sidewalk cafe barriers ny,Design,custom sidewalk cafe barriers ny,https://signsny.com/wp-content/uploads/2026/06/custom-sidewalk-cafe-barriers-ny.jpg,Design showcase image from Sidewalk Barriers
Outdoor Signs > Sidewalk Barriers > Designs > sidewalk cafe barriers nyc,Design,sidewalk cafe barriers nyc,https://signsny.com/wp-content/uploads/2026/06/sidewalk-cafe-barriers-nyc.jpg,Design showcase image from Sidewalk Barriers
Outdoor Signs > Sidewalk Barriers > Designs > custom restaurant fencing nyc,Design,custom restaurant fencing nyc,https://signsny.com/wp-content/uploads/2026/06/custom-restaurant-fencing-nyc.jpg,Design showcase image from Sidewalk Barriers
Outdoor Signs > Sidewalk Barriers > Designs > restaurant fencing nyc,Design,restaurant fencing nyc,https://signsny.com/wp-content/uploads/2026/06/restaurant-fencing-nyc.jpg,Design showcase image from Sidewalk Barriers
Outdoor Signs > Solaray Sequin Signs > Types > Billboard Sequin Signs,Type,Billboard Sequin Signs,https://signsny.com/wp-content/uploads/2024/12/Bonnaroo-sequin-signs.jpg,Interactive Glam for Bold Brands
Outdoor Signs > Solaray Sequin Signs > Types > Storefront Sequin Signs,Type,Storefront Sequin Signs,https://signsny.com/wp-content/uploads/2024/12/Bonnaroo-sequin-signs.jpg,Interactive Glam for Bold Brands
Outdoor Signs > Solaray Sequin Signs > Types > Indoor Sequin Wall Signs,Type,Indoor Sequin Wall Signs,https://signsny.com/wp-content/uploads/2024/12/Bonnaroo-sequin-signs.jpg,Interactive Glam for Bold Brands
Outdoor Signs > Solaray Sequin Signs > Types > Backdrops Sequin Signs,Type,Backdrops Sequin Signs,https://signsny.com/wp-content/uploads/2024/12/Bonnaroo-sequin-signs.jpg,Interactive Glam for Bold Brands
Construction Signs > Work in Progress Signs > Types > WIP Sign: Residential,Type,WIP Sign: Residential,https://signsny.com/wp-content/uploads/2025/06/residental-work-in-progress-signs-nyc-1.jpg,A work in progress sign is intended to keep everyone informed of a construction project or roadside repair while it is in process. These are important in high-traffic areas or when ongoing work poses a risk.
Construction Signs > Work in Progress Signs > Types > WIP Sign: Commercial,Type,WIP Sign: Commercial,https://signsny.com/wp-content/uploads/2025/06/commercial-work-in-progress.jpg,A work in progress sign is intended to keep everyone informed of a construction project or roadside repair while it is in process. These are important in high-traffic areas or when ongoing work poses a risk.
Construction Signs > Work in Progress Signs > Types > Work in Progress Demolition,Type,Work in Progress Demolition,https://signsny.com/wp-content/uploads/2025/06/demolition-work-in-progress-1.jpg,"A Demolition sign is used to notify passers-by that a site/building is scheduled for demolition so the people are informed of disturbances such as loud sounds, road closures, disruptions in electrical supply, etc."
Construction Signs > Work in Progress Signs > Types > DOB Informational Panel,Type,DOB Informational Panel,https://signsny.com/wp-content/uploads/2025/06/osha-dob-sign.jpg,"Construction Site Panel signs contain important information that is essential for both business and legal purposes, for instance, details of the contractor and the project name and a visual depiction of the final result."
Construction Signs > Work in Progress Signs > Types > OSHA 30 HR DOB Required Construction Sign,Type,OSHA 30 HR DOB Required Construction Sign,https://signsny.com/wp-content/uploads/2025/06/osha-dob-informational-sign.jpg,The “OSHA 30-Hour DOB Required Construction Sign” is displayed at construction sites to indicate that workers must have completed the OSHA 30-Hour training as mandated by the New York City Department of Buildings (DOB). The sign serves as both a legal requirement and a safety measure.
Construction Signs > Work in Progress Signs > Types > Site Safety Sign - Spanish,Type,Site Safety Sign - Spanish,https://signsny.com/wp-content/uploads/2025/06/sst-spanish.jpg,"Site Safety training signs ensure worker safety before entering a risk zone, such as signs indicating a heavy machinery zone, harmful chemical regions, wearing safety shoes, slippery floor indicators, etc."
Construction Signs > Work in Progress Signs > Types > HCR Project Sign Panel Sign,Type,HCR Project Sign Panel Sign,https://signsny.com/wp-content/uploads/2025/06/hcr.jpg,All projects receiving funding from New York State Homes and Community Renewal shall post a Project Sign at the project construction site(s) complying with the HCR Project Sign Specifications and Templates
Construction Signs > Sidewalk Closed Signs > Types > Sidewalk Closed Sign,Type,Sidewalk Closed Sign,https://signsny.com/wp-content/uploads/2025/06/sidewalk-closed-sign-nyc.jpg,"These signs notify pedestrians of approaching sidewalk or crosswalk closures and advise them to a safe crossing point, they should comply with MUTCD standards."
Construction Signs > Sidewalk Closed Signs > Types > Cross Here sign,Type,Cross Here sign,https://signsny.com/wp-content/uploads/2025/06/cross-here-signs-new-york-city.jpg,"The Cross Here sign is excellent for keeping your construction sites safe, with clear and strong wording, this sign guides pedestrians to a safe path."
Construction Signs > Sidewalk Closed Signs > Types > Pedestrian Crosswalk Signs,Type,Pedestrian Crosswalk Signs,https://signsny.com/wp-content/uploads/2025/06/best-pedestrian-crosswalk-signs-nyc.webp,Available thickness: 1/8″ – 3/16″ – 1/4″ – 3/8″ and thicker Letter height: 1/2″ – 48″ Custom color option available
Construction Signs > Sidewalk Closed Signs > Types > Use Other Side Sign,Type,Use Other Side Sign,https://signsny.com/wp-content/uploads/2025/06/use-other-side-signs-nyc.jpg,These signs are made with retro-reflective diamond grade sheeting to meet MUTCD criteria and guides people to the other side of the street because the sidewalk is closed.
Construction Signs > Sidewalk Closed Signs > Types > Use Walkway Sign,Type,Use Walkway Sign,https://signsny.com/wp-content/uploads/2025/06/use-walkway-signs-nyc.webp,"The official ANSI headers on a Walkway Closed Use Open Walkways Sign ensure safety procedure and compliance, it is useful for protecting personnel’s safety."
Construction Signs > Road Closed Signs > Types > Mutch Reflective Signs,Type,Mutch Reflective Signs,https://signsny.com/wp-content/uploads/2025/06/road-under-construction-bike-lane-signs-nyc.jpg,"Reflective signage is easily seen at night. MUTCH reflective signs are perhaps some of the most visible, with bright material that shines with only minimal lighting."
Construction Signs > Road Closed Signs > Types > Utility Worker Signs,Type,Utility Worker Signs,https://signsny.com/wp-content/uploads/2025/06/utility-workers-ahead-closed-signs.jpg,Warning drivers that workers are nearby and that they’re working on potentially critical infrastructure is important. Signs NYC can help you create these signs.
Construction Signs > Road Closed Signs > Types > Road Closed Signs with Dates,Type,Road Closed Signs with Dates,https://signsny.com/wp-content/uploads/2025/06/road-closed-information-signs.jpg,Often it’s important to help motorists prepare for their commutes. Road closed signs with dates tell those passing by when to expect the roads will be closed and open.
Construction Signs > Road Closed Signs > Types > Use Walkway Signs,Type,Use Walkway Signs,https://signsny.com/wp-content/uploads/2025/06/road-informational-safety-signs.jpg,Letting others know when to use a walkway – or when a walkway is closed – is critical for keeping unprotected bikers and pedestrians safe.
Construction Signs > Road Closed Signs > Types > Lane Closed Signs and Merge Signs,Type,Lane Closed Signs and Merge Signs,https://signsny.com/wp-content/uploads/2025/06/lane-closed-arrow-road-signs.jpg,"For the safety of both construction workers and motorists, having clear and detailed lane closed signs and merge signs helps keep drivers away from work areas."
Building Signs > Boiler Room Signs > Types > Boiler Room Door Sign,Type,Boiler Room Door Sign,https://signsny.com/wp-content/uploads/2025/06/boiler-room-sign.jpg,Mark the Boiler Room door with a bold and vibrant sign that is highly visible and is a simple and effective way to alert people about safety.
Building Signs > Boiler Room Signs > Types > Oil Tank Capacity Sign,Type,Oil Tank Capacity Sign,https://signsny.com/wp-content/uploads/2025/06/boiler-room-oil-tank-capacity-sign.jpg,Oil Tank capacity signs are critical to display the required information about the capacity of the tank so that the workers are well aware of it.
Building Signs > Boiler Room Signs > Types > Boiler Manufacturer Sign,Type,Boiler Manufacturer Sign,https://signsny.com/wp-content/uploads/2025/06/boiler-manufacturer-sign.jpg,The boiler manufacturer signs are usually used to display the name of the boiler manufacturer and the type and model of the boiler.
Building Signs > Boiler Room Signs > Types > Keys To Boiler Room,Type,Keys To Boiler Room,https://signsny.com/wp-content/uploads/2025/06/remote-control-for-oil-burner-sign.jpg,"A sign that displays the information about the person with the boiler room key is required at two locations, one near the door, and one near the boiler room."
Building Signs > Boiler Room Signs > Types > Shut-Off Switch,Type,Shut-Off Switch,https://signsny.com/wp-content/uploads/2025/06/main-electrical-shut-off-sign.jpg,The shut-off switch sign is very necessary in a high-risk zone so in case of emergency the people could easily locate the shut-off switch.
Building Signs > Boiler Room Signs > Types > Keep Authorized Personnel Sign,Type,Keep Authorized Personnel Sign,https://signsny.com/wp-content/uploads/2025/06/Boiler-Room-Door-Sign.jpg,Use this sign to keep unauthorized visitors out of the area as they are visible and extremely effective for complying with state laws.
Building Signs > Fire Safety Signs > Types > Fire Extinguisher,Type,Fire Extinguisher,https://signsny.com/wp-content/uploads/2025/06/fire-extinguisher-signs-new-york.jpg,These often feature a directional arrow for even easier navigation.
Building Signs > Fire Safety Signs > Types > Sprinkler System,Type,Sprinkler System,https://signsny.com/wp-content/uploads/2025/06/building-sprinkler-system-fire-safety-signs.jpg,"Most buildings are also required to have a sprinkler system to curb fires more quickly. These signs can let people know if that system is automatic, have an automatic shut off, if there is no sprinkler system, and more."
Building Signs > Fire Safety Signs > Types > Emergency Exits,Type,Emergency Exits,https://signsny.com/wp-content/uploads/2025/06/emergency-exit-fire-safety-signs.jpg,"Posted on the doors of emergency exits, these signs keep people from exiting unless it’s an emergency like a fire and/or inform them of an alarm that will go off if it’s opened."
Building Signs > Fire Safety Signs > Types > Fire Hose/Fire Pump Room,Type,Fire Hose/Fire Pump Room,https://signsny.com/wp-content/uploads/2025/06/fire-pump-room-safety-signs.jpg,"These let emergency personnel know where a fire hose is to begin addressing the fire and where the sprinkler system’s water supply is, respectively."
Building Signs > Fire Safety Signs > Types > Fire Door,Type,Fire Door,https://signsny.com/wp-content/uploads/2025/06/fire-door-closed-safety-signs.jpg,"Certain doors between building floors are usually kept closed when not being moved through, to prevent the rapid spread of fire. This sign keeps people from propping it open."
Building Signs > Fire Safety Signs > Types > Smoke Detector,Type,Smoke Detector,https://signsny.com/wp-content/uploads/2025/06/smoke-detector-safety-signs-new-york.jpg,This sign assures room occupants that smoke detectors are installed and in good working order in designated locations.
Building Signs > Safety Signs > Types > No Trespassing Signs,Type,No Trespassing Signs,https://signsny.com/wp-content/uploads/2025/06/no-trespassing-construction-site-warning-signs.jpg,"The site safety rules imply putting up these signs as a useful tool for protecting personnel’s health and safety, it warns about an unauthorized entry in an area."
Building Signs > Safety Signs > Types > Hard Hat area sign,Type,Hard Hat area sign,https://signsny.com/wp-content/uploads/2025/06/hard-hat-area-caution-safety-signs-new-york.jpg,"A Hard Hat area sign is a useful tool for protecting workers’ health and safety, it is an OSHA compliance sign that must be present on a job site."
Building Signs > Safety Signs > Types > No Smoking Signs (For Flammable Materials),Type,No Smoking Signs (For Flammable Materials),https://signsny.com/wp-content/uploads/2025/06/no-smoking-construction-safety-signs.jpg,"The words on a Prohibition sign for no-smoking signs are useful in addressing property policy and safety concerns, especially near flammable materials."
Building Signs > Safety Signs > Types > Caution Signs,Type,Caution Signs,https://signsny.com/wp-content/uploads/2025/06/osha-safety-signs-new-york-city.jpg,"For presenting the most effective messages at your facility, use a customized caution sign for warnings regarding dangerous places to keep your staff safe."
Event Signs > Kiosk Signs > Types > Illuminated Signs,Type,Illuminated Signs,https://signsny.com/wp-content/uploads/2025/06/illuminated-kiosk-signs-nyc-scaled.jpg,Backlit panels that shine in low-light conditions.
Event Signs > Kiosk Signs > Types > Wayfinding Kiosk Signs,Type,Wayfinding Kiosk Signs,https://signsny.com/wp-content/uploads/2025/06/wayfinding-kiosk-sign-nyc.jpg,"Help visitors navigate malls, events, and campuses."
Event Signs > Kiosk Signs > Types > Promotional Kiosk Signs,Type,Promotional Kiosk Signs,https://signsny.com/wp-content/uploads/2025/06/Promotional-Kiosk-Signs.jpg,Showcase products or services with vibrant graphics.
Event Signs > Kiosk Signs > Types > Self-Service Kiosk Signs,Type,Self-Service Kiosk Signs,https://signsny.com/wp-content/uploads/2025/06/self-service-kiosk-signs-nyc-scaled.jpg,Showcase products or services with vibrant graphics.
Event Signs > Podium Signs > Types > Acrylic Podium Signs,Type,Acrylic Podium Signs,https://signsny.com/wp-content/uploads/2024/12/acrylic-podium-sign-nyc.jpg,"Durable and elegant, acrylic signs provide a modern and sleek look, perfect for corporate and formal events."
Event Signs > Podium Signs > Types > Wooden Podium Signs,Type,Wooden Podium Signs,https://signsny.com/wp-content/uploads/2024/12/wooden-podium-sign-nyc.jpg,"Add a classic touch with wooden podium signs, ideal for traditional or rustic-themed events."
Event Signs > Podium Signs > Types > Metal Podium Signs,Type,Metal Podium Signs,https://signsny.com/wp-content/uploads/2024/12/metal-podium-sign-nyc.jpg,"Durable and weather-resistant, metal podium signs offer a sophisticated and professional finish."
Event Signs > Podium Signs > Types > Vinyl Decal Signs,Type,Vinyl Decal Signs,https://signsny.com/wp-content/uploads/2024/12/vinyl-decal-podium-signs-nyc.jpg,"Affordable and versatile, vinyl decals can be easily applied and removed, offering flexibility for various events."
Event Signs > Standee and Cutouts > Types > Life-Sized Cutouts,Type,Life-Sized Cutouts,https://signsny.com/wp-content/uploads/2025/06/cut-out-standee.jpg,"Full-scale replicas of people, mascots, or products."
Event Signs > Standee and Cutouts > Types > Pop-Up Standees,Type,Pop-Up Standees,https://signsny.com/wp-content/uploads/2025/06/pop-up-standee-1.jpg,Foldable displays for easy transport and setup.
Event Signs > Standee and Cutouts > Types > Thematic Cutouts,Type,Thematic Cutouts,https://signsny.com/wp-content/uploads/2025/06/thematic-cutout.jpg,Designed to match seasonal or event-specific themes.
Large Format Printing > Backdrops > Types > Photography Backdrop,Type,Photography Backdrop,https://signsny.com/wp-content/uploads/2023/01/what-size-photo-backdrop-should-i-choose.jpg,"Photography backdrops can be a solid blank color, including white black backdrops, to block out a background. They can also be images that create an imaginary background. Photographers use them to take pictures of models in their studios."
Large Format Printing > Backdrops > Types > Step and Repeat Backdrops,Type,Step and Repeat Backdrops,https://signsny.com/wp-content/uploads/2025/06/best-event-backdrops-scaled.jpg,"Step and Repeat can be placed at gathering points for guests to share photos of the event. Logos can be printed in an offset platform for a branded background, or entire graphic designs can be used as decoration for more visually stunning photos."
Large Format Printing > Banner Stands > Types > How Banner Stands Enhance Events:,Type,How Banner Stands Enhance Events:,https://signsny.com/wp-content/uploads/2025/06/custom-banner-display-stands-ny.jpg,"Banner stands are portable, freestanding displays designed to showcase promotional graphics, branding, or event messaging in a sleek and professional manner. Available in various styles like retractable banner stands, pop-up stands, and standee banners, they are a versatile marketing tool for any business or event."
Large Format Printing > Banner Stands > Types > What Do We Offer?,Type,What Do We Offer?,https://signsny.com/wp-content/uploads/2025/06/google-banner-stands-scaled.jpg,"At Signs NYC, we pride ourselves on merging traditional, old-school sign-making craftsmanship with today’s innovation. Your imagination is our blueprint, and from design to hand delivery, we’ve got it all covered."
Large Format Printing > Banner Stands > Types > Vinyl,Type,Vinyl,https://signsny.com/wp-content/uploads/elementor/thumbs/vinyl-material-rix5glnb1tjkqksz0ix6l676we4e9q7ced43yi4trm.jpg,"One of the most popular materials, vinyl is durable and provides vibrant, sharp graphics. It's ideal for both indoor and outdoor locations."
Large Format Printing > Banner Stands > Types > Fabric,Type,Fabric,https://signsny.com/wp-content/uploads/elementor/thumbs/fabric-material-rix5ge4lj59a5p3w8fo6183i5b5gk5dhpbw84afz5e.jpg,Fabric banners offer a softer look and are generally used for indoor displays. They are washable and less likely to crease or wrinkle compared to vinyl.
Large Format Printing > Banner Stands > Types > Polyester,Type,Polyester,https://signsny.com/wp-content/uploads/elementor/thumbs/polyester-material-rix5ghvyahefg4yfmhaob75ciumxexsf1ui61eaegi.jpg,Polyester materials are durable and can be used indoors and outdoors. They offer excellent print quality and are often used for roll-up or retractable banner stands.
Large Format Printing > Banner Stands > Types > Mesh,Type,Mesh,https://signsny.com/wp-content/uploads/elementor/thumbs/mesh-material-rix5gg09wtbusx15xghf67mfc2w6zjkydl772ud6sy.jpg,"Mesh materials are commonly used for outdoor events where wind could be a factor. The material allows air to flow through, reducing the wind resistance."
Large Format Printing > Banner Stands > Types > Economy Banner Stands,Type,Economy Banner Stands,https://signsny.com/wp-content/uploads/elementor/thumbs/standard-rix5gjrobcvw5fx3s9bdw7m39keyuv9nghhmdpxsa8.jpg,
Large Format Printing > Banner Stands > Types > Premium Banner Stands,Type,Premium Banner Stands,https://signsny.com/wp-content/uploads/2025/06/premium.jpg,
Large Format Printing > Banner Stands > Types > Retractable Banner Stands,Type,Retractable Banner Stands,https://signsny.com/wp-content/uploads/2025/06/deluxe.jpg,
Large Format Printing > Banner Stands > Types > Premium Single Sided Banner Stand,Type,Premium Single Sided Banner Stand,https://signsny.com/wp-content/uploads/2025/06/google-developers-banner-stands.jpg,
Large Format Printing > Banner Stands > Types > Double Sided,Type,Double Sided,https://signsny.com/wp-content/uploads/2025/06/medical-banner-stands.jpg,
Large Format Printing > Banner Stands > Types > Key Benefits,Type,Key Benefits,https://signsny.com/wp-content/uploads/2025/06/Outdoor-Banner-Stand.jpg,"Looking to maximize impact in a smaller space? Say hello to our Tabletop Banner Stands—your compact solution with a big personality! These pint-sized powerhouses are perfect for events, meetings, or retail spaces where every inch counts but you still want to make a splash."
Large Format Printing > Billboard Printing > Designs > outdoor billboard printing nyc,Design,outdoor billboard printing nyc,https://signsny.com/wp-content/uploads/2026/04/outdoor-billboard-printing-nyc.jpg,Design showcase image from Billboard Printing
Large Format Printing > Billboard Printing > Designs > Scaffolding Billboard nyc,Design,Scaffolding Billboard nyc,https://signsny.com/wp-content/uploads/2026/04/Scaffolding-Billboard-nyc.jpg,Design showcase image from Billboard Printing
Large Format Printing > Billboard Printing > Designs > Retail Exterior billboard printing nyc,Design,Retail Exterior billboard printing nyc,https://signsny.com/wp-content/uploads/2026/04/Retail-Exterior-billboard-printing-nyc.jpg,Design showcase image from Billboard Printing
Large Format Printing > Billboard Printing > Designs > oversized billboard nyc,Design,oversized billboard nyc,https://signsny.com/wp-content/uploads/2026/04/oversized-billboard-nyc.jpg,Design showcase image from Billboard Printing
Large Format Printing > Billboard Printing > Designs > Junior PosterJunior Poster billboard billboard,Design,Junior PosterJunior Poster billboard billboard,https://signsny.com/wp-content/uploads/2026/04/Junior-Poster-billboard.jpg,Design showcase image from Billboard Printing
Large Format Printing > Billboard Printing > Designs > Highway billboard printing nyc,Design,Highway billboard printing nyc,https://signsny.com/wp-content/uploads/2026/04/Highway-billboard-printing-nyc.jpg,Design showcase image from Billboard Printing
Large Format Printing > Billboard Printing > Designs > billboard wide graphics nyc,Design,billboard wide graphics nyc,https://signsny.com/wp-content/uploads/2026/04/billboard-wide-graphics-nyc.jpg,Design showcase image from Billboard Printing
Large Format Printing > Billboard Printing > Designs > 30-Sheet Poster Billboard,Design,30-Sheet Poster Billboard,https://signsny.com/wp-content/uploads/2026/04/30-Sheet-Poster-Billboard.jpg,Design showcase image from Billboard Printing
Large Format Printing > Canvas Printing > Types > Gallery-Wrapped Canvas Prints,Type,Gallery-Wrapped Canvas Prints,https://signsny.com/wp-content/uploads/2025/06/gallery-wrapped-canvas-prints.jpg,"Canvas stretched over a wooden frame for a sleek, frameless look."
Large Format Printing > Canvas Printing > Types > Framed Canvas Prints,Type,Framed Canvas Prints,https://signsny.com/wp-content/uploads/2025/06/Framed-Canvas-Prints.jpg,Adds a classic touch with custom wood or metal frames.
Large Format Printing > Canvas Printing > Types > Split Canvas Print,Type,Split Canvas Print,https://signsny.com/wp-content/uploads/2025/06/Split-Canvas-Print.jpg,Breaks a single image into multiple panels for a modern display.
Large Format Printing > Canvas Printing > Types > Panoramic Canvas Prints,Type,Panoramic Canvas Prints,https://signsny.com/wp-content/uploads/2025/06/Panoramic-Canvas-Prints.jpg,Panoramas are extremely creative canvas prints that are typically mounted and displayed over your sofa in the living room.
Large Format Printing > Pole Banners and Flags > Types > Vertical Pole Banners,Type,Vertical Pole Banners,https://signsny.com/wp-content/uploads/2025/06/vertical-pole-banner-nyc.jpg,"Rectangular banners that hang from poles for striking, vertical visibility."
Large Format Printing > Pole Banners and Flags > Types > Feather Flags,Type,Feather Flags,https://signsny.com/wp-content/uploads/2025/06/feather-flags-in-new-york-city.jpg,"Tall, sleek flags that sway with the wind, perfect for attention-grabbing designs."
Large Format Printing > Pole Banners and Flags > Types > Blade Flags,Type,Blade Flags,https://signsny.com/wp-content/uploads/2025/06/blade-flags-signs-in-ny.jpg,"Narrow flags with a streamlined shape, ideal for tight spaces or focused visibility."
Large Format Printing > Pole Banners and Flags > Types > Banner Flags,Type,Banner Flags,https://signsny.com/wp-content/uploads/2025/06/banner-flags-signs-in-nyc.jpg,"Horizontal flags for outdoor events, festivals, and street-level promotion."
Rigid Signs > Coroplast Signs > Designs > retail office space coroplast sign,Design,retail office space coroplast sign,https://signsny.com/wp-content/uploads/2024/12/retail-office-space-coroplast-sign.jpg,Design showcase image from Coroplast Signs
Rigid Signs > Coroplast Signs > Designs > Lab arhchitects coroplast sign,Design,Lab arhchitects coroplast sign,https://signsny.com/wp-content/uploads/2024/12/Lab-arhchitects-coroplast-sign.jpg,Design showcase image from Coroplast Signs
Rigid Signs > Coroplast Signs > Designs > corbel coroplast sign,Design,corbel coroplast sign,https://signsny.com/wp-content/uploads/2024/12/corbel-coroplast-sign.jpg,Design showcase image from Coroplast Signs
Rigid Signs > Coroplast Signs > Designs > broadway coroplast sign,Design,broadway coroplast sign,https://signsny.com/wp-content/uploads/2024/12/broadway-coroplast-sign.jpg,Design showcase image from Coroplast Signs
Rigid Signs > Coroplast Signs > Designs > best custom coroplast sign in nyc,Design,best custom coroplast sign in nyc,https://signsny.com/wp-content/uploads/2024/12/best-custom-coroplast-sign-in-nyc.jpg,Design showcase image from Coroplast Signs
Rigid Signs > Coroplast Signs > Designs > aims coroplast sign,Design,aims coroplast sign,https://signsny.com/wp-content/uploads/2024/12/aims-coroplast-sign.jpg,Design showcase image from Coroplast Signs
Rigid Signs > Coroplast Signs > Designs > ridge contracting coroplast sign,Design,ridge contracting coroplast sign,https://signsny.com/wp-content/uploads/2024/12/ridge-contracting-coroplast-sign.jpg,Design showcase image from Coroplast Signs
Rigid Signs > Coroplast Signs > Designs > custom red coroplast sign,Design,custom red coroplast sign,https://signsny.com/wp-content/uploads/2024/12/custom-red-coroplast-sign.jpg,Design showcase image from Coroplast Signs
Rigid Signs > Dibond Signs > Designs > best custom dibond aluminum signs nyc,Design,best custom dibond aluminum signs nyc,https://signsny.com/wp-content/uploads/2024/12/best-custom-dibond-aluminum-signs-nyc.jpg,Design showcase image from Dibond Signs
Rigid Signs > Dibond Signs > Designs > best custom dibond signs nyc,Design,best custom dibond signs nyc,https://signsny.com/wp-content/uploads/2024/12/best-custom-dibond-signs-nyc-1.jpg,Design showcase image from Dibond Signs
Rigid Signs > Dibond Signs > Designs > custom dibond aluminum signs ny,Design,custom dibond aluminum signs ny,https://signsny.com/wp-content/uploads/2024/12/custom-dibond-aluminum-signs-ny.jpg,Design showcase image from Dibond Signs
Rigid Signs > Dibond Signs > Designs > custom dibond aluminum signs nyc,Design,custom dibond aluminum signs nyc,https://signsny.com/wp-content/uploads/2024/12/custom-dibond-aluminum-signs-nyc.jpg,Design showcase image from Dibond Signs
Rigid Signs > Dibond Signs > Designs > custom dibond signs nyc,Design,custom dibond signs nyc,https://signsny.com/wp-content/uploads/2026/06/custom-dibond-signs-nyc.jpg,Design showcase image from Dibond Signs
Rigid Signs > Dibond Signs > Designs > custom dibond signage nyc,Design,custom dibond signage nyc,https://signsny.com/wp-content/uploads/2026/06/custom-dibond-signage-nyc.jpg,Design showcase image from Dibond Signs
Rigid Signs > Dibond Signs > Designs > dibond signage ny,Design,dibond signage ny,https://signsny.com/wp-content/uploads/2026/06/dibond-signage-ny.jpg,Design showcase image from Dibond Signs
Rigid Signs > Dibond Signs > Designs > dibond signage nyc,Design,dibond signage nyc,https://signsny.com/wp-content/uploads/2026/06/dibond-signage-nyc.jpg,Design showcase image from Dibond Signs
Rigid Signs > Foam Board Signs > Designs > poster board printing services ny,Design,poster board printing services ny,https://signsny.com/wp-content/uploads/2025/10/poster-board-printing-services-ny.jpg,Design showcase image from Foam Board Signs
Rigid Signs > Foam Board Signs > Designs > custom foamboard printing ny,Design,custom foamboard printing ny,https://signsny.com/wp-content/uploads/2025/10/custom-foamboard-printing-ny.jpg,Design showcase image from Foam Board Signs
Rigid Signs > Foam Board Signs > Designs > custom foamboards near me,Design,custom foamboards near me,https://signsny.com/wp-content/uploads/2025/10/custom-foamboards-near-me.jpg,Design showcase image from Foam Board Signs
Rigid Signs > Foam Board Signs > Designs > custom gaterboard signage ny,Design,custom gaterboard signage ny,https://signsny.com/wp-content/uploads/2025/10/custom-gaterboard-signage-ny.jpg,Design showcase image from Foam Board Signs
Rigid Signs > Foam Board Signs > Designs > foam board printing next day delivery,Design,foam board printing next day delivery,https://signsny.com/wp-content/uploads/2025/10/foam-board-printing-next-day-delivery.jpg,Design showcase image from Foam Board Signs
Rigid Signs > Foam Board Signs > Designs > foamboard sign printing in nyc,Design,foamboard sign printing in nyc,https://signsny.com/wp-content/uploads/2025/10/foamboard-sign-printing-in-nyc.jpeg,Design showcase image from Foam Board Signs
Rigid Signs > Foam Board Signs > Designs > custom foamboard signs nyc,Design,custom foamboard signs nyc,https://signsny.com/wp-content/uploads/2025/10/custom-foamboard-signs-nyc.jpg,Design showcase image from Foam Board Signs
Rigid Signs > Foam Board Signs > Designs > custom foamex signage ny,Design,custom foamex signage ny,https://signsny.com/wp-content/uploads/2025/10/custom-foamex-signage-ny.jpg,Design showcase image from Foam Board Signs
Rigid Signs > Foam Board Signs > Designs > custom gaterboard printing nyc,Design,custom gaterboard printing nyc,https://signsny.com/wp-content/uploads/2025/10/custom-gaterboard-printing-nyc.jpg,Design showcase image from Foam Board Signs
Rigid Signs > PVC Signs > Designs > custom pvc signs ny,Design,custom pvc signs ny,https://signsny.com/wp-content/uploads/2025/10/custom-pvc-signs-ny-1.jpg,Design showcase image from PVC Signs
Rigid Signs > PVC Signs > Designs > creamy blended pvc signs,Design,creamy blended pvc signs,https://signsny.com/wp-content/uploads/2024/12/creamy-blended-pvc-signs.jpg,Design showcase image from PVC Signs
Rigid Signs > PVC Signs > Designs > pvc signs,Design,pvc signs,https://signsny.com/wp-content/uploads/2024/12/pvc-signs.png,Design showcase image from PVC Signs
Rigid Signs > PVC Signs > Designs > pvc signs new york,Design,pvc signs new york,https://signsny.com/wp-content/uploads/2024/12/pvc-signs-new-york.jpg,Design showcase image from PVC Signs
Rigid Signs > PVC Signs > Designs > pvc signs new york city,Design,pvc signs new york city,https://signsny.com/wp-content/uploads/2024/12/pvc-signs-new-york-city.jpg,Design showcase image from PVC Signs
Rigid Signs > PVC Signs > Designs > white pvc signs,Design,white pvc signs,https://signsny.com/wp-content/uploads/2024/12/white-pvc-signs.jpg,Design showcase image from PVC Signs
Rigid Signs > PVC Signs > Designs > eco friendly pvc signs nyc,Design,eco friendly pvc signs nyc,https://signsny.com/wp-content/uploads/2024/12/eco-friendly-pvc-signs-nyc.jpg,Design showcase image from PVC Signs
Rigid Signs > PVC Signs > Designs > custom dibond signage nyc,Design,custom dibond signage nyc,https://signsny.com/wp-content/uploads/2026/06/custom-dibond-signage-nyc.jpg,Design showcase image from PVC Signs
Rigid Signs > Yard Signs > Designs > for sale yard sign nyc,Design,for sale yard sign nyc,https://signsny.com/wp-content/uploads/2024/12/for-sale-yard-sign-nyc.jpg,Design showcase image from Yard Signs
Rigid Signs > Yard Signs > Designs > for rent yard sign nyc,Design,for rent yard sign nyc,https://signsny.com/wp-content/uploads/2024/12/for-rent-yard-sign-nyc.jpg,Design showcase image from Yard Signs
Rigid Signs > Yard Signs > Designs > custom yard signs nyc,Design,custom yard signs nyc,https://signsny.com/wp-content/uploads/2024/12/custom-yard-signs-nyc.jpg,Design showcase image from Yard Signs
Rigid Signs > Yard Signs > Designs > best custom yard signs,Design,best custom yard signs,https://signsny.com/wp-content/uploads/2024/12/best-custom-yard-signs.jpg,Design showcase image from Yard Signs
Rigid Signs > Yard Signs > Designs > additional parking yard signs nyc,Design,additional parking yard signs nyc,https://signsny.com/wp-content/uploads/2024/12/additional-parking-yard-signs-nyc.jpg,Design showcase image from Yard Signs
Rigid Signs > Yard Signs > Designs > custom alumacore yard signs,Design,custom alumacore yard signs,https://signsny.com/wp-content/uploads/2024/12/custom-alumacore-yard-signs.jpg,Design showcase image from Yard Signs
Rigid Signs > Yard Signs > Designs > corrugated plastic yard signs,Design,corrugated plastic yard signs,https://signsny.com/wp-content/uploads/2024/12/corrugated-plastic-yard-signs.jpg,Design showcase image from Yard Signs
Rigid Signs > Yard Signs > Designs > aluminum yard signs new york,Design,aluminum yard signs new york,https://signsny.com/wp-content/uploads/2024/12/aluminum-yard-signs-new-york.jpg,Design showcase image from Yard Signs
Vehicle Wraps > Bus Wrapping > Designs > best custom bus wrapping nyc,Design,best custom bus wrapping nyc,https://signsny.com/wp-content/uploads/2025/10/best-custom-bus-wrapping-nyc.jpg,Design showcase image from Bus Wrapping
Vehicle Wraps > Bus Wrapping > Designs > custom bus wrapping in ny,Design,custom bus wrapping in ny,https://signsny.com/wp-content/uploads/2025/10/custom-bus-wrapping-in-ny.jpg,Design showcase image from Bus Wrapping
Vehicle Wraps > Bus Wrapping > Designs > Design 03,Design,Design 03,https://signsny.com/wp-content/uploads/2025/10/custom-bus-wrapping-in-nyc.jpg,Design showcase image from Bus Wrapping
Vehicle Wraps > Bus Wrapping > Designs > bus wrapping,Design,bus wrapping,https://signsny.com/wp-content/uploads/2024/12/bus-wrapping.jpg,Design showcase image from Bus Wrapping
Vehicle Wraps > Bus Wrapping > Designs > tour bus wrap nyc,Design,tour bus wrap nyc,https://signsny.com/wp-content/uploads/2025/04/tour-bus-wrap-nyc.jpg,Design showcase image from Bus Wrapping
Vehicle Wraps > Bus Wrapping > Designs > best custom bus wrapping in nyc,Design,best custom bus wrapping in nyc,https://signsny.com/wp-content/uploads/2025/10/best-custom-bus-wrapping-in-nyc.jpg,Design showcase image from Bus Wrapping
Vehicle Wraps > Car Wrapping > Designs > vinyl graphics car wraps,Design,vinyl graphics car wraps,https://signsny.com/wp-content/uploads/2024/12/Vinyl-Graphics-car-wraps.jpg.webp,Design showcase image from Car Wrapping
Vehicle Wraps > Car Wrapping > Designs > color changing car wraps,Design,color changing car wraps,https://signsny.com/wp-content/uploads/2024/12/Color-Changing-Car-Wraps.jpg.webp,Design showcase image from Car Wrapping
Vehicle Wraps > Car Wrapping > Designs > full car wraps nyc,Design,full car wraps nyc,https://signsny.com/wp-content/uploads/2024/12/full-car-wraps-nyc.jpg.webp,Design showcase image from Car Wrapping
Vehicle Wraps > Car Wrapping > Designs > custom car wrapping signs nyc usa,Design,custom car wrapping signs nyc usa,https://signsny.com/wp-content/uploads/2024/12/custom-car-warpping-signs-nyc-usa.jpg.webp,Design showcase image from Car Wrapping
Vehicle Wraps > Car Wrapping > Designs > green and black car wraps,Design,green and black car wraps,https://signsny.com/wp-content/uploads/2024/12/green-and-black-car-wraps.jpg.webp,Design showcase image from Car Wrapping
Vehicle Wraps > Car Wrapping > Designs > car wrapping service for range rover,Design,car wrapping service for range rover,https://signsny.com/wp-content/uploads/2024/12/car-wrapping-service-for-range-rover.jpg.webp,Design showcase image from Car Wrapping
Vehicle Wraps > Food Truck Wrapping > Types > Full Wraps,Type,Full Wraps,https://signsny.com/wp-content/uploads/2025/10/custom-food-truck-wraps-nyc.jpg,
Vehicle Wraps > Food Truck Wrapping > Types > Partial Wraps,Type,Partial Wraps,https://signsny.com/wp-content/uploads/2025/10/custom-food-truck-wraps-ny.jpg,
Vehicle Wraps > Food Truck Wrapping > Types > Spot Graphics,Type,Spot Graphics,https://signsny.com/wp-content/uploads/2025/10/vinyl-lettering-nyc.jpg,
Vehicle Wraps > Food Truck Wrapping > Designs > custom food truck wrapping,Design,custom food truck wrapping,https://signsny.com/wp-content/uploads/2025/10/custom-food-truck-wrapping.jpg,Design showcase image from Food Truck Wrapping
Vehicle Wraps > Food Truck Wrapping > Designs > custom food truck wrapping nyc,Design,custom food truck wrapping nyc,https://signsny.com/wp-content/uploads/2025/10/custom-food-truck-wrapping-nyc.jpg,Design showcase image from Food Truck Wrapping
Vehicle Wraps > Food Truck Wrapping > Designs > best custom food truck wraps,Design,best custom food truck wraps,https://signsny.com/wp-content/uploads/2025/10/best-custom-food-truck-wraps-1.jpg,Design showcase image from Food Truck Wrapping
Vehicle Wraps > Food Truck Wrapping > Designs > best custom food truck wrapping in ny,Design,best custom food truck wrapping in ny,https://signsny.com/wp-content/uploads/2025/10/best-custom-food-truck-wrapping-in-ny.jpg,Design showcase image from Food Truck Wrapping
Vehicle Wraps > Food Truck Wrapping > Designs > best custom food truck wraps ny,Design,best custom food truck wraps ny,https://signsny.com/wp-content/uploads/2025/10/best-custom-food-truck-wraps-ny.jpg,Design showcase image from Food Truck Wrapping
Vehicle Wraps > Food Truck Wrapping > Designs > best custom food truck wrapping,Design,best custom food truck wrapping,https://signsny.com/wp-content/uploads/2025/10/best-custom-food-truck-wrapping.jpg,Design showcase image from Food Truck Wrapping
Vehicle Wraps > Magnetic Signs > Designs > best custom business magnetic signage nyc,Design,best custom business magnetic signage nyc,https://signsny.com/wp-content/uploads/2025/06/best-custom-business-magnetic-signage-nyc.jpg,Design showcase image from Magnetic Signs
Vehicle Wraps > Magnetic Signs > Designs > custom magnetic signs,Design,custom magnetic signs,https://signsny.com/wp-content/uploads/2025/06/custom-magnetic-signs.jpg,Design showcase image from Magnetic Signs
Vehicle Wraps > Magnetic Signs > Designs > custom magnetic signs nyc,Design,custom magnetic signs nyc,https://signsny.com/wp-content/uploads/2026/01/custom-magnetic-signs-nyc.jpg,Design showcase image from Magnetic Signs
Vehicle Wraps > Magnetic Signs > Designs > best custom magnetic signs,Design,best custom magnetic signs,https://signsny.com/wp-content/uploads/2025/06/best-custom-magnetic-signs.jpg,Design showcase image from Magnetic Signs
Vehicle Wraps > Magnetic Signs > Designs > best custom magnetic signage nyc,Design,best custom magnetic signage nyc,https://signsny.com/wp-content/uploads/2026/01/best-custom-magnetic-signage-nyc.jpg,Design showcase image from Magnetic Signs
Vehicle Wraps > Magnetic Signs > Designs > best custom magnetic signs ny,Design,best custom magnetic signs ny,https://signsny.com/wp-content/uploads/2026/01/best-custom-magnetic-signs-ny.jpg,Design showcase image from Magnetic Signs
Vehicle Wraps > Trailer Wrapping > Designs > custom trailer wraps ny,Design,custom trailer wraps ny,https://signsny.com/wp-content/uploads/2025/10/custom-trailer-wraps-ny.jpg,Design showcase image from Trailer Wrapping
Vehicle Wraps > Trailer Wrapping > Designs > greg slack roofing trailer wrap,Design,greg slack roofing trailer wrap,https://signsny.com/wp-content/uploads/2025/07/greg-slack-roofing-trailer-wrap.jpg,Design showcase image from Trailer Wrapping
Vehicle Wraps > Trailer Wrapping > Designs > partial trailer wrap,Design,partial trailer wrap,https://signsny.com/wp-content/uploads/2024/12/partial-trailer-wrap.jpg,Design showcase image from Trailer Wrapping
Vehicle Wraps > Trailer Wrapping > Designs > custom trailer wraps nyc,Design,custom trailer wraps nyc,https://signsny.com/wp-content/uploads/2025/10/custom-trailer-wraps-nyc.jpg,Design showcase image from Trailer Wrapping
Vehicle Wraps > Trailer Wrapping > Designs > premium trailer wraps nyc,Design,premium trailer wraps nyc,https://signsny.com/wp-content/uploads/2024/12/premium-trailer-wraps-nyc.jpg,Design showcase image from Trailer Wrapping
Vehicle Wraps > Trailer Wrapping > Designs > best custom trailer wraps,Design,best custom trailer wraps,https://signsny.com/wp-content/uploads/2024/12/best-custom-trailer-wraps.jpg,Design showcase image from Trailer Wrapping
Vehicle Wraps > Truck Wrapping > Designs > custom partial truck wrap nyc,Design,custom partial truck wrap nyc,https://signsny.com/wp-content/uploads/2024/12/custom-partial-truck-wrap-nyc.jpg,Design showcase image from Truck Wrapping
Vehicle Wraps > Truck Wrapping > Designs > custom full truck wrap nyc,Design,custom full truck wrap nyc,https://signsny.com/wp-content/uploads/2024/12/custom-full-truck-wrap-nyc.jpg,Design showcase image from Truck Wrapping
Vehicle Wraps > Truck Wrapping > Designs > best custom truck wraps ny,Design,best custom truck wraps ny,https://signsny.com/wp-content/uploads/2025/10/best-custom-truck-wraps-ny-1.jpg,Design showcase image from Truck Wrapping
Vehicle Wraps > Truck Wrapping > Designs > blue box truck wrap with sparkling ice bottles,Design,blue box truck wrap with sparkling ice bottles,https://signsny.com/wp-content/uploads/2024/12/blue-box-truck-wrap-with-sparkling-ice-bottles.jpg,Design showcase image from Truck Wrapping
Vehicle Wraps > Truck Wrapping > Designs > box truck wrap with nestlé product images designed & installed in nyc,Design,box truck wrap with nestlé product images designed & installed in nyc,https://signsny.com/wp-content/uploads/2024/12/box-truck-wrap-with-nestle-product-images-designed-installed-in-nyc.jpg,Design showcase image from Truck Wrapping
Vehicle Wraps > Truck Wrapping > Designs > box truck wrap,Design,box truck wrap,https://signsny.com/wp-content/uploads/2024/12/box-truck-wrap-1.jpg,Design showcase image from Truck Wrapping
Vehicle Wraps > Truck Wrapping > Designs > custom truck wrapping nyc,Design,custom truck wrapping nyc,https://signsny.com/wp-content/uploads/2025/10/custom-truck-wrapping-nyc.jpg,Design showcase image from Truck Wrapping
Vehicle Wraps > Truck Wrapping > Designs > food industry truck wraps nyc,Design,food industry truck wraps nyc,https://signsny.com/wp-content/uploads/2024/12/food-industry-truck-wraps-nyc-1.jpg,Design showcase image from Truck Wrapping
Vehicle Wraps > Van Wrapping > Designs > best custom van wraps in nyc,Design,best custom van wraps in nyc,https://signsny.com/wp-content/uploads/2025/10/best-custom-van-wraps-in-nyc.jpg,Design showcase image from Van Wrapping
Vehicle Wraps > Van Wrapping > Designs > van wrap for elderplan,Design,van wrap for elderplan,https://signsny.com/wp-content/uploads/2025/04/van-wrap-for-elderplan.jpg,Design showcase image from Van Wrapping
Vehicle Wraps > Van Wrapping > Designs > van wrap for moretran truck parts provider,Design,van wrap for moretran truck parts provider,https://signsny.com/wp-content/uploads/2024/12/van-wrap-for-moretran-truck-parts-provider.jpg,Design showcase image from Van Wrapping
Vehicle Wraps > Van Wrapping > Designs > custom van wraps for advertising in nyc,Design,custom van wraps for advertising in nyc,https://signsny.com/wp-content/uploads/2025/10/custom-van-wraps-for-advertising-in-nyc.jpg,Design showcase image from Van Wrapping
Vehicle Wraps > Van Wrapping > Designs > biggby Van Vehicle Wrap,Design,biggby Van Vehicle Wrap,https://signsny.com/wp-content/uploads/2024/12/biggby-Van-Vehicle-Wrap.jpg,Design showcase image from Van Wrapping
Vehicle Wraps > Van Wrapping > Designs > custom van wrap nyc,Design,custom van wrap nyc,https://signsny.com/wp-content/uploads/2024/12/custom-van-wrap-nyc.jpg,Design showcase image from Van Wrapping
Vehicle Wraps > Van Wrapping > Designs > best custom van wraps in ny,Design,best custom van wraps in ny,https://signsny.com/wp-content/uploads/2025/10/best-custom-van-wraps-in-ny.jpg,Design showcase image from Van Wrapping
Vehicle Wraps > Van Wrapping > Designs > roasting van wrap,Design,roasting van wrap,https://signsny.com/wp-content/uploads/2024/12/roasting-van-wrap.jpg,Design showcase image from Van Wrapping
Vehicle Wraps > Van Wrapping > Designs > best custom van wraps ny,Design,best custom van wraps ny,https://signsny.com/wp-content/uploads/2025/10/best-custom-van-wraps-ny.jpg,Design showcase image from Van Wrapping
Vehicle Wraps > Truck Lettering > Designs > best custom truck lettering ny,Design,best custom truck lettering ny,https://signsny.com/wp-content/uploads/2025/10/best-custom-truck-lettering-ny.jpg,Design showcase image from Truck Lettering
Vehicle Wraps > Truck Lettering > Designs > custom truck lettering ny,Design,custom truck lettering ny,https://signsny.com/wp-content/uploads/2025/10/custom-truck-lettering-ny.jpg,Design showcase image from Truck Lettering
Vehicle Wraps > Truck Lettering > Designs > best & premium truck lettering nyc,Design,best & premium truck lettering nyc,https://signsny.com/wp-content/uploads/2025/10/best-premium-truck-lettering-nyc.jpg,Design showcase image from Truck Lettering
Vehicle Wraps > Truck Lettering > Designs > best & premium truck lettering ny,Design,best & premium truck lettering ny,https://signsny.com/wp-content/uploads/2025/10/best-premium-truck-lettering-ny.jpg,Design showcase image from Truck Lettering
Vehicle Wraps > Truck Lettering > Designs > custom truck lettering nyc,Design,custom truck lettering nyc,https://signsny.com/wp-content/uploads/2025/10/custom-truck-lettering-nyc.jpg,Design showcase image from Truck Lettering
Vehicle Wraps > Truck Lettering > Designs > premium truck lettering nyc,Design,premium truck lettering nyc,https://signsny.com/wp-content/uploads/2025/10/premium-truck-lettering-nyc.jpg,Design showcase image from Truck Lettering
Vinyl Graphics > Bottle Labels > Types > Vinyl Bottle Labels,Type,Vinyl Bottle Labels,https://signsny.com/wp-content/uploads/2024/12/custom-bottle-signs-scaled.jpg,Stick Your Brand on Every Bottle
Vinyl Graphics > Bottle Labels > Types > Paper Bottle Labels,Type,Paper Bottle Labels,https://signsny.com/wp-content/uploads/2024/12/custom-bottle-signs-scaled.jpg,Stick Your Brand on Every Bottle
Vinyl Graphics > Bottle Labels > Types > Waterproof Labels,Type,Waterproof Labels,https://signsny.com/wp-content/uploads/2024/12/custom-bottle-signs-scaled.jpg,Stick Your Brand on Every Bottle
Vinyl Graphics > Bottle Labels > Types > Die-Cut Bottle Labels,Type,Die-Cut Bottle Labels,https://signsny.com/wp-content/uploads/2024/12/custom-bottle-signs-scaled.jpg,Stick Your Brand on Every Bottle
Vinyl Graphics > Custom Decals > Types > Vinyl Lettering,Type,Vinyl Lettering,https://signsny.com/wp-content/uploads/2025/05/gold-leaf-vinyl-lettering.jpg,Business Names · Hours · Phone · Taglines
Vinyl Graphics > Custom Decals > Types > Printed Full-Color Decals,Type,Printed Full-Color Decals,https://signsny.com/wp-content/uploads/2026/04/printed-full-color-decals.jpg,Logos · Photos · Complex Artwork
Vinyl Graphics > Custom Decals > Types > Clear Vinyl Decals,Type,Clear Vinyl Decals,https://signsny.com/wp-content/uploads/2026/04/clear-vinyl-decal-nyc.jpg,Logos · Hours · Subtle Branding
Vinyl Graphics > Custom Decals > Types > Reflective Decals,Type,Reflective Decals,https://signsny.com/wp-content/uploads/2025/05/reflective-decals-nyc.jpg,Night Visibility · Safety · Vehicles
Vinyl Graphics > Custom Decals > Types > Safety & Compliance Decals,Type,Safety & Compliance Decals,https://signsny.com/wp-content/uploads/2026/04/safety-and-compliance-decals.jpg,Equipment · OSHA · Regulatory · Property
Vinyl Graphics > Custom Decals > Types > Informational & Utility Decals,Type,Informational & Utility Decals,https://signsny.com/wp-content/uploads/2026/04/Informational-Utility-Decals.jpg,QR Codes · Asset Tags · Identification
Vinyl Graphics > Custom Decals > Designs > window decals for offices nyc,Design,window decals for offices nyc,https://signsny.com/wp-content/uploads/2026/04/window-decals-for-offices-nyc.jpg,Design showcase image from Custom Decals
Vinyl Graphics > Custom Decals > Designs > custom window graphics nyc,Design,custom window graphics nyc,https://signsny.com/wp-content/uploads/2026/04/custom-window-graphics-nyc.jpg,Design showcase image from Custom Decals
Vinyl Graphics > Custom Decals > Designs > custom window decals for cafe in nyc,Design,custom window decals for cafe in nyc,https://signsny.com/wp-content/uploads/2026/04/custom-window-decals-for-cafe-in-nyc.jpg,Design showcase image from Custom Decals
Vinyl Graphics > Custom Decals > Designs > custom vinyl graphics nyc,Design,custom vinyl graphics nyc,https://signsny.com/wp-content/uploads/2026/04/custom-vinyl-graphics-nyc.jpg,Design showcase image from Custom Decals
Vinyl Graphics > Custom Decals > Designs > custom decals for business,Design,custom decals for business,https://signsny.com/wp-content/uploads/2026/04/custom-decals-for-business.jpg,Design showcase image from Custom Decals
Vinyl Graphics > Custom Decals > Designs > paventa group custom frosted decal nyc,Design,paventa group custom frosted decal nyc,https://signsny.com/wp-content/uploads/2026/03/paventa-group-custom-frosted-decal-nyc.jpg,Design showcase image from Custom Decals
Vinyl Graphics > Custom Wall Graphics > Types > Full Wall Wraps,Type,Full Wall Wraps,https://signsny.com/wp-content/uploads/2025/08/premium-wall-wrap-scaled.jpg,"Edge-to-edge, floor-to-ceiling vinyl coverage. The entire wall becomes a single branded image, photo mural, or designed environment. Multi-panel installation with seamless double-cut seams."
Vinyl Graphics > Custom Wall Graphics > Types > Partial Wall Wraps,Type,Partial Wall Wraps,https://signsny.com/wp-content/uploads/2026/04/partial-wall-wraps-in-nyc.jpg,"Covers a defined section — a horizontal band, a lower half, or a specific zone. Often combined with painted areas above or below. Clean, intentional framing that integrates with the architecture."
Vinyl Graphics > Custom Wall Graphics > Types > Accent Wall Wraps,Type,Accent Wall Wraps,https://signsny.com/wp-content/uploads/2026/04/accent-wall-wraps-nyc.jpg,"A single wall treated as a visual focal point — the “Instagram wall” effect. One surface stands out dramatically while surrounding walls stay simple. Because wall wraps are removable, accent walls can be swapped seasonally for promotions, campaigns, or menu changes without repainting."
Vinyl Graphics > Custom Wall Graphics > Types > Photo Mural Wraps,Type,Photo Mural Wraps,https://signsny.com/wp-content/uploads/2026/04/photo-mural-wraps-nyc.jpg,"A high-resolution photograph or illustration printed at wall scale. Cityscapes, landscapes, product photography, team photos, or custom artwork reproduced at 1200 dpi with lamination for longevity."
Vinyl Graphics > Custom Wall Graphics > Types > Branded Environments,Type,Branded Environments,https://signsny.com/wp-content/uploads/2026/04/custom-branded-wall-wraps-nyc.jpg,"Multiple walls, corridors, and surfaces wrapped as a coordinated branding package. Mission statements, brand values, timelines, product showcases, and visual identity elements integrated across an entire space. For multi-location businesses, identical wraps are produced from the same design file — pixel-perfect consistency across every site."
Vinyl Graphics > Custom Wall Graphics > Types > Textured & Architectural Wraps,Type,Textured & Architectural Wraps,https://signsny.com/wp-content/uploads/2026/04/Textured-wall-wraps-in-nyc.jpg,"Printed on textured vinyl films that simulate canvas, stucco, linen, or woven fabric — adding tactile dimension to the visual. The graphic has physical texture you can feel, not just a flat printed surface."
Vinyl Graphics > Custom Wall Graphics > Designs > school corridor wall wrap nyc,Design,school corridor wall wrap nyc,https://signsny.com/wp-content/uploads/2026/03/school-corridor-wall-wrap.jpg,Design showcase image from Custom Wall Graphics
Vinyl Graphics > Custom Wall Graphics > Designs > accent wall wraps nyc,Design,accent wall wraps nyc,https://signsny.com/wp-content/uploads/2026/04/accent-wall-wraps-nyc.jpg,Design showcase image from Custom Wall Graphics
Vinyl Graphics > Custom Wall Graphics > Designs > best and premium wall wrap ny,Design,best and premium wall wrap ny,https://signsny.com/wp-content/uploads/2025/08/best-and-premium-wall-wrap-ny.jpg,Design showcase image from Custom Wall Graphics
Vinyl Graphics > Custom Wall Graphics > Designs > best custom wall wrap,Design,best custom wall wrap,https://signsny.com/wp-content/uploads/2025/08/best-custom-wall-wrap.jpg,Design showcase image from Custom Wall Graphics
Vinyl Graphics > Custom Wall Graphics > Designs > custom wall wraps,Design,custom wall wraps,https://signsny.com/wp-content/uploads/2025/08/custom-wall-wraps.jpeg,Design showcase image from Custom Wall Graphics
Vinyl Graphics > Custom Wall Graphics > Designs > custom wall wrap,Design,custom wall wrap,https://signsny.com/wp-content/uploads/2025/08/custom-wall-wrap.jpg,Design showcase image from Custom Wall Graphics
Vinyl Graphics > Custom Wall Graphics > Designs > custom printed wall wraps nyc,Design,custom printed wall wraps nyc,https://signsny.com/wp-content/uploads/2025/08/custom-printed-wall-wraps-nyc.jpg,Design showcase image from Custom Wall Graphics
Vinyl Graphics > Custom Wall Graphics > Designs > custom wall wrap ny,Design,custom wall wrap ny,https://signsny.com/wp-content/uploads/2025/08/custom-wall-wrap-ny.jpg,Design showcase image from Custom Wall Graphics
Vinyl Graphics > Elevator Wraps > Types > Custom Branded Door Wraps,Type,Custom Branded Door Wraps,https://signsny.com/wp-content/uploads/2024/12/best-custom-elevator-wraps-new-york.jpg,
Vinyl Graphics > Elevator Wraps > Types > Architectural Finishes,Type,Architectural Finishes,https://signsny.com/wp-content/uploads/2024/12/best-elevator-wraps-ny.jpg,
Vinyl Graphics > Elevator Wraps > Types > Short-Term Campaign Wraps,Type,Short-Term Campaign Wraps,https://signsny.com/wp-content/uploads/2024/12/premium-custom-elevator-wrap-nyc.jpg,
Vinyl Graphics > Elevator Wraps > Designs > premium custom elevator wrap nyc,Design,premium custom elevator wrap nyc,https://signsny.com/wp-content/uploads/2024/12/premium-custom-elevator-wrap-nyc.jpg,Design showcase image from Elevator Wraps
Vinyl Graphics > Elevator Wraps > Designs > custom elevator wraps ny,Design,custom elevator wraps ny,https://signsny.com/wp-content/uploads/2024/12/custom-elevator-wraps-ny.jpg,Design showcase image from Elevator Wraps
Vinyl Graphics > Elevator Wraps > Designs > best elevator wraps ny,Design,best elevator wraps ny,https://signsny.com/wp-content/uploads/2024/12/best-elevator-wraps-ny.jpg,Design showcase image from Elevator Wraps
Vinyl Graphics > Elevator Wraps > Designs > nestwork collective office elevator wrap in new york,Design,nestwork collective office elevator wrap in new york,https://signsny.com/wp-content/uploads/2024/12/nestwork-collective-office-elevator-wrap-in-new-york.jpg,Design showcase image from Elevator Wraps
Vinyl Graphics > Elevator Wraps > Designs > healspire wellness elevator wrap in new york,Design,healspire wellness elevator wrap in new york,https://signsny.com/wp-content/uploads/2024/12/healspire-wellness-elevator-wrap-in-new-york.jpg,Design showcase image from Elevator Wraps
Vinyl Graphics > Elevator Wraps > Designs > elevator wrap made for puleforge fitness gym,Design,elevator wrap made for puleforge fitness gym,https://signsny.com/wp-content/uploads/2024/12/elevator-wrap-made-for-puleforge-fitness-gym.jpg,Design showcase image from Elevator Wraps
Vinyl Graphics > Elevator Wraps > Designs > orange design elevator wrap in new york city,Design,orange design elevator wrap in new york city,https://signsny.com/wp-content/uploads/2024/12/orange-design-elevator-wrap-in-new-york-city.jpg,Design showcase image from Elevator Wraps
Vinyl Graphics > Elevator Wraps > Designs > elevator wrap made for luxora hotel in new york,Design,elevator wrap made for luxora hotel in new york,https://signsny.com/wp-content/uploads/2024/12/elevator-wrap-made-for-luxora-hotel-in-new-york.jpg,Design showcase image from Elevator Wraps
Vinyl Graphics > Floor Graphics > Designs > floor decal nyc the school of mathematics science,Design,floor decal nyc the school of mathematics science,https://signsny.com/wp-content/uploads/2024/12/floor-decal-nyc-the-school-of-mathematics-science.jpg,Design showcase image from Floor Graphics
Vinyl Graphics > Floor Graphics > Designs > floor graphic for harbor fitness company,Design,floor graphic for harbor fitness company,https://signsny.com/wp-content/uploads/2025/05/floor-graphic-for-harbor-fitness-company.jpg,Design showcase image from Floor Graphics
Vinyl Graphics > Floor Graphics > Designs > geometric wedding dance floor wraps nyc,Design,geometric wedding dance floor wraps nyc,https://signsny.com/wp-content/uploads/2026/04/geometric-wedding-dance-floor-wraps-nyc.jpg,Design showcase image from Floor Graphics
Vinyl Graphics > Floor Graphics > Designs > custom floor graphics,Design,custom floor graphics,https://signsny.com/wp-content/uploads/2024/12/custom-floor-graphics.jpg,Design showcase image from Floor Graphics
Vinyl Graphics > Floor Graphics > Designs > h letter custom floor graphics,Design,h letter custom floor graphics,https://signsny.com/wp-content/uploads/2024/12/h-letter-custom-floor-graphics.jpg,Design showcase image from Floor Graphics
Vinyl Graphics > Floor Graphics > Designs > harley davidson floor decals nyc,Design,harley davidson floor decals nyc,https://signsny.com/wp-content/uploads/2024/12/harley-davidson-floor-decals-nyc.jpg,Design showcase image from Floor Graphics
Vinyl Graphics > Floor Graphics > Designs > blue floor graphics,Design,blue floor graphics,https://signsny.com/wp-content/uploads/2024/12/blue-floor-graphics.jpg,Design showcase image from Floor Graphics
Vinyl Graphics > Floor Graphics > Designs > arrow floor graphics,Design,arrow floor graphics,https://signsny.com/wp-content/uploads/2024/12/arrow-floor-graphics.jpg,Design showcase image from Floor Graphics
Vinyl Graphics > Glitter Decals > Types > Solid Color Glitter Decals,Type,Solid Color Glitter Decals,https://signsny.com/wp-content/uploads/2025/05/solid-color-glitter-decals-scaled.jpg,Single-color glitter designs for a sleek and consistent look.
Vinyl Graphics > Glitter Decals > Types > Multi-Color Glitter Decals,Type,Multi-Color Glitter Decals,https://signsny.com/wp-content/uploads/2025/05/multi-color-custom-glitter-decals-scaled.jpg,Vibrant designs with a mix of glitter colors for a dazzling effect.
Vinyl Graphics > Glitter Decals > Types > Transparent Glitter Decals,Type,Transparent Glitter Decals,https://signsny.com/wp-content/uploads/2025/05/transparent-glitter-decals-scaled.jpg,"Subtle glitter effects with a clear background, perfect for overlays."
Vinyl Graphics > Glitter Decals > Types > Textured Glitter Decals,Type,Textured Glitter Decals,https://signsny.com/wp-content/uploads/2025/05/textured-glitter-decals-scaled.jpg,Bold designs with a noticeable glitter texture.
Vinyl Graphics > Holographic Decals > Types > Rainbow Holographic Decals,Type,Rainbow Holographic Decals,https://signsny.com/wp-content/uploads/2025/05/Rainbow-Holographic-Decals.jpg,"Vibrant, multi-colored designs that shift hues based on lighting."
Vinyl Graphics > Holographic Decals > Types > Die-Cut Holographic Decals,Type,Die-Cut Holographic Decals,https://signsny.com/wp-content/uploads/2025/05/Die-Cut-Holographic-Decals.jpg,Custom shapes tailored to your logo or specific design.
Vinyl Graphics > Holographic Decals > Types > Static Cling Holographic Decals,Type,Static Cling Holographic Decals,https://signsny.com/wp-content/uploads/2025/05/Static-Cling-Holographic-Decals.jpg,Non-adhesive options for temporary displays.
Vinyl Graphics > Holographic Decals > Types > Patterned Holographic Decals,Type,Patterned Holographic Decals,https://signsny.com/wp-content/uploads/2025/05/Patterned-Holographic-Decals.jpg,"Unique designs with textures like stripes, circles, or stars."
Vinyl Graphics > Wall Decals > Designs > custom wall decals,Design,custom wall decals,https://signsny.com/wp-content/uploads/2025/11/custom-wall-decals.jpg,Design showcase image from Wall Decals
Vinyl Graphics > Wall Decals > Designs > Mission & Values Walls,Design,Mission & Values Walls,https://signsny.com/wp-content/uploads/2026/04/Mission-Values-Walls-1.jpg,Design showcase image from Wall Decals
Vinyl Graphics > Wall Decals > Designs > best custom wall graphics ny,Design,best custom wall graphics ny,https://signsny.com/wp-content/uploads/2025/11/best-custom-wall-graphics-ny.jpg,Design showcase image from Wall Decals
Vinyl Graphics > Wall Decals > Designs > vinyl wall decal nyc,Design,vinyl wall decal nyc,https://signsny.com/wp-content/uploads/2026/04/vinyl-wall-decal-nyc.jpg,Design showcase image from Wall Decals
Vinyl Graphics > Wall Decals > Designs > vinyl wall graphics ny,Design,vinyl wall graphics ny,https://signsny.com/wp-content/uploads/2026/04/vinyl-wall-graphics-ny.jpg,Design showcase image from Wall Decals
Vinyl Graphics > Wall Decals > Designs > wall graphics for offices,Design,wall graphics for offices,https://signsny.com/wp-content/uploads/2026/04/wall-graphics-for-offices.jpg,Design showcase image from Wall Decals
Vinyl Graphics > Wall Decals > Designs > premium custom wall decals,Design,premium custom wall decals,https://signsny.com/wp-content/uploads/2025/11/premium-custom-wall-decals.jpg,Design showcase image from Wall Decals
Vinyl Graphics > Wall Decals > Designs > premium custom wall decals nyc,Design,premium custom wall decals nyc,https://signsny.com/wp-content/uploads/2025/11/premium-custom-wall-decals-nyc.jpg,Design showcase image from Wall Decals
Vinyl Graphics > Wall Decals > Designs > premium custom wall decals ny,Design,premium custom wall decals ny,https://signsny.com/wp-content/uploads/2025/11/premium-custom-wall-decals-ny.jpg,Design showcase image from Wall Decals
Vinyl Graphics > Wall Decals > Designs > custom wall decals nyc,Design,custom wall decals nyc,https://signsny.com/wp-content/uploads/2025/11/custom-wall-decals-nyc.jpg,Design showcase image from Wall Decals
Vinyl Graphics > Wall Decals > Designs > custom wall decals ny,Design,custom wall decals ny,https://signsny.com/wp-content/uploads/2025/11/custom-wall-decals-ny.jpg,Design showcase image from Wall Decals
Vinyl Graphics > Wall Decals > Designs > best custom wall decals,Design,best custom wall decals,https://signsny.com/wp-content/uploads/2025/11/best-custom-wall-decals.jpg,Design showcase image from Wall Decals
Vinyl Graphics > Window Wraps > Types > Opaque Window Wraps,Type,Opaque Window Wraps,https://signsny.com/wp-content/uploads/2026/04/opaque-window-wraps-for-clinics-in-nyc.jpg,"Solid vinyl covering the entire glass surface. Full-color graphics, complete light blockage. The window becomes a printed billboard. Used for retail campaigns, vacancy coverings, privacy, and maximum visual impact."
Vinyl Graphics > Window Wraps > Types > Perforated Window Wraps,Type,Perforated Window Wraps,https://signsny.com/wp-content/uploads/2025/06/daycare-perforated-window-wrap-with-cartoon-animals-and-playful-design.jpg,"Vinyl with tiny perforations that display graphics outside while allowing see-through visibility from inside. Available in 50/50, 60/40, and 70/30 ratios. The signature window wrap product for storefronts."
Vinyl Graphics > Window Wraps > Types > Partial Window Wraps,Type,Partial Window Wraps,https://signsny.com/wp-content/uploads/2026/04/partial-window-graphics-for-learning-centers.jpg,"Covering a zone of the glass — a horizontal band, the lower half, or a defined section — while the rest stays clear. Balances advertising with an open, visible storefront. Opaque or perforated by zone."
Vinyl Graphics > Window Wraps > Types > Coming Soon Wraps,Type,Coming Soon Wraps,https://signsny.com/wp-content/uploads/2026/04/construction-window-wraps-in-nyc.jpg,Full-coverage window graphics for active construction and renovation sites. NYC DOB requires windows covered during construction — we turn that requirement into branded “coming soon” graphics and developer marketing.
Vinyl Graphics > Window Wraps > Designs > premium perforated window wraps,Design,premium perforated window wraps,https://signsny.com/wp-content/uploads/2025/07/premium-perforated-window-wraps.jpg,Design showcase image from Window Wraps
Vinyl Graphics > Window Wraps > Designs > opaque window wraps for clinics in nyc,Design,opaque window wraps for clinics in nyc,https://signsny.com/wp-content/uploads/2026/04/opaque-window-wraps-for-clinics-in-nyc.jpg,Design showcase image from Window Wraps
Vinyl Graphics > Window Wraps > Designs > pet window wrap,Design,pet window wrap,https://signsny.com/wp-content/uploads/2024/12/pet-window-wrap.jpg,Design showcase image from Window Wraps
Vinyl Graphics > Window Wraps > Designs > studio plates window wrap,Design,studio plates window wrap,https://signsny.com/wp-content/uploads/2024/12/studio-plates-window-wrap.jpg,Design showcase image from Window Wraps
Vinyl Graphics > Window Wraps > Designs > custom window wrap near me ny,Design,custom window wrap near me ny,https://signsny.com/wp-content/uploads/2024/12/custom-window-wrap-near-me-ny.jpg,Design showcase image from Window Wraps
Vinyl Graphics > Window Wraps > Designs > window wraps for restaurants,Design,window wraps for restaurants,https://signsny.com/wp-content/uploads/2026/04/window-wraps-for-restaurants.jpg,Design showcase image from Window Wraps
Vinyl Graphics > Window Wraps > Designs > window wraps for office glass,Design,window wraps for office glass,https://signsny.com/wp-content/uploads/2026/04/window-wraps-for-office-glass.jpg,Design showcase image from Window Wraps
Vinyl Graphics > Window Wraps > Designs > custom window wraps in nyc,Design,custom window wraps in nyc,https://signsny.com/wp-content/uploads/2026/04/custom-window-wraps-in-nyc.jpg,Design showcase image from Window Wraps
Vinyl Graphics > Perforated Window Wraps > Designs > perforated mesh window wrap,Design,perforated mesh window wrap,https://signsny.com/wp-content/uploads/2024/12/perforated-mesh-window-wrap.webp,Design showcase image from Perforated Window Wraps
Vinyl Graphics > Perforated Window Wraps > Designs > fashion boutique perforated window wrap with floral designs and mannequins,Design,fashion boutique perforated window wrap with floral designs and mannequins,https://signsny.com/wp-content/uploads/2025/06/fashion-boutique-perforated-window-wrap-with-floral-designs-and-mannequins.jpg,Design showcase image from Perforated Window Wraps
Vinyl Graphics > Perforated Window Wraps > Designs > fitness club perforated window wrap with athlete silhouettes and bold colors,Design,fitness club perforated window wrap with athlete silhouettes and bold colors,https://signsny.com/wp-content/uploads/2025/06/fitness-club-perforated-window-wrap-with-athlete-silhouettes-and-bold-colors.jpg,Design showcase image from Perforated Window Wraps
Vinyl Graphics > Perforated Window Wraps > Designs > kids’ sports center perforated window wrap with cartoon mascots,Design,kids’ sports center perforated window wrap with cartoon mascots,https://signsny.com/wp-content/uploads/2025/06/kids-sports-center-perforated-window-wrap-with-cartoon-mascots.jpg,Design showcase image from Perforated Window Wraps
Vinyl Graphics > Perforated Window Wraps > Designs > real estate perforated window wrap with homes and urban skyline,Design,real estate perforated window wrap with homes and urban skyline,https://signsny.com/wp-content/uploads/2025/06/real-estate-perforated-window-wrap-with-homes-and-urban-skyline.jpg,Design showcase image from Perforated Window Wraps
Vinyl Graphics > Perforated Window Wraps > Designs > rehab clinic perforated window wrap with movement and anatomy visuals,Design,rehab clinic perforated window wrap with movement and anatomy visuals,https://signsny.com/wp-content/uploads/2025/06/rehab-clinic-perforated-window-wrap-with-movement-and-anatomy-visuals.jpg,Design showcase image from Perforated Window Wraps
Vinyl Graphics > Perforated Window Wraps > Designs > pet spa perforated window wrap with cute pet illustrations and pastels,Design,pet spa perforated window wrap with cute pet illustrations and pastels,https://signsny.com/wp-content/uploads/2025/06/pet-spa-perforated-window-wrap-with-cute-pet-illustrations-and-pastels.jpg,Design showcase image from Perforated Window Wraps
Vinyl Graphics > Perforated Window Wraps > Designs > tech company perforated window wrap with digital patterns and blue tones,Design,tech company perforated window wrap with digital patterns and blue tones,https://signsny.com/wp-content/uploads/2025/06/tech-company-perforated-window-wrap-with-digital-patterns-and-blue-tones.jpg,Design showcase image from Perforated Window Wraps